Nmi,41023660658,NETWORK,ENERGYAP
Stream ID,"Meter 213294978,213294978,213294978,213294978",B1,B1,KWH,Solar
LOCAL TIME,AEST
Date/Time,0:00,0:05,0:10,0:15,0:20,0:25,0:30,0:35,0:40,0:45,0:50,0:55,1:00,1:05,1:10,1:15,1:20,1:25,1:30,1:35,1:40,1:45,1:50,1:55,2:00,2:05,2:10,2:15,2:20,2:25,2:30,2:35,2:40,2:45,2:50,2:55,3:00,3:05,3:10,3:15,3:20,3:25,3:30,3:35,3:40,3:45,3:50,3:55,4:00,4:05,4:10,4:15,4:20,4:25,4:30,4:35,4:40,4:45,4:50,4:55,5:00,5:05,5:10,5:15,5:20,5:25,5:30,5:35,5:40,5:45,5:50,5:55,6:00,6:05,6:10,6:15,6:20,6:25,6:30,6:35,6:40,6:45,6:50,6:55,7:00,7:05,7:10,7:15,7:20,7:25,7:30,7:35,7:40,7:45,7:50,7:55,8:00,8:05,8:10,8:15,8:20,8:25,8:30,8:35,8:40,8:45,8:50,8:55,9:00,9:05,9:10,9:15,9:20,9:25,9:30,9:35,9:40,9:45,9:50,9:55,10:00,10:05,10:10,10:15,10:20,10:25,10:30,10:35,10:40,10:45,10:50,10:55,11:00,11:05,11:10,11:15,11:20,11:25,11:30,11:35,11:40,11:45,11:50,11:55,12:00,12:05,12:10,12:15,12:20,12:25,12:30,12:35,12:40,12:45,12:50,12:55,13:00,13:05,13:10,13:15,13:20,13:25,13:30,13:35,13:40,13:45,13:50,13:55,14:00,14:05,14:10,14:15,14:20,14:25,14:30,14:35,14:40,14:45,14:50,14:55,15:00,15:05,15:10,15:15,15:20,15:25,15:30,15:35,15:40,15:45,15:50,15:55,16:00,16:05,16:10,16:15,16:20,16:25,16:30,16:35,16:40,16:45,16:50,16:55,17:00,17:05,17:10,17:15,17:20,17:25,17:30,17:35,17:40,17:45,17:50,17:55,18:00,18:05,18:10,18:15,18:20,18:25,18:30,18:35,18:40,18:45,18:50,18:55,19:00,19:05,19:10,19:15,19:20,19:25,19:30,19:35,19:40,19:45,19:50,19:55,20:00,20:05,20:10,20:15,20:20,20:25,20:30,20:35,20:40,20:45,20:50,20:55,21:00,21:05,21:10,21:15,21:20,21:25,21:30,21:35,21:40,21:45,21:50,21:55,22:00,22:05,22:10,22:15,22:20,22:25,22:30,22:35,22:40,22:45,22:50,22:55,23:00,23:05,23:10,23:15,23:20,23:25,23:30,23:35,23:40,23:45,23:50,23:55,Quality,Total
20260710,0,0,0,0.001,0,0,0.001,0,0,0.001,0,0,0,0.001,0,0,0.001,0,0,0.001,0,0,0.001,0,0,0.001,0,0,0,0.001,0,0,0,0.001,0,0,0,0.001,0,0,0,0.001,0,0,0,0.001,0,0,0,0.001,0,0,0,0.001,0,0,0,0.001,0,0,0,0.001,0,0,0,0,0.001,0,0,0,0.001,0,0,0,0.001,0,0,0.001,0,0.001,0.001,0.001,0.002,0.001,0.002,0.002,0.001,0.001,0.002,0.001,0.002,0.002,0.002,0.002,0.002,0.002,0.003,0.004,0.002,0.003,0.002,0.004,0.003,0.003,0.003,0.005,0.006,0.006,0.006,0.005,0.003,0.002,0.003,0.005,0.003,0.004,0.003,0.003,0.005,0.004,0.004,0.003,0.003,0.003,0.004,0.002,0.003,0.002,0.004,0.003,0.003,0.002,0.001,0,0,0,0,0,0.001,0,0.002,0.001,0,0.001,0,0,0.006,0,0,0.002,0,0,0,0.001,0.001,0,0,0,0,0,0,0,0.001,0,0,0,0,0.003,0.171,0.202,0.184,0.169,0.14,0.139,0.175,0.127,0.121,0.1,0.08,0.062,0.044,0.035,0.038,0.028,0.02,0.013,0.009,0.006,0.005,0.003,0.004,0.004,0.003,0.002,0.003,0.002,0.003,0.001,0.002,0.001,0.001,0.001,0,0,0.001,0,0,0,0,0,0,0.001,0.001,0.01,0.001,0.01,0.39,0.506,0.538,0.539,0.539,0.54,0.54,0.468,0.526,0.525,0.531,0.541,0.541,0.539,0.539,0.539,0.535,0.536,0.537,0.535,0.536,0.543,0.543,0.543,0.547,0.549,0.55,0.548,0.321,0,0,0,0,0.001,0,0,0,0,0.001,0,0,0,0,0,0,0,0,0,0,0.001,0,0,0,0.001,0,0,0.001,0,0,0.001,0,0,0.001,0,0.001,0,0,0,0.001,0,0,0.001,A,17.290
20260711,0,0,0,0.001,0,0.001,0,0,0,0.001,0,0,0,0.001,0,0,0.001,0,0,0,0.001,0,0.001,0,0,0,0.001,0,0,0.001,0,0,0.001,0,0,0,0.001,0,0,0,0.001,0,0,0,0,0.001,0,0,0,0.001,0,0,0,0,0,0.001,0,0,0,0.001,0,0,0,0,0.001,0,0,0,0,0,0.001,0,0,0,0.001,0,0,0,0,0.001,0,0,0,0,0,0.001,0.001,0.001,0.002,0.002,0.002,0.002,0.002,0.002,0.004,0.004,0.003,0.004,0.004,0.006,0.004,0.002,0.002,0.003,0.003,0.003,0.003,0.002,0.004,0.007,0.008,0.005,0.004,0.003,0.004,0.005,0.003,0.003,0.005,0.004,0.012,0.009,0.008,0.015,0.017,0.017,0.016,0.015,0.014,0.016,0.017,0.005,0.001,0.001,0.029,0.001,0.001,0.001,0,0,0.002,0,0,0.001,0.003,0,0.002,0.001,0.002,0.009,0.001,0,0,0,0,0,0.001,0,0.002,0,0,0,0.001,0,0,0,0,0.001,0.031,0.053,0.109,0.065,0.082,0.051,0.038,0.045,0.043,0.049,0.072,0.07,0.065,0.065,0.059,0.058,0.053,0.041,0.024,0.013,0.01,0.006,0.003,0.002,0.003,0.001,0.002,0.002,0.002,0.001,0.001,0.002,0.001,0.001,0,0.001,0,0,0,0,0.001,0,0,0,0,0.001,0,0.001,0.431,0.538,0.542,0.54,0.527,0.524,0.524,0.523,0.535,0.537,0.54,0.541,0.542,0.541,0.543,0.54,0.542,0.544,0.516,0.486,0.485,0.486,0.49,0.492,0.491,0.49,0.484,0.482,0.481,0.34,0.003,0.002,0.003,0.003,0.002,0.003,0.002,0.003,0.002,0.002,0.002,0.003,0.002,0.003,0.002,0.002,0.002,0,0,0,0,0,0.001,0,0,0.001,0,0,0,0.001,0,0,0.001,0,0,0,0.001,0,0,0.001,0,0,A,16.809
20260712,0.001,0,0,0.001,0,0,0.001,0,0,0.001,0,0,0.001,0,0,0,0.001,0,0.001,0,0,0.001,0,0,0.001,0,0.001,0,0,0,0.001,0,0,0.001,0,0.001,0,0,0,0.001,0,0,0.001,0,0.001,0,0,0.001,0,0,0,0.001,0,0,0.001,0,0,0.001,0,0,0.001,0,0,0.001,0,0,0.001,0,0,0.001,0,0,0,0.001,0,0.001,0,0,0,0.001,0,0.001,0.001,0,0,0.001,0,0.001,0.002,0.002,0.003,0.002,0.002,0.002,0.001,0.002,0.003,0.003,0.003,0.003,0.003,0.003,0.003,0.003,0.003,0.004,0.003,0.003,0.003,0.003,0.002,0.004,0.003,0.004,0.005,0.005,0.006,0.008,0.01,0.008,0.009,0.005,0.004,0.004,0.018,0.02,0.016,0.015,0.016,0.016,0.014,0.016,0.01,0,0,0,0,0.006,0.007,0.008,0.006,0.003,0,0.001,0.001,0,0.015,0.019,0.001,0.077,0.011,0,0,0,0,0.001,0.001,0,0.001,0.001,0,0,0,0,0,0,0,0,0.048,0.059,0.046,0.057,0.056,0.036,0.028,0.039,0.021,0.043,0.065,0.072,0.072,0.07,0.068,0.061,0.054,0.041,0.034,0.032,0.025,0.024,0.019,0.01,0.002,0.002,0.001,0.002,0.002,0.001,0.001,0.001,0.001,0.001,0,0,0.001,0,0,0,0,0,0,0,0,0.001,0,0,0.508,0.543,0.542,0.509,0.515,0.536,0.547,0.547,0.547,0.546,0.545,0.546,0.548,0.55,0.553,0.552,0.538,0.549,0.518,0.49,0.489,0.487,0.488,0.494,0.497,0.495,0.498,0.496,0.492,0.304,0.002,0.002,0.003,0.002,0.001,0.001,0.001,0.002,0.001,0.001,0.002,0.001,0.001,0.002,0.002,0.002,0.001,0,0,0.001,0,0,0,0.001,0,0,0.001,0,0,0.001,0,0.001,0,0,0.001,0,0,0.001,0,0.001,0,0,A,17.067
20260713,0.001,0,0,0,0.001,0,0.001,0,0,0.001,0,0,0,0.001,0,0,0,0,0.001,0,0,0.001,0,0.001,0,0,0.001,0,0,0,0,0,0.001,0,0,0.001,0,0,0,0,0,0.001,0,0,0,0.001,0,0,0.001,0,0,0,0,0,0.001,0,0,0.001,0,0,0,0.001,0,0,0,0,0,0,0.001,0,0,0,0,0,0.001,0,0,0.001,0,0,0,0.001,0,0,0.001,0.002,0.002,0.002,0.002,0.003,0.003,0.004,0.004,0.003,0.003,0.003,0.005,0.006,0.006,0.003,0.003,0.003,0.003,0.004,0.003,0.003,0.003,0.004,0.003,0.006,0.007,0.006,0.006,0.003,0.003,0.004,0.008,0.009,0.007,0.003,0.002,0.002,0.004,0.005,0.005,0.005,0.004,0.003,0.002,0.003,0.004,0.003,0.001,0,0,0,0,0.001,0,0,0.002,0,0,0.002,0,0,0,0.001,0.001,0.014,0,0,0.019,0.008,0,0,0.001,0,0.016,0.003,0,0.001,0,0,0,0,0,0.024,0.092,0.102,0.104,0.087,0.079,0.067,0.083,0.069,0.058,0.058,0.067,0.066,0.061,0.059,0.052,0.041,0.036,0.033,0.023,0.018,0.018,0.017,0.002,0.004,0.002,0.002,0.001,0.002,0.001,0.001,0.001,0.001,0.001,0.001,0,0,0.001,0,0,0,0,0,0,0.001,0,0,0,0,0.45,0.545,0.549,0.55,0.548,0.543,0.543,0.541,0.54,0.54,0.541,0.541,0.545,0.546,0.519,0.535,0.369,0,0.002,0.002,0.001,0.002,0.003,0.002,0.002,0.002,0.003,0.002,0.003,0.002,0.002,0.003,0.002,0.002,0.003,0.002,0.002,0.002,0.002,0.002,0.002,0.001,0.002,0.003,0.002,0.002,0.002,0,0,0,0.001,0,0,0.001,0,0,0.001,0,0,0.001,0,0.001,0,0,0.001,0,0,0,0.001,0,0.001,0,A,10.626
20260714,0,0.001,0,0,0.001,0,0.001,0,0,0.001,0,0,0.001,0,0.001,0,0,0.001,0,0,0.001,0,0.001,0,0,0.001,0,0.001,0,0,0,0.001,0,0,0.001,0,0,0.001,0,0,0,0,0,0.001,0,0,0.001,0,0,0.001,0,0,0.001,0,0,0,0.001,0,0,0.001,0,0,0,0,0,0.001,0,0,0.001,0,0,0,0.001,0,0,0.001,0,0,0,0,0.001,0,0,0.001,0.002,0.002,0.002,0.002,0.002,0.003,0.003,0.004,0.003,0.003,0.003,0.003,0.003,0.004,0.003,0,0,0,0,0,0,0,0,0,0,0,0,0,0,0,0,0,0,0,0,0,0,0,0,0,0,0,0,0,0,0,0,0,0,0,0,0,0,0,0,0,0,0,0,0,0,0,0,0,0,0,0,0,0,0,0,0,0,0,0,0,0,0,0,0,0,0,0,0,0,0,0,0,0,0,0,0,0,0,0,0,0,0,0,0,0,0,0,0,0,0,0,0,0,0,0,0,0,0,0,0,0,0,0,0,0,0,0,0,0,0,0,0,0,0,0,0,0,0,0,0,0,0,0,0,0,0,0,0,0,0,0,0,0,0,0,0,0,0,0,0,0,0,0,0,0,0,0,0,0,0,0,0,0,0,0,0,0,0,0,0,0,0,0,0,0,0,0,0,0,0,0,0,0,0,0,0,0,0,0,0,0,0,0,0,0,0,0,0,A,0.068
20260715,0,0,0,0,0,0,0,0,0,0,0,0,0,0,0,0,0,0,0,0,0,0,0,0,0,0,0,0,0,0,0,0,0,0,0,0,0,0,0,0,0,0,0,0,0,0,0,0,0,0,0,0,0,0,0,0,0,0,0,0,0,0,0,0,0,0,0,0,0,0,0,0,0,0,0,0,0,0,0,0,0,0,0,0,0,0,0,0,0,0,0,0,0,0,0,0.005,0.021,0.015,0.022,0.05,0.054,0.063,0.067,0.077,0.087,0.099,0.109,0.123,0.098,0.107,0.117,0.11,0.005,0,0,0.016,0.075,0.077,0.508,0.706,0.017,0.259,0.823,0.897,0.897,0.901,0.253,0.041,0.037,0.033,0.005,0,0.006,0.002,0,0.015,0.03,0.013,0,0,0.013,0,0,0.003,0,0.027,0.011,0,0,0,0.005,0,0,0,0,0,0,0,0,0,0,0,0.004,0,0.044,0.021,0.116,0.066,0.154,0.152,0.094,0.006,0.137,0.181,0.161,0.163,0.142,0.141,0.154,0.116,0.093,0.057,0.099,0.084,0.098,0.098,0.099,0.098,0.096,0.096,0.098,0.099,0.053,0.05,0.089,0.097,0.099,0.098,0.096,0.095,0.083,0.024,0.049,0.094,0.093,0.086,0.083,0.083,0.085,0.086,0.085,0.083,0.083,0.083,0.08,0.069,0.807,0.809,0.807,0.806,0.809,0.811,0.817,0.703,0.397,0.394,0.355,0.304,0.305,0.308,0.31,0.254,0.303,0.305,0.305,0.279,0.222,0.221,0.224,0.222,0.25,0.443,0.187,0.147,0.132,0.14,0.211,0.52,0.534,0.345,0.272,0.298,0.072,0.083,0.088,0.084,0.084,0.086,0.085,0.049,0.017,0.004,0,0,0.048,0.07,0.051,0,0.004,0.071,0.073,0.069,0.067,0.067,0.067,0.067,0.068,0.067,0.066,0.066,0.067,0.072,0.073,0.073,0.042,0,0,0,A,28.248
20260716,0,0,0,0,0,0,0,0,0,0,0,0,0,0,0,0,0,0,0,0,0,0,0,0,0,0,0,0,0,0,0,0,0,0,0,0,0,0,0,0,0,0,0,0,0,0,0,0,0,0,0,0,0,0,0,0,0,0,0,0,0,0,0,0,0,0,0,0,0,0,0,0,0,0,0,0,0,0,0,0,0,0,0,0.029,0.058,0.076,0.079,0.036,0.012,0.073,0.088,0.079,0.096,0.098,0.1,0.097,0.097,0.098,0.099,0.099,0.099,0.097,0.096,0.094,0.088,0.089,0.087,0.091,0.071,0.063,0.051,0.046,0.042,0.042,0.041,0.04,0.039,0.041,0.038,0.035,0.034,0.031,0.034,0.032,0.031,0.029,0.03,0.033,0.032,0.018,0.015,0.014,0,0,0,0,0,0,0,0,0,0,0,0,0,0,0,0,0,0,0,0,0,0,0,0,0,0,0,0,0,0,0,0,0,0,0,0,0.073,0.072,0.043,0.052,0.04,0.047,0.045,0.04,0.029,0.028,0.013,0.028,0.042,0.047,0.037,0.009,0.104,0.101,0.031,0.012,0.018,0.026,0.028,0.021,0.01,0.066,0.073,0.077,0.079,0.027,0.029,0.031,0.037,0.037,0.038,0.036,0.029,0.017,0.016,0.017,0.019,0.02,0.027,0.03,0.03,0.029,0.027,0.027,0.481,0.496,0.495,0.493,0.488,0.485,0.48,0.476,0.475,0.473,0.473,0.473,0.471,0.467,0.464,0.461,0.455,0.456,0.455,0.453,0.454,0.448,0.444,0.438,0.437,0.427,0.431,0.425,0.404,0.4,0.399,0.385,0.298,0.231,0.213,0.409,0.172,0.089,0.091,0.042,0.035,0.024,0.023,0.024,0.039,0.038,0.031,0.032,0.029,0.033,0.036,0.041,0.039,0.023,0.022,0.021,0.021,0.021,0.021,0.023,0.024,0.023,0.022,0.022,0.022,0.023,0.021,0.022,0.021,0.023,0.022,0.025,A,21.704
20260717,0.023,0.022,0.018,0.017,0.017,0.017,0.019,0.024,0.023,0.024,0.025,0.025,0.024,0.023,0.023,0.022,0.022,0.023,0.024,0.024,0.023,0.024,0.023,0.022,0.021,0.022,0.023,0.024,0.023,0.023,0.023,0.023,0.022,0.022,0.022,0.022,0.022,0.023,0.023,0.022,0.023,0.022,0.023,0.022,0.022,0.022,0.017,0.016,0.016,0.016,0.016,0.022,0.022,0.022,0.021,0.02,0.022,0.028,0.027,0.029,0.027,0.028,0.027,0.025,0.025,0.026,0.027,0.028,0.028,0.028,0.028,0.007,0,0.013,0.023,0.025,0.027,0.021,0.026,0.009,0.007,0.021,0.022,0.025,0.021,0.024,0.028,0.03,0.029,0.03,0.028,0.024,0.018,0.014,0.008,0.008,0.004,0.012,0.025,0.028,0.019,0.021,0.023,0.022,0.039,0.026,0.016,0.008,0,0,0,0,0.015,0.072,0.062,0.072,0.004,0.027,0.053,0.049,0.053,0.058,0.063,0.043,0.039,0.054,0.062,0.066,0.078,0.054,0.061,0.052,0.04,0.02,0.04,0.049,0.017,0,0,0,0,0,0,0,0,0,0,0,0,0,0,0,0,0,0,0,0,0,0,0,0,0,0.003,0.058,0.016,0,0,0.001,0.084,0.105,0.091,0.1,0.061,0.074,0.092,0.093,0.058,0.046,0.023,0.022,0.023,0.059,0.026,0.036,0.036,0.039,0.04,0.039,0.035,0.03,0.003,0.023,0.02,0.021,0.025,0.026,0.029,0.029,0.025,0.024,0.026,0.024,0.023,0.025,0.03,0.025,0.025,0.025,0.024,0.024,0,0.02,0.021,0.02,0.019,0.019,0.525,0.533,0.531,0.524,0.518,0.515,0.51,0.506,0.508,0.511,0.505,0.429,0.423,0.422,0.412,0.409,0.409,0.397,0.387,0.388,0.387,0.395,0.398,0.387,0.381,0.386,0.388,0.39,0.387,0.386,0.379,0.359,0.282,0.228,0.221,0.322,0.018,0.02,0.02,0.02,0.02,0.02,0.018,0.014,0.016,0.015,0.014,0.016,0.012,0.019,0.011,0.01,0.01,0.01,0.012,0.018,0.017,0.018,0.019,0.018,0.018,0.017,0.017,0.02,0.021,0.021,0.022,0.022,0.021,0.025,0.027,0.026,A,21.095
20260718,0.025,0.026,0.027,0.028,0.027,0.028,0.028,0.027,0.026,0.026,0.027,0.028,0.028,0.029,0.028,0.028,0.023,0.018,0.019,0.019,0.019,0.025,0.027,0.028,0.028,0.027,0.026,0.025,0.025,0.027,0.028,0.027,0.028,0.027,0.028,0.024,0.025,0.025,0.025,0.027,0.026,0.026,0.026,0.026,0.024,0.024,0.025,0.025,0.027,0.025,0.026,0.026,0.025,0.023,0.024,0.023,0.025,0.024,0.018,0.019,0.018,0.017,0.018,0.023,0.023,0.024,0.025,0.024,0.026,0.024,0.024,0.024,0.024,0.024,0.024,0.025,0.025,0.026,0.024,0.025,0.024,0.024,0.024,0.026,0.029,0,0.002,0.022,0.027,0.026,0.025,0.025,0.026,0.022,0.019,0.014,0.019,0.016,0.021,0.018,0.006,0.008,0.008,0.006,0.023,0.024,0.018,0.018,0.021,0.027,0.041,0.018,0.064,0.006,0.007,0,0,0.003,0.005,0.002,0.001,0,0,0,0,0.002,0,0,0,0,0,0,0,0,0,0,0,0,0,0,0,0,0,0,0,0,0,0,0,0,0,0,0,0,0,0,0,0.013,0.028,0.058,0.051,0.03,0.068,0.041,0.008,0.065,0.111,0.121,0.133,0.069,0.067,0.074,0.034,0.084,0.06,0.071,0.055,0.055,0.05,0.051,0.054,0.086,0.086,0.029,0.022,0.027,0.033,0.062,0.042,0.017,0.029,0.029,0.03,0.011,0.002,0.023,0.027,0.025,0.025,0.028,0.031,0.034,0.032,0.031,0.032,0.027,0.023,0.023,0.023,0.019,0.021,0.014,0.012,0.011,0.012,0.011,0.223,0.322,0.324,0.332,0.334,0.333,0.327,0.329,0.33,0.324,0.326,0.322,0.32,0.32,0.319,0.316,0.31,0.294,0.321,0.321,0.312,0.312,0.307,0.3,0.309,0.3,0.297,0.305,0.299,0.29,0.271,0.112,0.114,0.194,0.123,0.271,0.015,0.015,0.015,0.016,0.016,0.017,0.014,0.017,0.017,0.017,0.018,0.019,0.018,0.019,0.024,0.023,0.027,0.028,0.027,0.028,0.028,0.028,0.029,0.028,0.03,0.028,0.028,0.028,0.028,0.03,0.026,0.02,0.02,0.02,0.021,0.022,A,16.414
20260719,0.027,0.028,0.029,0.029,0.029,0.027,0.027,0.026,0.027,0.027,0.028,0.028,0.028,0.027,0.028,0.027,0.026,0.025,0.026,0.027,0.028,0.028,0.028,0.028,0.026,0.027,0.025,0.025,0.026,0.027,0.027,0.027,0.026,0.025,0.019,0.019,0.019,0.019,0.018,0.026,0.027,0.025,0.026,0.025,0.027,0.026,0.026,0.026,0.025,0.024,0.025,0.026,0.026,0.026,0.026,0.027,0.026,0.025,0.024,0.025,0.024,0.026,0.026,0.027,0.026,0.026,0.025,0.025,0.024,0.025,0.024,0.026,0.026,0.026,0.02,0.018,0.019,0.019,0.018,0.021,0.024,0.024,0.025,0.028,0.03,0.03,0.006,0.001,0.019,0.023,0.019,0.018,0.018,0.023,0.025,0.025,0.028,0.024,0.009,0.019,0.003,0.014,0.008,0.019,0.023,0.012,0.022,0.016,0.001,0,0.002,0.008,0.022,0.014,0.017,0.02,0.027,0.034,0.046,0.035,0.036,0.022,0.023,0.02,0.019,0.02,0.033,0.049,0.027,0.039,0.014,0.046,0,0,0,0,0,0,0,0,0,0,0,0,0,0,0,0,0.002,0.118,0.299,0.195,0.183,0.222,0.226,0.202,0.225,0.16,0.162,0.172,0.158,0.154,0.153,0.142,0.106,0.06,0.028,0.041,0.036,0.054,0.031,0.073,0.08,0.065,0.023,0.036,0.048,0.058,0.047,0.045,0.026,0.027,0.042,0.031,0.041,0.026,0.019,0.022,0.012,0.024,0.028,0.03,0.021,0,0.015,0.026,0.026,0.028,0.023,0.025,0.026,0.025,0.026,0.023,0.025,0.019,0.019,0.019,0.018,0.019,0.018,0.019,0.023,0.024,0.022,0.023,0.344,0.32,0.273,0.368,0.387,0.38,0.321,0.381,0.384,0.381,0.367,0.364,0.357,0.356,0.378,0.42,0.513,0.503,0.497,0.485,0.47,0.462,0.447,0.455,0.603,0.586,0.507,0.507,0.532,0.513,0.474,0.425,0.39,0.241,0.262,0.101,0.011,0.013,0.01,0.009,0.015,0.015,0.019,0.018,0.019,0.018,0.017,0.018,0.02,0.021,0.023,0.024,0.023,0.025,0.024,0.025,0.024,0.024,0.024,0.025,0.025,0.026,0.026,0.024,0.026,0.025,0.025,0.025,0.024,0.024,0.024,0.021,A,23.089
20260720,0.018,0.018,0.019,0.019,0.019,0.024,0.023,0.024,0.023,0.024,0.024,0.024,0.025,0.024,0.025,0.024,0.024,0.023,0.023,0.023,0.024,0.024,0.024,0.024,0.024,0.024,0.022,0.022,0.022,0.022,0.023,0.023,0.023,0.024,0.024,0.022,0.022,0.022,0.016,0.016,0.016,0.012,0.012,0.016,0.019,0.026,0.025,0.026,0.024,0.022,0.026,0.028,0.029,0.029,0.029,0.029,0.029,0.028,0.03,0.027,0.028,0.028,0.027,0.026,0.028,0.027,0.027,0.028,0.028,0.029,0.028,0.027,0.026,0.026,0.017,0.027,0.022,0.03,0.023,0.02,0.019,0.018,0.02,0.027,0.017,0,0.016,0.031,0.031,0.029,0.029,0.027,0.024,0.027,0.027,0.02,0.03,0.021,0.016,0.012,0.011,0.009,0,0,0,0,0,0,0,0,0,0,0,0,0,0,0,0,0,0,0,0,0,0,0,0,0,0,0,0,0,0,0,0,0,0,0,0,0,0,0,0,0,0,0,0,0,0,0,0,0,0,0,0,0,0,0.004,0.016,0.028,0.11,0.14,0.198,0.191,0.187,0.145,0.084,0.069,0.047,0.071,0.074,0.068,0.074,0.066,0.062,0.063,0.06,0.047,0.037,0.031,0.03,0.032,0.03,0.035,0.034,0.029,0.026,0.023,0.018,0.013,0.007,0,0.001,0.008,0.013,0.022,0.023,0.022,0.021,0.021,0.023,0.025,0.026,0.026,0.027,0.025,0.023,0.019,0.025,0.02,0.02,0.022,0.02,0.02,0.021,0.012,0.021,0.626,0.636,0.628,0.624,0.614,0.595,0.596,0.592,0.594,0.588,0.575,0.558,0.562,0.548,0.538,0.524,0.529,0.512,0.495,0.502,0.477,0.48,0.46,0.454,0.458,0.421,0.419,0.37,0.378,0.365,0.347,0.173,0.254,0.22,0.196,0.115,0.017,0.018,0.017,0.015,0.01,0.011,0.015,0.019,0.021,0.012,0.012,0.011,0.011,0.012,0.017,0.02,0.025,0.025,0.025,0.025,0.024,0.024,0.024,0.025,0.024,0.026,0.024,0.023,0.024,0.024,0.023,0.023,0.023,0.023,0.024,0.024,A,22.760
20260721,0.023,0.023,0.023,0.023,0.023,0.022,0.023,0.022,0.023,0.022,0.023,0.022,0.02,0.017,0.017,0.016,0.016,0.018,0.022,0.022,0.022,0.023,0.023,0.023,0.022,0.021,0.022,0.021,0.022,0.022,0.023,0.028,0.029,0.029,0.028,0.027,0.026,0.028,0.03,0.029,0.029,0.029,0.029,0.027,0.027,0.026,0.027,0.028,0.029,0.029,0.028,0.029,0.028,0.027,0.025,0.019,0.02,0.02,0.019,0.023,0.027,0.025,0.026,0.025,0.026,0.026,0.025,0.027,0.026,0.026,0.026,0.026,0.027,0.025,0.025,0.025,0.025,0.026,0.024,0.025,0.024,0.015,0,0.012,0.025,0.023,0.025,0.024,0.026,0.021,0.023,0.019,0.025,0.023,0.018,0.019,0.033,0.033,0.035,0.036,0.03,0.033,0.002,0,0,0.003,0.005,0.009,0.037,0.05,0.05,0.05,0.049,0.048,0.045,0.043,0.061,0.033,0.035,0.041,0.046,0.046,0.045,0.046,0.045,0.046,0.04,0.05,0.045,0.052,0.056,0.054,0.001,0,0,0,0,0,0,0,0,0,0,0,0,0,0,0,0,0,0,0,0,0,0,0,0.014,0.1,0.115,0.131,0.154,0.223,0.223,0.198,0.09,0.114,0.14,0.06,0.072,0.066,0.084,0.084,0.075,0.068,0.069,0.061,0.051,0.045,0.042,0.037,0.028,0.04,0.039,0.042,0.041,0.064,0.044,0.043,0.037,0.028,0.023,0.023,0.035,0.036,0.037,0.044,0.044,0.046,0.043,0.034,0.024,0.011,0.1,0.101,0.023,0.021,0.021,0.006,0,0,0.004,0.022,0.015,0.014,0.014,0.012,0.703,0.719,0.455,0.441,0.437,0.401,0.417,0.419,0.42,0.401,0.392,0.384,0.389,0.393,0.385,0.369,0.367,0.336,0.328,0.319,0.306,0.293,0.275,0.261,0.31,0.285,0.265,0.235,0.19,0.136,0.147,0,0,0.001,0,0,0.068,0.069,0.068,0.065,0.066,0.067,0.067,0.068,0.068,0.07,0.074,0.074,0.012,0.007,0.002,0.003,0.007,0.008,0.011,0.013,0.019,0.022,0.022,0.022,0.011,0.008,0.01,0.012,0.013,0.01,0.005,0.004,0.007,0.006,0.008,0.01,A,19.334
20260722,0.009,0.009,0.013,0.014,0.014,0.01,0.011,0.01,0.01,0.011,0.01,0.01,0.009,0.01,0.011,0.011,0.005,0.005,0.008,0.009,0.01,0.01,0.008,0.009,0.013,0.01,0.009,0.008,0.007,0.012,0.012,0.013,0.011,0.009,0.003,0.003,0.004,0.004,0.005,0.01,0.013,0.013,0.013,0.01,0.007,0.009,0.011,0.013,0.011,0.01,0.008,0.01,0.008,0.009,0.008,0.007,0.01,0.011,0.011,0.011,0.01,0.005,0.007,0.009,0.012,0.012,0.009,0.01,0.012,0.01,0.008,0.009,0.016,0.019,0.021,0.021,0.022,0.015,0.009,0.003,0.015,0.022,0.014,0.011,0.037,0.04,0.038,0.038,0.037,0.037,0.043,0.044,0.042,0.031,0.043,0.041,0.06,0.058,0.074,0.061,0.059,0.052,0.039,0.042,0.022,0.011,0.005,0.003,0.008,0.008,0,0,0,0.016,0.031,0.03,0.029,0.031,0.031,0.031,0.033,0.037,0.036,0.032,0.023,0.025,0.028,0.033,0.025,0.039,0.039,0.034,0,0,0,0,0,0,0,0,0,0,0,0,0,0,0,0,0,0,0,0.073,0.143,0.041,0.031,0.051,0.105,0.093,0.037,0.001,0.057,0.112,0.055,0.014,0.007,0.038,0.067,0,0.041,0.034,0.049,0.052,0.069,0.06,0.069,0.099,0.097,0.12,0.1,0.1,0.101,0.099,0.1,0.098,0.044,0.051,0.045,0.039,0.035,0.011,0.022,0.024,0.027,0.027,0.028,0.034,0.036,0.036,0.04,0.041,0.04,0.043,0.043,0.045,0.046,0.044,0.036,0.043,0.034,0.082,0.031,0.041,0.04,0.041,0.039,0.033,0.407,0.453,0.458,0.466,0.452,0.454,0.44,0.442,0.436,0.411,0.405,0.4,0.402,0.395,0.396,0.37,0.364,0.361,0.352,0.341,0.334,0.321,0.305,0.292,0.3,0.284,0.259,0.228,0.191,0.077,0.196,0.005,0,0,0,0,0.051,0.045,0.047,0.043,0.042,0.043,0.043,0.073,0.084,0.101,0.107,0.124,0.123,0.128,0.132,0.131,0.046,0.048,0.051,0.055,0.055,0.053,0.052,0.054,0.056,0.057,0.055,0.054,0.055,0.055,0.055,0.053,0.054,0.054,0.056,0.056,A,19.251
20260723,0.054,0.052,0.054,0.055,0.055,0.055,0.054,0.054,0.055,0.056,0.05,0.042,0.04,0.045,0.044,0.049,0.056,0.054,0.056,0.056,0.055,0.056,0.054,0.054,0.058,0.057,0.057,0.055,0.053,0.055,0.055,0.055,0.057,0.055,0.044,0.051,0.051,0.049,0.064,0.054,0.052,0.054,0.054,0.054,0.055,0.053,0.053,0.056,0.056,0.055,0.053,0.054,0.05,0.043,0.043,0.043,0.04,0.047,0.054,0.055,0.056,0.056,0.054,0.055,0.055,0.056,0.056,0.056,0.052,0.053,0.057,0.055,0.055,0.056,0.054,0.057,0.057,0.052,0.046,0.054,0.064,0.049,0.049,0.042,0.052,0.061,0.059,0.059,0.062,0.093,0.099,0.101,0.099,0.077,0.11,0.092,0.085,0.07,0.077,0.069,0.062,0.064,0.051,0.059,0.05,0.052,0.018,0.012,0.015,0.019,0.019,0.021,0.025,0.031,0.03,0.025,0.029,0.032,0.027,0.039,0.041,0.039,0.04,0.039,0.042,0.043,0.042,0.039,0.042,0.042,0.042,0.029,0,0,0,0,0,0,0,0,0,0,0,0,0,0,0,0,0,0,0,0,0,0,0,0,0,0.021,0.151,0.23,0.064,0.055,0.174,0.125,0.064,0.067,0.042,0.056,0.088,0.074,0.075,0.073,0.065,0.053,0.043,0.035,0.062,0.085,0.093,0.046,0.051,0.043,0.046,0.047,0.047,0.057,0.067,0.054,0.049,0.026,0.037,0.045,0.033,0.05,0.042,0.054,0.052,0.051,0.057,0.054,0.057,0.059,0.056,0.059,0.059,0.058,0.053,0.044,0.036,0.036,0.038,0.036,0.036,0.044,0.045,0.052,0.468,0.482,0.518,0.523,0.492,0.506,0.505,0.511,0.52,0.516,0.515,0.515,0.515,0.518,0.516,0.517,0.52,0.52,0.52,0.523,0.523,0.516,0.517,0.517,0.518,0.521,0.523,0.524,0.518,0.436,0.434,0.157,0.173,0.174,0.141,0.175,0.039,0.085,0.104,0.114,0.119,0.122,0.124,0.124,0.127,0.129,0.126,0.126,0.129,0.129,0.05,0.093,0.048,0.049,0.05,0.05,0.048,0.056,0.055,0.062,0.102,0.054,0.056,0.054,0.056,0.054,0.055,0.055,0.055,0.056,0.05,0.043,A,29.876
20260724,0.045,0.043,0.043,0.053,0.055,0.054,0.054,0.055,0.054,0.055,0.056,0.056,0.056,0.054,0.055,0.054,0.099,0.102,0.053,0.097,0.114,0.125,0.13,0.132,0.046,0.09,0.114,0.122,0.128,0.131,0.132,0.134,0.13,0.131,0.132,0.133,0.117,0.076,0.073,0.067,0.066,0.075,0.073,0.073,0.065,0.061,0.061,0.062,0.061,0.074,0.076,0.076,0.067,0.065,0.069,0.075,0.076,0.075,0.075,0.078,0.079,0.076,0.075,0.074,0.068,0.068,0.075,0.076,0.076,0.078,0.036,0,0,0,0,0,0,0,0,0,0,0,0,0,0,0,0,0,0,0,0,0,0,0,0,0,0.002,0.007,0.012,0.017,0.028,0.036,0.007,0.035,0.026,0.042,0.023,0.046,0.023,0,0.003,0.02,0.025,0.053,0.03,0.033,0.037,0.029,0.043,0.045,0.046,0.047,0.049,0.05,0.053,0.052,0.013,0.015,0.031,0.035,0.001,0.036,0.035,0.016,0,0,0,0,0,0,0,0,0,0,0,0,0,0,0,0,0,0,0,0,0,0,0,0,0,0,0,0,0,0,0,0.006,0.031,0.034,0.102,0.098,0.091,0.082,0.075,0.069,0.073,0.071,0.066,0.053,0.045,0.042,0.033,0.026,0.027,0.033,0.034,0.031,0.03,0.027,0.01,0,0.007,0.006,0.003,0,0,0,0,0,0,0.04,0.048,0.05,0.049,0.051,0.052,0.053,0.047,0.042,0.041,0.041,0.041,0.038,0.035,0.03,0.029,0.034,0.637,0.688,0.791,0.749,0.773,0.771,0.767,0.77,0.775,0.563,0.414,0.346,0.302,0.344,0.335,0.338,0.335,0.329,0.326,0.327,0.321,0.316,0.308,0.304,0.296,0.297,0.291,0.277,0.379,0.23,0.303,0.236,0.148,0.212,0.126,0.174,0.025,0.031,0.008,0.031,0.036,0.039,0.039,0.04,0.039,0.038,0.036,0.034,0.021,0.021,0.025,0.026,0.029,0.031,0.031,0.019,0.019,0.024,0.033,0.036,0.026,0.024,0.025,0.024,0.021,0.02,0.021,0.026,0.018,0.018,0.02,0.025,A,24.538
20260725,0.001,0,0,0,0,0,0,0,0,0,0,0,0,0,0,0,0,0,0,0,0,0,0,0,0,0,0,0,0,0,0,0,0,0,0,0,0,0,0,0,0,0,0,0,0,0,0,0,0.006,0.004,0,0,0,0.003,0.004,0.005,0.005,0.001,0,0,0,0.005,0.009,0.009,0.011,0.012,0.01,0.001,0,0.001,0.009,0.009,0.016,0.019,0.017,0.016,0.007,0.007,0.009,0.002,0.011,0.015,0.01,0.011,0.044,0.037,0.038,0,0.01,0.058,0.066,0.068,0.07,0.074,0.081,0.088,0.075,0.028,0.03,0.02,0.031,0.032,0.008,0.013,0.006,0.002,0.007,0.007,0.006,0.004,0,0,0.001,0.004,0.006,0.006,0.005,0.006,0.008,0.009,0,0,0,0,0,0,0,0,0,0,0,0,0,0,0,0,0,0,0,0,0,0,0,0,0,0,0,0,0,0,0,0,0,0,0,0,0,0,0,0,0,0,0,0.005,0.102,0.068,0.032,0,0.077,0.088,0.079,0.069,0.066,0.062,0.065,0.061,0.039,0.027,0.019,0.03,0.032,0.024,0.021,0.023,0.022,0.019,0.013,0.007,0.008,0,0.001,0,0.01,0.01,0.006,0.036,0.035,0.036,0.03,0.034,0.023,0.024,0.035,0.037,0.036,0.04,0.037,0.029,0.029,0.027,0.017,0.018,0.015,0.009,0.007,0.021,0.522,0.535,0.525,0.53,0.514,0.503,0.506,0.495,0.502,0.497,0.483,0.481,0.478,0.482,0.473,0.48,0.463,0.454,0.452,0.455,0.433,0.436,0.409,0.411,0.415,0.395,0.378,0.388,0.389,0.327,0.188,0.201,0.265,0.205,0.14,0.051,0.036,0.037,0.034,0.036,0.037,0.038,0.04,0.04,0.034,0.032,0.035,0.036,0.026,0.028,0.031,0.034,0.037,0.039,0.037,0.038,0.037,0.036,0.038,0.039,0.029,0.028,0.028,0.025,0.027,0.026,0.025,0.027,0.026,0.028,0.028,0.026,A,18.892
20260726,0.001,0,0.001,0.001,0,0,0.001,0.002,0,0,0,0,0,0,0,0,0.001,0,0,0,0.002,0.002,0.002,0,0,0,0,0,0.001,0.002,0.002,0.002,0.001,0,0,0,0,0.001,0.001,0.001,0.001,0.002,0,0,0,0.001,0.002,0.002,0.01,0.009,0.009,0.004,0.005,0.002,0.004,0.004,0.004,0.005,0.01,0.007,0.011,0.01,0.012,0.013,0.014,0.014,0.014,0.012,0.011,0.013,0.011,0.012,0.019,0.021,0.021,0.019,0.019,0.019,0.02,0.02,0.02,0.019,0.02,0.02,0.057,0.054,0.052,0,0.005,0.012,0,0,0.002,0.067,0.011,0.009,0.003,0.012,0.095,0.011,0.027,0.017,0.004,0,0,0.003,0.004,0.001,0,0.005,0.009,0.012,0.022,0.025,0.013,0,0,0.001,0.007,0.019,0.011,0.008,0.002,0.001,0.006,0.046,0.024,0.021,0.015,0.015,0.015,0.016,0,0,0,0,0,0,0,0,0,0,0,0,0,0,0,0,0,0,0,0,0,0,0,0,0,0.045,0.044,0.054,0.058,0.059,0.058,0.04,0.012,0.009,0,0.01,0.048,0.028,0.012,0.01,0.001,0.007,0.008,0,0,0.004,0.012,0.007,0.05,0.033,0.029,0.029,0.021,0.018,0.02,0.017,0.027,0.012,0.013,0.021,0.047,0.028,0.021,0.037,0.034,0.066,0.075,0.034,0.073,0.104,0.117,0.124,0.126,0.027,0.02,0.016,0.017,0.022,0.031,0.028,0.01,0.015,0.015,0.012,0.465,0.441,0.4,0.485,0.479,0.479,0.474,0.474,0.466,0.453,0.46,0.445,0.448,0.439,0.442,0.425,0.428,0.429,0.398,0.414,0.39,0.39,0.376,0.393,0.365,0.355,0.369,0.368,0.32,0.309,0.304,0.224,0.146,0.207,0.124,0.267,0.011,0.014,0.015,0.021,0.021,0.026,0.023,0.023,0.024,0.023,0.021,0.018,0.011,0.011,0.012,0.018,0.02,0.025,0.025,0.022,0.021,0.022,0.021,0.022,0.005,0.005,0.005,0.006,0.007,0.011,0.011,0.011,0.013,0.013,0.014,0.012,A,17.577
20260727,0,0,0,0,0,0,0,0,0,0,0,0,0,0,0,0,0,0,0,0,0,0,0,0,0,0,0,0,0,0,0,0,0,0,0,0,0,0,0,0,0,0,0,0,0,0,0,0,0,0,0,0,0,0,0,0,0,0,0,0,0,0,0,0,0,0,0,0,0,0,0,0,0.002,0,0,0.001,0,0.003,0.004,0.004,0.005,0.005,0.006,0.004,0.042,0.043,0.024,0.019,0.043,0.046,0.048,0.05,0.053,0.055,0.054,0.052,0.011,0.013,0.047,0,0.004,0.017,0,0,0.003,0,0,0,0,0,0.002,0.021,0.008,0.001,0.005,0.005,0,0.004,0.011,0.034,0.009,0,0,0,0.001,0.01,0,0,0,0,0,0,0,0,0,0,0,0,0,0,0,0,0,0,0,0,0,0,0,0,0,0,0,0,0,0,0,0,0,0,0,0,0,0.005,0.018,0.117,0.163,0.06,0.042,0.028,0.033,0.047,0.068,0.02,0.04,0.069,0.068,0.045,0.033,0.03,0.034,0.028,0.024,0.03,0.027,0.028,0.027,0.027,0.016,0.019,0.017,0.023,0.004,0.011,0.03,0.038,0.034,0.038,0.032,0.032,0.036,0.037,0.037,0.034,0.034,0.033,0.036,0.022,0.014,0.013,0.016,0.026,0.028,0.028,0.025,0.021,0.517,0.515,0.518,0.411,0.443,0.517,0.512,0.499,0.502,0.487,0.488,0.48,0.479,0.47,0.478,0.465,0.468,0.452,0.46,0.439,0.443,0.446,0.419,0.418,0.387,0.384,0.381,0.359,0.382,0.324,0.321,0.243,0.206,0.15,0.139,0.304,0.038,0.036,0.036,0.037,0.03,0.021,0.023,0.022,0.035,0.038,0.035,0.033,0.019,0.016,0.018,0.018,0.021,0.03,0.037,0.05,0.036,0.037,0.037,0.039,0.028,0.026,0.026,0.023,0.022,0.024,0.026,0.026,0.028,0.028,0.028,0.028,A,18.575
20260728,0.005,0,0,0,0,0.001,0.002,0.002,0.003,0.001,0,0,0,0.001,0,0,0,0,0,0,0,0,0.002,0.002,0.002,0.002,0,0,0,0,0.001,0.003,0.002,0.002,0.002,0.001,0,0,0,0,0,0,0.001,0.001,0,0,0,0.001,0.01,0.009,0.008,0.007,0.005,0.004,0.006,0.008,0.01,0.009,0.01,0.008,0.011,0.005,0.004,0.004,0.006,0.007,0.013,0.014,0.014,0.011,0.011,0.012,0.02,0.021,0.02,0.018,0.019,0.016,0.018,0.019,0.021,0.021,0.006,0.022,0.061,0.057,0.058,0.001,0.061,0.07,0.076,0.081,0.086,0.084,0.084,0.09,0.036,0.037,0.043,0.036,0.038,0.02,0.007,0,0,0,0,0,0.001,0,0.002,0.013,0.009,0.012,0.015,0.012,0.019,0.023,0.025,0.032,0.033,0.037,0.037,0.038,0.039,0.041,0.039,0.04,0.041,0.043,0.044,0.045,0,0,0,0,0,0,0,0,0,0,0,0,0,0,0,0,0,0,0,0,0,0,0,0,0.004,0.126,0.173,0.18,0.177,0.169,0.119,0.071,0.146,0.148,0.125,0.06,0.069,0.071,0.071,0.06,0.062,0.052,0.051,0.055,0.044,0.056,0.031,0.021,0.025,0.028,0.029,0.029,0.027,0.026,0.029,0.029,0.021,0.021,0.016,0.015,0.016,0.021,0.029,0.047,0.036,0.041,0.041,0.036,0.041,0.041,0.037,0.041,0.038,0.038,0.038,0.03,0.029,0.024,0.022,0.015,0.011,0.015,0.008,0.008,0.515,0.522,0.517,0.511,0.519,0.512,0.518,0.507,0.5,0.499,0.487,0.49,0.481,0.488,0.475,0.481,0.468,0.464,0.453,0.457,0.431,0.432,0.408,0.411,0.416,0.39,0.383,0.383,0.382,0.379,0.259,0.215,0.135,0.202,0.122,0.319,0.032,0.032,0.028,0.032,0.012,0.006,0.037,0.037,0.038,0.036,0.037,0.039,0.028,0.029,0.027,0.024,0.024,0.024,0.03,0.037,0.038,0.04,0.04,0.04,0.027,0.025,0.022,0.022,0.024,0.026,0.023,0.023,0.022,0.022,0.022,0.022,A,21.427
20260729,0.001,0,0,0,0.002,0.002,0.002,0.003,0.002,0,0,0,0,0.001,0.002,0.003,0.002,0.002,0.002,0,0,0,0,0.002,0.002,0.002,0.003,0.001,0,0,0,0,0,0.002,0.002,0.002,0.001,0,0,0,0,0,0,0,0.002,0.001,0,0,0.007,0.01,0.009,0.008,0.007,0.007,0.005,0.008,0.007,0.009,0.01,0.009,0.014,0.013,0.01,0.009,0.009,0.011,0.015,0.014,0.015,0.014,0.013,0.01,0.016,0.016,0.017,0.018,0.021,0.021,0.022,0.019,0.018,0.02,0.019,0.017,0.053,0.054,0.055,0.06,0.042,0.023,0.075,0.081,0.084,0.087,0.09,0.09,0.043,0.035,0.03,0.035,0.035,0.038,0.011,0,0,0,0,0.023,0.006,0.009,0.01,0.007,0.013,0.015,0.02,0.022,0.019,0.026,0.02,0.002,0.002,0.004,0.02,0.026,0.037,0.035,0.031,0.031,0.034,0.036,0.036,0.032,0,0,0,0,0,0,0,0,0,0,0,0,0,0,0,0,0,0,0,0,0,0,0,0.05,0.235,0.169,0.111,0.009,0.032,0.004,0.178,0.041,0.014,0.032,0.079,0.014,0.097,0.049,0.041,0.03,0.036,0.019,0.021,0.026,0.025,0.038,0.038,0.037,0.029,0.032,0.031,0.027,0.038,0.026,0.026,0.023,0.016,0.006,0.007,0.012,0.095,0.098,0.091,0,0,0,0,0,0,0,0,0,0,0.001,0,0.001,0,0.01,0.008,0,0,0.023,0,0,0.048,0.443,0.364,0.375,0.374,0.376,0.378,0.38,0.385,0.416,0.468,0.472,0.47,0.472,0.471,0.466,0.468,0.469,0.469,0.466,0.461,0.457,0.458,0.459,0.463,0.469,0.472,0.472,0.472,0.47,0.466,0.463,0.463,0.466,0.471,0.475,0.474,0.474,0.474,0.472,0.471,0.471,0.471,0.474,0.476,0.477,0.477,0.477,0.474,0.475,0.203,0,0,0,0,0,0,0,0,0,0,0,0,0,0,0,0,0,0,0,0,0,A,26.600
20260730,0,0,0,0,0,0,0,0,0,0,0,0,0,0,0,0,0,0,0,0,0,0,0,0,0,0,0,0,0,0,0,0,0,0,0,0,0,0,0,0,0,0,0,0,0,0,0,0,0,0,0,0,0,0,0,0,0,0,0,0,0,0,0,0,0,0,0,0,0,0,0,0,0,0,0,0,0,0,0,0,0.001,0,0,0,0.001,0.001,0.001,0.001,0.003,0.003,0.004,0.006,0.008,0.008,0.008,0.007,0.003,0.002,0.003,0.002,0.003,0.003,0.003,0.003,0.003,0.003,0.005,0.006,0.007,0.009,0.01,0.011,0.011,0.011,0.011,0.009,0.004,0.003,0.003,0.003,0.003,0.002,0.005,0.006,0.005,0.002,0.003,0.004,0.005,0.003,0.003,0.003,0,0,0,0,0,0,0,0,0,0,0,0,0,0,0,0,0,0,0,0,0,0,0,0,0,0,0,0,0,0.006,0.137,0.2,0.191,0.159,0.018,0.007,0.107,0.113,0.102,0.088,0.076,0.069,0.069,0.073,0.069,0.071,0.077,0.07,0.063,0.054,0.045,0.045,0.046,0.04,0.034,0.027,0.019,0.018,0.017,0.019,0.014,0.004,0.002,0.001,0.002,0.001,0.002,0.001,0.001,0.001,0.001,0,0.001,0,0,0,0,0,0,0,0.001,0,0,0,0.725,0.498,0.467,0.463,0.464,0.469,0.46,0.454,0.458,0.454,0.453,0.452,0.449,0.445,0.442,0.442,0.441,0.435,0.434,0.398,0.431,0.43,0.43,0.421,0.418,0.413,0.251,0.419,0.415,0.411,0.401,0.386,0.379,0.364,0.344,0.01,0,0,0,0,0,0,0.001,0,0,0,0,0,0,0,0,0,0.001,0,0,0,0,0,0,0,0,0,0,0.001,0,0,0,0,0,0,0,0,A,17.617
Total for Period,,,,,,,,,,,,,,,,,,,,,,,,,,,,,,,,,,,,,,,,,,,,,,,,,,,,,,,,,,,,,,,,,,,,,,,,,,,,,,,,,,,,,,,,,,,,,,,,,,,,,,,,,,,,,,,,,,,,,,,,,,,,,,,,,,,,,,,,,,,,,,,,,,,,,,,,,,,,,,,,,,,,,,,,,,,,,,,,,,,,,,,,,,,,,,,,,,,,,,,,,,,,,,,,,,,,,,,,,,,,,,,,,,,,,,,,,,,,,,,,,,,,,,,,,,,,,,,,,,,,,,,,,,,,,,,,,,,,,,,,,,,,,,,,,,408.857
Stream ID,"Meter 213294978,213294978,213294978,213294978",E1,E1,KWH,CONSUMPTION
LOCAL TIME,AEST
Date/Time,0:00,0:05,0:10,0:15,0:20,0:25,0:30,0:35,0:40,0:45,0:50,0:55,1:00,1:05,1:10,1:15,1:20,1:25,1:30,1:35,1:40,1:45,1:50,1:55,2:00,2:05,2:10,2:15,2:20,2:25,2:30,2:35,2:40,2:45,2:50,2:55,3:00,3:05,3:10,3:15,3:20,3:25,3:30,3:35,3:40,3:45,3:50,3:55,4:00,4:05,4:10,4:15,4:20,4:25,4:30,4:35,4:40,4:45,4:50,4:55,5:00,5:05,5:10,5:15,5:20,5:25,5:30,5:35,5:40,5:45,5:50,5:55,6:00,6:05,6:10,6:15,6:20,6:25,6:30,6:35,6:40,6:45,6:50,6:55,7:00,7:05,7:10,7:15,7:20,7:25,7:30,7:35,7:40,7:45,7:50,7:55,8:00,8:05,8:10,8:15,8:20,8:25,8:30,8:35,8:40,8:45,8:50,8:55,9:00,9:05,9:10,9:15,9:20,9:25,9:30,9:35,9:40,9:45,9:50,9:55,10:00,10:05,10:10,10:15,10:20,10:25,10:30,10:35,10:40,10:45,10:50,10:55,11:00,11:05,11:10,11:15,11:20,11:25,11:30,11:35,11:40,11:45,11:50,11:55,12:00,12:05,12:10,12:15,12:20,12:25,12:30,12:35,12:40,12:45,12:50,12:55,13:00,13:05,13:10,13:15,13:20,13:25,13:30,13:35,13:40,13:45,13:50,13:55,14:00,14:05,14:10,14:15,14:20,14:25,14:30,14:35,14:40,14:45,14:50,14:55,15:00,15:05,15:10,15:15,15:20,15:25,15:30,15:35,15:40,15:45,15:50,15:55,16:00,16:05,16:10,16:15,16:20,16:25,16:30,16:35,16:40,16:45,16:50,16:55,17:00,17:05,17:10,17:15,17:20,17:25,17:30,17:35,17:40,17:45,17:50,17:55,18:00,18:05,18:10,18:15,18:20,18:25,18:30,18:35,18:40,18:45,18:50,18:55,19:00,19:05,19:10,19:15,19:20,19:25,19:30,19:35,19:40,19:45,19:50,19:55,20:00,20:05,20:10,20:15,20:20,20:25,20:30,20:35,20:40,20:45,20:50,20:55,21:00,21:05,21:10,21:15,21:20,21:25,21:30,21:35,21:40,21:45,21:50,21:55,22:00,22:05,22:10,22:15,22:20,22:25,22:30,22:35,22:40,22:45,22:50,22:55,23:00,23:05,23:10,23:15,23:20,23:25,23:30,23:35,23:40,23:45,23:50,23:55,Quality,Total
20260710,0,0.001,0,0,0.001,0,0,0.001,0,0,0.001,0,0,0,0.001,0,0,0.001,0,0.001,0,0,0.001,0,0,0.001,0,0.001,0,0,0.001,0,0,0,0.001,0,0.001,0,0,0.001,0,0,0.001,0,0.001,0,0,0,0.001,0,0,0.001,0,0.001,0,0,0,0.001,0,0,0.001,0,0,0.001,0,0,0.001,0,0,0.001,0,0,0.001,0,0.001,0,0,0.001,0,0.001,0.001,0.001,0.001,0.003,0.003,0.002,0.001,0.002,0.001,0.002,0.002,0.002,0.001,0.003,0.001,0.002,0.003,0.003,0.003,0.002,0.003,0.004,0.004,0.002,0.003,0.005,0.007,0.006,0.005,0.004,0.002,0.002,0.002,0.004,0.004,0.003,0.001,0.003,0.003,0.004,0.002,0.002,0.002,0.002,0.003,0.005,0.004,0.005,0.005,0.005,0.005,0.004,0.248,0.514,0.439,0.305,0.19,0.193,0.773,0.863,0.332,0.99,1.109,0.844,0.89,0.972,0.314,0.757,0.593,0.034,0.746,0.681,0.687,1.048,0.829,0.312,0.941,1.191,1.175,1.082,1.09,1.05,0.869,0.765,0.799,0.913,0.907,0.362,0,0,0,0,0,0,0,0,0,0,0,0,0,0,0,0,0,0,0,0,0,0,0,0,0.001,0.001,0.002,0.002,0.003,0.002,0.002,0.001,0.001,0.001,0.001,0,0.001,0.001,0.001,0,0.001,0.001,0,0.001,0.001,0.008,0.001,0.009,0.002,0,0,0,0,0,0,0,0,0,0,0,0,0,0,0,0,0,0,0,0,0,0,0,0,0,0,0,0.001,0.001,0.001,0.001,0.001,0.001,0.002,0.001,0,0.001,0.001,0.002,0.001,0,0.001,0.001,0.001,0.001,0.001,0.001,0.001,0,0.001,0,0.001,0,0.001,0,0.001,0,0.001,0,0,0.001,0,0,0,0,0.001,0,0,0.001,0,0,A,26.062
20260711,0,0.001,0,0,0.001,0,0,0,0.001,0,0,0.001,0,0,0,0.001,0,0,0.001,0,0,0.001,0,0,0.001,0,0.001,0,0,0,0.001,0,0,0.001,0,0,0.001,0,0,0,0.001,0,0,0.001,0,0,0.001,0,0,0.001,0,0,0.001,0.002,0,0.001,0,0,0.001,0,0,0.001,0,0,0.001,0,0,0.001,0.001,0.001,0.001,0,0.001,0,0.001,0,0.001,0,0.001,0,0.001,0.002,0.001,0.001,0.001,0,0.001,0.001,0.002,0.001,0.002,0.002,0.002,0.002,0.003,0.005,0.003,0.003,0.004,0.006,0.004,0.002,0.005,0.005,0.005,0.004,0.005,0.003,0.003,0.008,0.007,0.006,0.003,0.003,0.005,0.005,0.006,0.004,0.007,0.008,0.013,0.012,0.011,0.02,0.017,0.016,0.016,0.015,0.015,0.015,0.015,0.003,0.52,0.251,0.013,0.511,0.6,0.119,0.676,0.856,0.418,0.761,0.822,0.637,0.688,0.77,0.062,0.708,0.412,0.01,0.597,0.65,0.758,0.756,0.794,0.805,0.841,0.812,0.016,0.72,0.785,0.831,0.819,0.82,0.813,0.852,0.307,0.12,0.001,0,0,0.001,0,0,0,0,0,0,0,0,0,0,0,0,0,0,0,0,0,0,0.001,0.003,0.001,0.002,0.002,0.001,0.002,0.001,0.001,0.002,0.001,0.001,0.001,0.001,0.001,0,0.001,0.001,0.001,0.001,0.001,0.001,0.001,0.001,0.001,0.001,0.001,0,0,0,0,0,0,0,0,0,0,0,0,0,0,0,0,0,0,0,0,0,0,0,0,0,0,0,0,0,0.003,0.003,0.002,0.003,0.002,0.003,0.002,0.002,0.004,0.004,0.003,0.003,0.003,0.003,0.003,0.004,0.003,0.001,0.001,0.001,0,0.001,0,0.001,0,0,0.001,0,0.001,0,0,0.001,0,0.001,0,0,0,0.001,0,0.001,0,0,A,21.365
20260712,0,0.001,0,0,0.001,0,0.001,0,0,0.001,0,0,0.001,0,0,0,0.001,0,0,0,0.001,0,0.001,0,0,0,0,0.001,0,0,0.001,0,0,0,0,0.001,0,0,0.001,0,0,0,0.001,0,0,0.001,0,0.001,0,0,0,0.001,0,0,0.001,0,0,0,0.001,0,0,0,0.001,0,0,0,0.001,0,0,0,0.001,0,0,0.001,0,0,0.001,0,0,0.001,0,0.001,0,0.001,0,0.001,0,0.002,0.002,0.002,0.002,0.002,0.001,0.002,0.001,0.002,0.002,0.003,0.003,0.004,0.003,0.002,0.003,0.003,0.004,0.003,0.006,0.005,0.004,0.004,0.004,0.004,0.005,0.005,0.006,0.006,0.009,0.009,0.009,0.007,0.008,0.003,0.002,0.003,0.02,0.017,0.017,0.015,0.015,0.014,0.015,0.015,0.1,0.261,0.269,0.782,0.734,0.477,0.396,0.098,0.118,0.592,0.576,0.493,0.506,0.577,0.292,0.45,0.377,0,0.493,0.566,0.584,0.617,0.888,0.723,0.793,1.102,0.935,0.914,1.077,0.998,0.883,0.917,0.917,1.067,0.422,0.141,0.008,0,0,0,0,0,0,0,0,0,0,0,0,0,0,0,0,0,0,0,0,0,0,0.001,0.001,0.002,0.002,0.001,0.002,0.001,0.001,0.001,0.001,0.001,0.001,0.001,0,0.001,0.001,0.001,0.001,0,0.001,0.001,0.001,0.001,0.001,0.001,0.001,0,0,0,0,0,0,0,0,0,0,0,0,0,0,0,0,0,0,0,0,0,0,0,0,0,0,0,0,0.001,0.004,0.003,0.002,0.003,0.002,0.002,0.003,0.002,0.002,0.002,0.002,0.003,0.002,0.003,0.003,0.003,0.003,0.001,0.001,0,0.001,0,0,0.001,0,0,0.001,0,0,0.001,0,0,0.001,0,0,0.001,0,0,0.001,0,0,0,A,21.524
20260713,0,0.001,0,0,0.001,0,0,0,0.001,0,0,0.001,0,0,0,0.001,0.001,0.001,0.001,0,0,0.001,0,0,0.001,0,0,0.001,0.002,0,0.001,0,0,0.001,0,0,0.001,0,0.001,0.002,0,0.001,0,0,0,0.001,0,0,0,0.001,0,0.001,0.002,0,0,0.001,0,0,0,0.001,0,0.001,0.001,0.001,0.001,0,0.001,0,0,0.001,0,0,0.002,0.001,0.001,0.001,0,0.001,0,0,0.001,0,0.001,0,0.002,0.001,0.003,0.002,0.003,0.002,0.004,0.003,0.004,0.004,0.002,0.003,0.005,0.007,0.006,0.003,0.003,0.003,0.002,0.004,0.003,0.002,0.003,0.002,0.002,0.006,0.007,0.005,0.005,0.002,0.002,0.005,0.007,0.007,0.006,0.005,0.004,0.006,0.005,0.007,0.007,0.007,0.007,0.004,0.005,0.006,0.006,0.006,0.908,0.864,0.884,0.848,0.852,0.5,0.772,0.817,0.138,0.634,0.879,0.536,0.549,0.772,0.777,0.749,0.524,0.068,0.711,0.766,0.26,0.472,0.711,0.816,0.777,0.786,0.183,0.738,0.809,0.637,0.616,0.787,0.827,0.89,0.518,0.022,0,0,0,0,0,0,0,0,0,0,0,0,0,0,0,0,0,0,0,0,0,0,0.002,0.004,0.002,0.001,0.002,0.001,0.002,0.001,0.001,0.001,0.001,0.001,0,0.001,0,0.001,0,0.001,0.001,0,0.001,0,0.001,0.001,0,0.001,0,0,0,0,0,0,0,0,0,0,0,0,0,0,0,0,0,0.001,0.001,0.002,0.002,0.002,0.002,0.003,0.002,0.002,0.003,0.002,0.003,0.002,0.003,0.003,0.002,0.003,0.002,0.002,0.002,0.003,0.003,0.003,0.002,0.002,0.003,0.004,0.003,0.002,0.003,0.001,0.001,0,0,0.001,0,0,0.001,0,0.001,0,0,0,0.001,0,0,0.001,0,0,0.001,0,0,0,0.001,0,A,23.751
20260714,0,0.001,0,0,0,0.001,0,0,0,0,0.001,0,0,0.001,0,0,0,0,0.001,0,0.001,0,0,0,0.001,0,0,0.001,0,0,0.001,0,0,0,0,0.001,0,0,0.001,0.002,0.001,0,0,0,0.001,0,0,0.001,0,0,0,0.001,0,0,0.001,0,0,0,0.001,0,0.001,0.001,0.001,0,0.001,0,0,0.001,0,0,0,0.001,0,0.001,0,0,0.001,0,0.001,0.002,0.001,0.001,0,0.002,0.001,0.002,0.002,0.002,0.003,0.003,0.003,0.003,0.003,0.004,0.003,0.003,0.004,0.003,0.024,0.018,0,0,0,0,0,0,0,0,0,0,0,0,0,0,0,0,0,0,0,0,0,0,0,0,0,0,0,0,0,0,0,0,0,0,0,0,0,0,0,0,0,0,0,0,0,0,0,0,0,0,0,0,0,0,0,0,0,0,0,0,0,0,0,0,0,0,0,0,0,0,0,0,0,0,0,0,0,0,0,0,0,0,0,0,0,0,0,0,0,0,0,0,0,0,0,0,0,0,0,0,0,0,0,0,0,0,0,0,0,0,0.007,0.026,0,0.025,0.257,0.767,0,0.008,0.021,0.021,0.106,0.179,0.059,0.06,0.063,0.071,0.058,0.048,0.043,0.044,0.067,0.064,0.051,0.05,0.072,0.098,0.099,0.1,0.101,0.104,0.106,0.106,0.104,0.1,0.095,0.039,0.039,0.041,0.043,0.043,0.039,0.034,0.035,0.034,0.035,0.036,0.198,0.15,0.036,0.03,0.03,0.032,0.036,0.039,0.041,0.04,0.038,0.037,0.035,0.032,0.031,0.021,0.021,0.019,0.018,0.019,0.02,0.022,0.022,0.023,0.021,0.017,0.017,0.017,0.017,0.021,0.023,0.023,A,4.859
20260715,0.02,0.019,0.031,0.033,0.032,0.032,0.017,0.02,0.023,0.024,0.023,0.023,0.021,0.02,0.021,0.021,0.02,0.021,0.02,0.02,0.02,0.02,0.021,0.019,0.018,0.021,0.02,0.02,0.022,0.021,0.023,0.037,0.036,0.036,0.026,0.019,0.026,0.031,0.033,0.031,0.028,0.027,0.027,0.027,0.029,0.025,0.023,0.02,0.018,0.017,0.018,0.018,0.021,0.023,0.023,0.019,0.02,0.017,0.019,0.019,0.02,0.023,0.022,0.021,0.02,0.017,0.018,0.018,0.02,0.021,0.022,0.02,0.02,0.018,0.018,0.019,0.027,0.027,0.093,0.107,0.129,0.106,0.053,0.038,0.076,0.05,0.056,0.047,0.036,0.035,0.036,0.032,0.028,0.058,0.027,0.006,0,0,0,0,0,0,0,0,0,0,0,0,0.001,0,0,0,0.237,0.774,0.69,0.014,0,0.019,0,0,0.066,0.019,0,0,0,0,0,0,0,0,0.002,0,0.017,0.456,0.642,0.412,0.014,0.366,0.787,0.789,0.196,0.223,0.135,0.076,0.242,0.002,0.378,0.663,0.622,0.587,0.506,0.591,0.854,0.88,0.934,0.886,0.764,0.745,0.736,0.842,0.809,0.506,0.063,0.219,0.088,0.086,0.064,0.026,0,0,0.028,0.204,0,0,0,0,0,0,0,0,0,0,0,0,0,0,0,0,0,0,0,0,0,0,0,0,0,0,0,0,0,0,0,0,0,0,0,0,0,0,0,0,0,0,0,0,0,0,0,0,0,0,0,0,0,0,0,0,0,0,0,0,0,0,0,0,0,0,0,0,0,0,0,0,0,0,0,0,0,0,0,0,0,0,0,0,0,0,0,0.051,0.228,0.013,0.014,0.014,0.005,0,0.003,0.015,0.012,0,0,0,0,0,0,0,0,0,0,0,0,0,0,0,0.01,0.029,0.027,0.023,A,21.487
20260716,0.022,0.022,0.022,0.022,0.025,0.021,0.02,0.015,0.015,0.025,0.033,0.036,0.037,0.017,0.018,0.019,0.021,0.02,0.023,0.021,0.018,0.018,0.017,0.017,0.018,0.019,0.017,0.016,0.015,0.014,0.018,0.018,0.024,0.025,0.022,0.021,0.019,0.016,0.019,0.022,0.02,0.017,0.015,0.014,0.015,0.015,0.019,0.021,0.019,0.015,0.015,0.015,0.015,0.016,0.021,0.089,0.21,0.208,0.207,0.208,0.209,0.21,0.214,0.21,0.21,0.097,0.015,0.018,0.019,0.02,0.02,0.019,0.019,0.016,0.017,0.019,0.019,0.018,0.019,0.022,0.032,0.045,0.052,0.024,0,0,0,0,0.012,0.001,0,0.003,0,0,0,0,0,0,0,0,0,0,0,0,0,0,0,0,0,0,0,0,0,0,0,0,0,0,0,0,0,0,0,0,0,0,0,0,0.001,0,0,0,0.961,1.049,1.425,1.33,1.287,1.263,1.281,1.298,1.323,1.328,1.326,1.334,1.33,1.331,1.315,1.305,1.297,1.324,1.408,1.343,1.373,1.336,1.327,1.379,1.411,1.452,1.178,1.156,0.948,0.627,0.405,0.779,0.823,0.769,0.355,0.293,0.002,0,0,0,0,0,0,0,0,0,0.006,0.002,0,0,0,0.004,0,0,0,0,0,0,0,0.014,0.007,0,0,0,0,0.002,0.003,0.004,0.005,0.005,0.005,0.005,0.006,0.007,0.008,0.007,0.007,0.007,0.005,0.004,0.005,0.006,0.006,0.006,0,0,0,0,0,0,0,0,0,0,0,0,0,0,0,0,0,0,0,0,0,0,0,0,0,0,0,0,0,0,0,0,0,0,0,0,0.005,0.006,0.004,0.003,0.002,0.009,0.009,0.009,0,0,0,0,0,0,0,0,0.002,0.008,0.009,0.009,0.01,0.009,0.009,0.008,0.008,0.008,0.009,0.009,0.009,0.009,0.009,0.009,0.009,0.009,0.008,0.049,A,45.444
20260717,0.008,0.009,0.009,0.01,0.01,0.01,0.01,0.008,0.008,0.007,0.007,0.006,0.007,0.008,0.008,0.009,0.009,0.008,0.007,0.007,0.007,0.007,0.007,0.009,0.009,0.009,0.009,0.007,0.007,0.007,0.007,0.009,0.008,0.009,0.009,0.008,0.009,0.008,0.007,0.009,0.009,0.009,0.007,0.009,0.008,0.009,0.011,0.011,0.012,0.011,0.011,0.009,0.008,0.009,0.009,0.01,0.01,0.006,0.006,0.005,0.006,0.005,0.006,0.008,0.007,0.008,0.006,0.006,0.006,0.005,0.006,0.041,0.055,0.014,0.011,0.009,0.009,0.03,0.008,0.026,0.084,0.01,0.01,0.052,0.038,0.017,0.015,0.011,0.011,0.011,0.01,0.008,0.005,0.005,0.002,0.002,0.004,0.002,0.007,0.005,0.004,0.006,0.001,0,0,0,0,0,0.03,0.033,0.023,0.014,0.001,0,0,0,0.019,0.005,0,0,0,0,0,0.003,0.009,0.002,0,0,0,0,0.009,0.009,0.003,0,0.006,0,0.54,0.76,0.662,0.706,0.879,1.074,1.297,1.313,1.295,1.257,1.033,1.115,1.195,0.96,0.971,1.079,0.932,0.787,0.795,1.024,0.79,0.954,0.978,0.967,0.417,0.095,0.024,0,0.009,0.026,0.021,0.108,0,0,0,0,0.001,0,0,0,0.022,0.008,0.001,0,0.001,0.001,0,0.001,0,0,0,0,0,0,0.037,0.002,0.001,0.002,0.004,0.006,0.003,0.004,0.005,0.008,0.008,0.009,0.011,0.011,0.01,0.009,0.007,0.008,0.009,0.011,0.102,0.044,0.012,0.012,0.015,0.014,0,0,0,0,0,0,0,0,0,0,0,0,0,0,0,0,0,0,0,0,0,0,0,0,0,0,0,0,0,0,0,0,0,0,0,0,0.015,0.013,0.012,0.012,0.012,0.012,0.015,0.023,0.016,0.017,0.015,0.015,0.046,0.066,0.016,0.017,0.019,0.018,0.015,0.012,0.011,0.011,0.01,0.011,0.01,0.012,0.012,0.01,0.009,0.008,0.009,0.007,0.008,0.005,0.006,0.006,A,26.256
20260718,0.008,0.006,0.006,0.006,0.005,0.005,0.005,0.006,0.007,0.007,0.006,0.006,0.006,0.005,0.005,0.006,0.007,0.008,0.009,0.01,0.008,0.007,0.005,0.005,0.005,0.006,0.007,0.008,0.007,0.007,0.005,0.006,0.005,0.006,0.006,0.007,0.009,0.008,0.007,0.006,0.006,0.006,0.007,0.006,0.008,0.009,0.008,0.007,0.006,0.007,0.006,0.006,0.008,0.007,0.009,0.009,0.007,0.007,0.009,0.009,0.009,0.011,0.011,0.009,0.009,0.008,0.007,0.007,0.007,0.007,0.008,0.008,0.009,0.008,0.008,0.007,0.007,0.007,0.008,0.008,0.008,0.008,0.008,0.008,0.01,0.046,0.047,0.014,0.009,0.009,0.008,0.006,0.007,0.008,0.009,0.01,0.013,0.007,0.001,0.002,0.044,0,0,0.035,0.035,0.001,0.004,0,0,0,0.002,0.005,0,0.019,0.023,0.03,0.014,0.003,0.001,0.003,0.01,0.009,0.007,0.019,0.009,0.001,0.006,0.004,0.023,0.039,0.039,0.039,0.893,0.875,0.885,0.871,1.002,1.219,1.238,1.035,1.126,1.199,1.21,1.195,1.201,1.184,1.09,1.234,1.236,1.185,0.848,0.727,0.873,0.921,0.921,0.704,0.25,0.025,0,0,0,0,0.004,0.023,0.081,0.003,0,0.009,0,0,0,0,0.001,0,0,0,0,0,0,0,0,0,0,0,0,0.001,0,0,0.008,0.015,0,0.001,0.001,0.027,0.04,0.009,0.003,0.006,0.008,0.009,0.006,0.005,0.007,0.009,0.01,0.011,0.012,0.012,0.013,0.014,0.014,0.016,0.016,0.016,0.017,0.018,0,0,0,0,0,0,0,0,0,0,0,0,0,0,0,0,0,0,0,0,0,0,0,0,0,0,0,0,0,0,0,0,0.005,0,0,0,0.017,0.015,0.015,0.013,0.013,0.013,0.014,0.013,0.011,0.011,0.01,0.01,0.011,0.01,0.008,0.008,0.008,0.007,0.007,0.005,0.006,0.005,0.005,0.005,0.005,0.005,0.006,0.005,0.005,0.005,0.005,0.008,0.007,0.008,0.008,0.007,A,27.142
20260719,0.006,0.006,0.004,0.005,0.004,0.006,0.006,0.007,0.006,0.006,0.005,0.005,0.006,0.005,0.005,0.006,0.008,0.008,0.007,0.006,0.006,0.006,0.006,0.005,0.007,0.007,0.008,0.007,0.007,0.007,0.006,0.006,0.006,0.008,0.009,0.01,0.009,0.009,0.01,0.007,0.007,0.007,0.007,0.006,0.007,0.005,0.006,0.007,0.007,0.008,0.007,0.007,0.006,0.006,0.006,0.006,0.005,0.007,0.009,0.008,0.007,0.006,0.006,0.006,0.006,0.007,0.008,0.007,0.009,0.007,0.007,0.007,0.006,0.006,0.01,0.01,0.011,0.01,0.01,0.009,0.008,0.008,0.007,0.008,0.007,0.007,0.039,0.049,0.016,0.006,0.004,0.005,0.002,0,0,0,0,0.001,0.081,0.017,0.055,0.009,0.002,0.016,0,0.022,0,0,0.024,0.032,0.017,0.006,0.008,0.009,0.006,0.008,0.012,0.008,0.001,0.012,0.004,0.009,0.015,0,0,0,0,0,0.032,0.01,0.018,0.002,0.838,0.875,0.749,0.89,0.912,1.102,0.921,0.837,0.833,0.811,0.784,0.739,0.732,0.789,0.886,0.733,0.573,0.073,0,0,0,0,0,0,0,0,0,0,0,0,0,0,0,0,0.046,0.094,0.002,0.001,0.002,0,0,0,0.004,0.003,0.001,0,0,0.001,0.001,0.004,0,0,0.001,0.001,0.002,0.003,0.004,0.005,0.002,0.002,0.008,0.049,0.021,0.006,0.006,0.007,0.01,0.01,0.012,0.013,0.014,0.016,0.016,0.017,0.016,0.017,0.017,0.016,0.017,0.017,0.012,0.011,0.012,0.013,0,0,0,0,0,0,0,0,0,0,0,0,0,0,0,0,0,0,0,0,0,0,0,0,0,0,0,0,0,0,0,0,0,0,0,0.028,0.014,0.013,0.015,0.018,0.017,0.016,0.013,0.011,0.013,0.012,0.013,0.013,0.011,0.01,0.011,0.01,0.01,0.009,0.008,0.007,0.007,0.007,0.008,0.006,0.007,0.006,0.007,0.007,0.007,0.006,0.007,0.006,0.008,0.007,0.007,0.009,A,16.147
20260720,0.009,0.01,0.01,0.009,0.009,0.006,0.008,0.007,0.008,0.008,0.008,0.007,0.007,0.006,0.007,0.006,0.007,0.009,0.008,0.009,0.008,0.006,0.007,0.006,0.007,0.006,0.008,0.01,0.009,0.009,0.007,0.007,0.006,0.007,0.007,0.007,0.009,0.01,0.012,0.011,0.011,0.016,0.019,0.017,0.015,0.006,0.007,0.008,0.009,0.01,0.008,0.006,0.006,0.006,0.005,0.006,0.005,0.006,0.005,0.005,0.006,0.006,0.006,0.006,0.006,0.006,0.006,0.005,0.005,0.006,0.006,0.006,0.008,0.008,0.043,0.023,0.016,0.024,0.009,0.009,0.01,0.011,0.012,0.01,0.028,0.052,0.021,0.008,0.007,0.007,0.009,0.007,0.007,0.005,0.004,0.014,0.025,0,0,0.001,0,0.001,0.034,0.032,0.033,0.027,0.028,0.032,0.034,0.032,0.023,0.025,0.026,0.027,0.022,0.025,0.026,0.033,0.036,0.026,0.022,0.036,0.03,0.02,0.012,0.012,0.012,0.009,0.013,0.018,0.076,0.071,0.876,0.877,0.88,0.875,0.88,0.881,0.86,0.867,0.856,0.862,0.837,0.748,0.715,0.559,0.606,0.647,0.677,0.69,0.868,0.907,0.896,0.825,0.739,0.612,0.156,0.12,0.079,0.005,0,0,0,0,0,0,0,0.058,0,0,0,0,0,0,0,0,0,0,0,0,0,0,0,0,0,0,0,0,0.001,0.004,0.07,0.041,0.003,0.008,0.008,0.009,0.009,0.011,0.012,0.011,0.01,0.011,0.01,0.01,0.012,0.014,0.015,0.015,0.014,0.013,0.011,0.013,0.012,0.012,0.052,0.012,0,0,0,0,0,0,0,0,0,0,0,0,0,0,0,0,0,0,0,0,0,0,0,0,0,0,0,0,0,0,0,0,0,0,0,0.024,0.012,0.011,0.011,0.012,0.019,0.018,0.018,0.015,0.009,0.015,0.015,0.016,0.017,0.016,0.014,0.011,0.007,0.007,0.007,0.007,0.007,0.008,0.007,0.007,0.007,0.006,0.007,0.008,0.008,0.007,0.007,0.007,0.008,0.007,0.007,0.007,A,22.071
20260721,0.008,0.008,0.007,0.008,0.007,0.007,0.008,0.008,0.007,0.009,0.008,0.008,0.009,0.01,0.01,0.011,0.011,0.009,0.009,0.008,0.008,0.008,0.007,0.006,0.008,0.008,0.009,0.01,0.008,0.009,0.007,0.005,0.005,0.005,0.005,0.006,0.008,0.006,0.005,0.005,0.005,0.005,0.005,0.005,0.007,0.007,0.007,0.005,0.005,0.005,0.005,0.006,0.006,0.006,0.007,0.009,0.008,0.008,0.008,0.007,0.006,0.007,0.007,0.007,0.007,0.007,0.007,0.006,0.005,0.007,0.007,0.007,0.007,0.006,0.007,0.007,0.007,0.006,0.008,0.007,0.007,0.027,0.052,0.03,0.011,0.015,0.01,0.011,0.008,0.005,0.003,0.002,0.001,0,0,0,0.03,0,0,0,0,0,0.005,0.009,0.008,0.118,0.02,0,0,0,0,0,0,0,0,0,0,0,0,0.009,0,0,0,0,0,0,0.009,0.001,0,0,0,0,0.655,0.849,0.757,0.642,0.637,0.63,0.628,0.633,0.818,1.17,1.223,1.211,1.067,1.037,0.89,0.998,1.055,0.82,0.738,0.661,0.737,0.766,0.778,0.813,0.159,0,0,0,0,0,0,0,0.009,0,0,0.018,0,0,0,0,0,0,0,0.001,0,0,0,0,0,0,0,0,0,0,0,0,0,0.008,0.024,0.014,0.002,0.017,0.02,0.015,0.015,0.01,0.012,0.024,0.003,0,0,0,0,0,0,0.01,0.015,0.013,0.01,0,0,0,0,0,0,0,0,0,0,0,0,0,0,0,0,0,0,0,0,0,0,0,0,0,0,0,0,0,0,0,0,0,0,0,0,0.041,0.121,0.041,0.038,0.033,0,0,0,0,0,0,0,0,0,0,0,0,0,0,0,0,0,0,0,0,0,0,0,0,0,0,0,0,0,0.001,0,0,0,0,0,0,A,21.847
20260722,0,0,0,0,0,0,0,0,0,0,0,0,0,0,0,0,0,0,0,0,0,0,0,0,0,0,0,0,0,0,0,0,0,0,0,0,0,0,0,0,0,0,0,0,0,0,0,0,0,0,0,0,0,0,0,0,0,0,0,0,0,0,0,0,0,0,0,0,0,0,0,0,0,0,0,0,0,0,0.002,0.014,0,0.001,0.006,0,0,0,0,0,0,0,0,0,0.003,0.026,0,0,0,0,0.021,0,0,0,0,0,0,0,0.025,0,0,0.001,0.009,0.004,0.003,0.021,0,0,0,0,0,0,0,0,0,0,0,0,0,0,0.011,0,0,0,0.659,0.658,0.718,0.772,0.965,0.992,0.822,0.637,0.739,0.654,0.665,0.707,0.644,0.672,0.672,0.719,0.733,0.751,0.329,0,0,0.062,0.024,0.011,0,0,0.029,0.026,0,0.001,0.014,0.031,0.038,0.03,0.006,0.105,0.004,0.001,0,0,0,0,0,0,0,0,0,0,0,0,0,0,0,0,0,0.001,0,0.029,0.013,0.003,0.002,0.003,0.005,0.003,0.003,0.006,0.008,0.009,0.009,0.011,0.013,0.013,0.015,0.014,0.014,0.01,0.018,0.003,0.002,0.003,0.002,0.002,0.003,0.007,0.002,0,0,0,0,0,0,0,0,0,0,0,0,0,0,0,0,0,0,0,0,0,0,0,0,0,0,0,0,0.013,0,0.038,0.03,0.035,0.039,0.036,0.003,0.002,0.002,0.002,0.002,0.002,0.003,0.002,0.003,0.004,0.003,0.004,0.003,0.002,0.002,0.003,0.002,0.002,0.002,0.002,0.001,0.001,0.002,0.001,0.002,0.001,0.001,0.001,0.002,0.001,0.002,0.001,0.002,0.001,0.001,0.001,A,14.525
20260723,0.001,0.001,0.001,0.001,0.001,0.001,0,0.001,0.001,0.001,0,0.002,0.001,0.001,0.002,0.001,0,0.001,0.001,0.001,0.001,0.001,0.001,0.001,0.001,0.001,0,0.001,0.001,0.001,0.001,0.001,0.001,0.001,0.001,0.002,0.002,0.001,0.002,0.001,0.002,0.001,0.001,0.001,0.001,0.002,0.001,0.001,0.001,0.001,0.001,0.001,0.002,0.001,0.001,0.001,0.002,0.001,0.002,0.001,0.001,0.001,0,0.002,0.001,0.001,0.001,0.001,0.001,0.001,0.001,0.001,0.001,0.002,0.001,0.001,0.002,0.001,0.008,0.006,0.004,0.002,0.02,0.014,0.012,0.002,0.002,0.002,0.002,0.001,0.001,0,0.001,0.014,0,0,0,0,0,0,0,0,0,0,0,0,0,0,0,0,0,0,0,0,0,0,0,0,0.016,0,0,0,0,0,0,0,0,0,0,0,0,0.008,0.711,0.674,0.648,0.651,0.649,0.739,0.642,0.637,0.633,0.63,0.63,0.623,0.639,0.64,0.641,0.631,0.617,0.884,1.119,0.776,0.787,0.78,0.734,0.769,0.896,0.26,0.001,0,0,0,0,0,0,0,0.044,0.013,0,0,0,0,0,0.003,0,0.001,0,0,0,0,0,0.001,0,0,0,0,0,0,0,0.006,0.003,0.002,0.001,0,0.002,0.001,0.002,0.002,0.002,0.002,0.002,0.002,0.002,0.002,0.002,0.002,0.002,0.002,0.003,0.003,0.003,0.003,0.003,0.003,0.011,0.012,0,0,0,0,0,0,0,0,0,0,0,0,0,0,0,0,0,0,0,0,0,0,0,0,0,0,0,0,0,0,0,0,0,0,0,0,0.003,0.002,0.003,0.002,0.003,0.002,0.002,0.003,0.002,0.002,0.002,0.002,0.002,0.002,0.002,0.002,0.002,0.003,0.002,0.002,0.001,0.002,0.001,0.005,0.001,0.001,0.001,0.001,0.001,0.002,0.001,0.001,0.001,0.001,0.001,0.002,A,18.452
20260724,0.002,0.001,0.002,0.001,0.001,0.001,0.001,0.001,0.001,0.001,0.002,0.001,0.001,0.001,0.001,0.001,0.002,0.001,0.001,0.001,0.001,0.001,0.001,0.001,0.002,0.002,0.001,0.001,0.001,0.002,0.001,0.001,0.001,0.001,0.001,0.002,0.001,0.001,0.001,0.001,0.001,0.001,0.001,0.001,0.001,0.002,0.001,0.001,0.001,0.001,0.001,0.001,0.001,0.002,0.001,0.001,0.001,0.001,0,0.001,0.001,0.001,0.001,0.001,0.002,0.001,0.001,0.001,0.001,0.001,0.011,0.023,0.021,0.021,0.026,0.027,0.025,0.02,0.022,0.021,0.1,0.111,0.035,0.108,0.114,0.065,0.03,0.032,0.035,0.03,0.029,0.026,0.023,0.015,0.008,0.004,0.061,0,0,0,0,0,0,0.001,0,0,0.005,0,0.009,0.051,0.072,0,0,0,0,0,0,0.033,0,0,0,0,0,0,0,0,0.032,0.004,0,0.001,0.048,0.009,0,0.275,0.736,1.215,1.008,1.041,0.988,0.973,0.977,0.987,1.038,1.133,1.048,0.874,0.687,0.825,0.871,0.882,0.781,0.746,0.821,0.812,0.859,0.84,0.89,0.813,0.789,0.878,0.871,0.887,0.909,0.965,0.33,0.014,0,0.047,0,0,0,0,0,0,0,0,0,0.001,0,0,0,0,0,0,0,0,0,0,0.029,0.063,0.012,0.002,0.001,0.015,0.114,0.024,0.028,0.029,0.037,0.017,0.015,0.014,0.015,0.015,0.014,0.013,0.015,0.02,0.022,0.022,0.021,0.017,0.019,0.02,0.021,0.019,0,0,0,0,0,0,0,0,0,0,0,0,0,0,0,0,0,0,0,0,0,0,0,0,0,0,0,0,0,0,0,0,0,0,0,0,0.003,0.002,0.098,0.002,0.001,0.001,0.001,0.001,0.001,0.002,0.001,0.001,0.002,0.001,0.002,0.002,0.001,0.002,0.001,0.001,0.002,0.002,0.002,0.001,0.001,0.001,0.001,0.001,0.002,0.001,0.001,0.002,0.001,0.001,0.002,0.001,A,30.000
20260725,0.005,0.006,0.005,0.004,0.002,0.004,0.014,0.016,0.016,0.013,0.008,0.005,0.003,0.003,0.003,0.011,0.01,0.009,0.007,0.006,0.004,0.002,0.002,0.002,0.011,0.01,0.012,0.006,0.006,0.003,0.002,0.002,0.01,0.011,0.012,0.006,0.007,0.006,0.003,0.003,0.005,0.011,0.013,0.013,0.007,0.006,0.005,0.003,0.002,0.002,0.004,0.007,0.006,0.002,0.002,0.001,0.002,0.001,0.008,0.012,0.007,0.003,0.002,0.001,0.002,0.001,0.002,0.002,0.002,0.002,0.002,0.001,0.001,0.002,0.001,0.002,0.002,0.002,0.002,0.137,0.031,0.002,0.028,0.001,0.001,0.002,0.005,0.027,0.013,0.002,0,0.001,0,0,0.001,0,0,0,0,0.048,0,0,0.003,0.001,0.001,0,0,0,0,0.03,0.115,0.152,0.142,0.143,0.147,0.159,0.168,0.172,0.198,0.18,0.229,0.242,0.229,0.228,0.233,0.232,0.229,0.222,0.222,0.225,0.208,0.207,0.343,0.32,0.294,0.286,0.282,0.282,0.323,0.353,0.363,0.323,0.243,0.24,0.507,0.607,0.592,0.561,0.553,0.549,0.549,0.558,0.634,0.615,0.476,0.374,0.434,0.455,0.369,0.368,0.368,0.372,0.281,0.104,0,0,0.022,0.117,0.001,0,0,0,0,0,0,0,0,0,0,0,0,0,0,0,0,0,0,0,0,0.004,0.037,0.057,0.014,0.002,0.004,0.002,0.002,0.002,0.002,0.003,0.002,0.003,0.003,0.002,0.003,0.002,0.003,0.003,0.002,0.003,0.003,0.003,0.003,0.004,0.014,0.004,0,0,0,0,0,0,0,0,0,0,0,0,0,0,0,0,0,0,0,0,0,0,0,0,0,0,0,0,0,0,0,0,0,0,0,0,0.001,0.001,0.001,0.002,0.001,0.001,0.002,0.001,0.001,0.002,0.001,0.001,0.002,0.001,0.001,0.001,0.001,0.001,0.001,0.001,0.001,0.001,0.001,0.001,0,0.001,0.001,0.001,0.001,0.001,0.001,0.001,0.001,0.001,0,0.001,A,18.379
20260726,0.002,0.001,0.001,0.001,0.002,0.001,0.001,0.001,0.002,0.002,0.001,0.005,0.005,0.008,0.007,0.008,0.001,0.002,0.002,0.001,0.001,0.001,0.001,0.002,0.001,0.004,0.002,0.001,0.002,0.001,0.001,0.001,0.001,0.003,0.005,0.003,0.003,0.001,0.001,0.001,0.001,0.002,0.005,0.004,0.004,0.002,0.001,0.001,0.001,0.001,0.001,0.001,0.001,0.002,0.002,0.001,0.002,0.001,0.001,0.001,0.002,0.001,0.001,0.002,0.001,0.001,0.001,0.001,0.001,0.002,0.001,0.001,0.002,0.001,0.001,0.001,0.002,0.001,0.001,0.001,0.002,0.001,0.001,0.001,0.002,0.001,0.002,0.02,0.038,0.094,0.101,0.1,0.123,0.003,0.065,0.074,0.071,0.07,0.013,0.063,0,0,0.015,0.017,0.01,0,0.01,0.075,0.101,0.071,0,0,0,0,0.001,0.014,0.028,0.03,0,0,0.009,0,0,0.002,0.002,0,0,0.001,0.001,0.001,0.002,0.001,0.672,0.74,0.743,1.088,0.967,0.936,0.92,0.913,0.909,0.873,0.747,0.645,0.649,0.747,0.763,0.764,0.841,0.757,0.702,0.704,0.71,0.771,0.541,0.129,0.034,0.004,0.011,0,0,0,0,0.019,0.011,0.018,0.053,0.136,0.001,0.009,0.027,0.018,0.028,0.017,0.014,0.024,0.029,0.019,0.022,0.006,0.001,0,0,0,0,0,0,0,0,0,0,0.001,0.001,0.001,0.001,0.003,0.002,0.002,0.003,0.002,0.003,0.001,0.001,0.002,0.001,0.003,0.003,0.003,0.004,0.003,0.002,0.003,0.003,0.004,0.004,0.005,0,0,0,0,0,0,0,0,0,0,0,0,0,0,0,0,0,0,0,0,0,0,0,0,0,0,0,0,0,0,0,0,0,0,0,0,0.097,0.044,0.04,0.003,0.008,0.015,0.003,0.002,0.002,0.003,0.002,0.003,0.002,0.002,0.003,0.002,0.002,0.002,0.002,0.001,0.002,0.002,0.002,0.002,0.002,0.002,0.003,0.002,0.002,0.002,0.002,0.002,0.002,0.001,0.002,0.002,A,20.449
20260727,0.017,0.02,0.02,0.019,0.016,0.014,0.015,0.014,0.015,0.016,0.018,0.018,0.021,0.018,0.018,0.016,0.015,0.015,0.018,0.017,0.018,0.017,0.015,0.015,0.018,0.018,0.019,0.02,0.018,0.019,0.021,0.022,0.021,0.021,0.017,0.019,0.022,0.021,0.02,0.017,0.031,0.035,0.035,0.033,0.015,0.02,0.021,0.023,0.016,0.015,0.014,0.012,0.01,0.011,0.01,0.011,0.008,0.007,0.008,0.01,0.006,0.008,0.008,0.005,0.006,0.002,0.003,0.002,0.003,0.003,0.005,0.008,0.003,0.004,0.003,0.003,0.002,0.002,0.002,0.002,0.002,0.002,0.002,0.002,0.002,0.002,0.009,0.013,0.002,0.002,0.002,0.001,0.002,0.001,0.001,0.002,0.001,0.003,0.044,0.003,0.017,0.008,0.03,0.026,0.022,0.027,0.032,0.042,0.039,0.081,0.023,0.01,0.025,0.029,0.013,0.027,0.038,0.02,0.029,0,0.026,0.047,0.041,0.034,0.024,0.009,0.026,0.036,0.038,0.195,0.318,0.284,1.048,0.982,1.214,1.219,1.148,1.039,0.823,0.782,0.869,0.956,0.91,0.802,0.841,0.866,0.963,0.773,0.735,0.916,0.943,0.979,0.974,0.914,0.962,0.995,0.509,0.276,0.285,0.211,0.167,0.187,0.173,0.136,0.019,0,0,0.016,0,0,0,0,0,0.001,0,0,0,0.001,0,0,0,0,0,0,0,0,0,0,0,0.001,0,0.001,0.004,0.002,0.001,0.002,0.001,0.002,0.001,0.002,0.002,0.001,0.002,0.002,0.002,0.002,0.003,0.002,0.002,0.003,0.002,0.003,0.002,0.002,0.002,0.003,0,0,0,0,0,0,0,0,0,0,0,0,0,0,0,0,0,0,0,0,0,0,0,0,0,0,0,0,0,0,0,0,0,0,0,0,0.002,0.002,0.002,0.002,0.001,0.003,0.003,0.003,0.003,0.001,0.002,0.002,0.003,0.002,0.003,0.002,0.003,0.002,0.001,0,0.001,0.001,0.001,0.001,0.001,0.001,0.001,0.001,0.002,0.001,0.001,0.001,0.002,0.001,0.001,0.001,A,27.603
20260728,0.001,0.003,0.005,0.004,0.003,0.002,0.001,0.001,0.001,0.002,0.002,0.002,0.002,0.002,0.002,0.002,0.002,0.007,0.008,0.008,0.008,0.007,0.001,0.001,0.001,0.001,0.003,0.005,0.005,0.004,0.002,0.001,0.001,0.001,0.002,0.002,0.003,0.002,0.005,0.002,0.002,0.002,0.001,0.002,0.003,0.003,0.002,0.002,0.001,0.001,0.001,0.002,0.001,0.002,0.001,0.002,0.001,0.001,0.002,0.001,0.001,0.001,0.002,0.002,0.001,0.002,0.001,0.001,0.001,0.002,0.001,0.001,0.001,0.001,0.002,0.001,0.001,0.002,0.001,0.001,0.002,0.001,0.104,0.001,0.001,0.001,0.001,0.003,0.004,0.001,0,0,0,0,0,0,0,0,0,0,0,0.027,0.01,0.012,0.012,0.01,0.013,0.022,0.017,0.002,0.002,0,0,0,0,0,0,0.005,0.017,0,0,0,0,0,0,0,0,0,0,0,0,0,0.73,0.726,0.922,0.944,0.924,0.907,0.886,0.832,0.703,0.698,0.7,0.701,0.704,0.814,0.814,0.777,0.701,0.684,0.663,0.664,0.704,1.018,0.613,0.131,0.103,0.001,0,0,0,0,0.011,0.025,0.001,0.001,0,0.03,0.001,0,0,0,0.002,0,0,0,0.007,0,0,0,0,0,0,0,0,0,0,0,0,0,0,0.002,0.001,0.001,0.002,0.002,0.001,0.001,0.001,0.002,0.001,0.002,0.001,0.002,0.002,0.002,0.002,0.002,0.002,0.002,0.003,0.002,0.002,0.002,0.003,0.001,0,0,0,0,0,0,0,0,0,0,0,0,0,0,0,0,0,0,0,0,0,0,0,0,0,0,0,0,0,0,0,0,0,0,0,0.001,0.002,0.002,0.002,0.002,0.091,0.12,0.01,0.004,0.002,0.002,0.002,0.001,0.002,0.002,0.001,0.002,0.002,0.002,0.002,0.001,0.001,0.002,0.001,0.001,0.001,0.001,0.001,0.002,0.001,0.001,0.002,0.001,0.002,0.001,0.002,0.001,A,18.906
20260729,0.005,0.005,0.003,0.001,0.001,0.002,0.001,0.001,0.001,0.003,0.005,0.005,0.004,0.002,0.001,0.001,0.001,0.002,0.001,0.004,0.005,0.004,0.004,0.001,0.001,0.001,0.001,0.002,0.002,0.002,0.004,0.003,0.002,0.002,0.001,0.001,0.002,0.005,0.008,0.009,0.007,0.007,0.006,0.001,0.001,0.002,0.002,0.002,0.001,0.001,0.001,0,0.001,0.001,0.001,0,0.001,0.001,0.001,0,0.001,0.001,0.001,0.001,0.001,0.001,0,0.001,0.001,0.001,0,0.001,0.001,0.001,0.001,0.001,0.001,0.001,0.001,0.001,0.001,0.001,0.001,0.001,0.001,0.001,0.001,0.001,0,0.003,0.001,0,0,0,0,0,0,0,0,0,0,0,0.003,0.007,0.005,0.004,0.078,0.064,0,0,0,0.001,0.001,0,0.019,0,0,0,0,0,0,0,0,0,0,0.001,0,0,0,0,0,0,0.736,0.935,0.939,0.927,0.907,1.002,0.906,0.818,0.823,0.69,0.719,0.809,0.96,0.698,0.741,0.721,0.795,0.727,0.691,0.807,0.782,0.608,0.609,0.029,0,0,0.018,0.058,0,0.085,0,0.007,0.02,0.045,0.016,0.085,0.004,0,0,0,0,0.002,0,0,0.001,0,0,0,0,0,0,0,0,0,0,0,0,0.026,0.02,0,0,0,0,0,0,0,0,0.049,0.047,0.031,0.001,0.002,0.033,0.003,0.002,0.002,0.001,0.002,0.006,0.005,0.002,0.001,0.003,0.002,0.002,0,0,0,0,0,0,0,0,0,0,0,0,0,0,0,0,0,0,0,0,0,0,0,0,0,0,0,0,0,0,0,0,0,0,0,0,0,0,0,0,0,0,0,0,0,0,0,0,0,0.001,0.002,0.002,0.002,0.002,0.002,0.002,0.002,0.002,0.002,0.002,0.002,0.002,0.002,0.002,0.002,0.002,0.002,0.002,0.002,0.002,0.002,A,19.362
20260730,0.001,0.002,0.002,0.002,0.002,0.002,0.002,0.002,0.002,0.002,0.002,0.001,0.002,0.002,0.002,0.002,0.002,0.002,0.002,0.002,0.002,0.002,0.002,0.001,0.002,0.002,0.002,0.003,0.002,0.002,0.002,0.002,0.002,0.002,0.002,0.002,0.002,0.002,0.002,0.002,0.002,0.002,0.002,0.003,0.002,0.002,0.002,0.002,0.003,0.002,0.002,0.002,0.002,0.002,0.003,0.002,0.002,0.002,0.002,0.002,0.002,0.003,0.002,0.002,0.002,0.002,0.002,0.002,0.003,0.002,0.002,0.002,0.002,0.002,0.002,0.002,0.002,0.002,0.002,0.002,0.003,0.002,0.002,0.002,0.001,0.002,0.002,0.002,0.003,0.003,0.006,0.006,0.008,0.007,0.008,0.007,0.003,0.003,0.002,0.002,0.002,0.003,0.002,0.003,0.004,0.003,0.005,0.005,0.007,0.009,0.01,0.009,0.01,0.01,0.009,0.006,0.005,0.002,0.003,0.002,0.003,0.001,0.004,0.005,0.004,0.001,0.002,0.003,0.003,0.002,0.002,0.002,0.691,0.692,0.681,0.675,0.672,0.666,0.662,0.656,0.657,0.656,0.76,0.661,0.658,0.667,0.851,0.936,0.901,0.883,0.87,0.847,0.807,0.761,0.777,0.826,0.919,0.834,0.91,0.792,0.807,0.282,0,0,0,0,0.008,0.084,0,0,0,0,0,0,0,0,0,0,0,0,0,0,0,0,0,0,0,0,0,0,0,0,0,0,0.003,0.002,0.002,0.002,0.003,0.001,0.002,0.001,0.002,0.001,0.001,0.001,0.001,0.001,0.001,0.001,0,0.001,0.002,0.001,0.001,0.001,0,0,0,0,0,0,0,0,0,0,0,0,0,0,0,0,0,0,0,0,0,0,0,0,0,0,0,0,0,0,0,0,0,0,0,0.001,0.001,0,0.001,0,0.001,0.001,0.001,0.001,0,0.001,0.001,0,0.001,0.001,0,0.001,0.001,0,0.001,0.001,0,0.001,0,0.001,0.001,0,0.001,0.001,0,0.001,0.001,0,0.001,0.001,0,0.001,A,22.983
Total for Period,,,,,,,,,,,,,,,,,,,,,,,,,,,,,,,,,,,,,,,,,,,,,,,,,,,,,,,,,,,,,,,,,,,,,,,,,,,,,,,,,,,,,,,,,,,,,,,,,,,,,,,,,,,,,,,,,,,,,,,,,,,,,,,,,,,,,,,,,,,,,,,,,,,,,,,,,,,,,,,,,,,,,,,,,,,,,,,,,,,,,,,,,,,,,,,,,,,,,,,,,,,,,,,,,,,,,,,,,,,,,,,,,,,,,,,,,,,,,,,,,,,,,,,,,,,,,,,,,,,,,,,,,,,,,,,,,,,,,,,,,,,,,,,,,,468.614
Stream ID,"Meter 213294978,213294978,213294978,213294978",K1,K1,KVARH,CONSUMPTION
LOCAL TIME,AEST
Date/Time,0:00,0:05,0:10,0:15,0:20,0:25,0:30,0:35,0:40,0:45,0:50,0:55,1:00,1:05,1:10,1:15,1:20,1:25,1:30,1:35,1:40,1:45,1:50,1:55,2:00,2:05,2:10,2:15,2:20,2:25,2:30,2:35,2:40,2:45,2:50,2:55,3:00,3:05,3:10,3:15,3:20,3:25,3:30,3:35,3:40,3:45,3:50,3:55,4:00,4:05,4:10,4:15,4:20,4:25,4:30,4:35,4:40,4:45,4:50,4:55,5:00,5:05,5:10,5:15,5:20,5:25,5:30,5:35,5:40,5:45,5:50,5:55,6:00,6:05,6:10,6:15,6:20,6:25,6:30,6:35,6:40,6:45,6:50,6:55,7:00,7:05,7:10,7:15,7:20,7:25,7:30,7:35,7:40,7:45,7:50,7:55,8:00,8:05,8:10,8:15,8:20,8:25,8:30,8:35,8:40,8:45,8:50,8:55,9:00,9:05,9:10,9:15,9:20,9:25,9:30,9:35,9:40,9:45,9:50,9:55,10:00,10:05,10:10,10:15,10:20,10:25,10:30,10:35,10:40,10:45,10:50,10:55,11:00,11:05,11:10,11:15,11:20,11:25,11:30,11:35,11:40,11:45,11:50,11:55,12:00,12:05,12:10,12:15,12:20,12:25,12:30,12:35,12:40,12:45,12:50,12:55,13:00,13:05,13:10,13:15,13:20,13:25,13:30,13:35,13:40,13:45,13:50,13:55,14:00,14:05,14:10,14:15,14:20,14:25,14:30,14:35,14:40,14:45,14:50,14:55,15:00,15:05,15:10,15:15,15:20,15:25,15:30,15:35,15:40,15:45,15:50,15:55,16:00,16:05,16:10,16:15,16:20,16:25,16:30,16:35,16:40,16:45,16:50,16:55,17:00,17:05,17:10,17:15,17:20,17:25,17:30,17:35,17:40,17:45,17:50,17:55,18:00,18:05,18:10,18:15,18:20,18:25,18:30,18:35,18:40,18:45,18:50,18:55,19:00,19:05,19:10,19:15,19:20,19:25,19:30,19:35,19:40,19:45,19:50,19:55,20:00,20:05,20:10,20:15,20:20,20:25,20:30,20:35,20:40,20:45,20:50,20:55,21:00,21:05,21:10,21:15,21:20,21:25,21:30,21:35,21:40,21:45,21:50,21:55,22:00,22:05,22:10,22:15,22:20,22:25,22:30,22:35,22:40,22:45,22:50,22:55,23:00,23:05,23:10,23:15,23:20,23:25,23:30,23:35,23:40,23:45,23:50,23:55,Quality,Total
20260710,0.086,0.085,0.086,0.089,0.095,0.094,0.096,0.095,0.097,0.096,0.096,0.095,0.095,0.095,0.095,0.095,0.096,0.096,0.097,0.097,0.096,0.097,0.096,0.096,0.097,0.097,0.096,0.097,0.097,0.096,0.096,0.095,0.095,0.097,0.095,0.096,0.095,0.096,0.096,0.096,0.096,0.096,0.087,0.086,0.087,0.087,0.091,0.097,0.096,0.095,0.096,0.096,0.096,0.097,0.096,0.097,0.096,0.096,0.096,0.096,0.095,0.095,0.095,0.095,0.095,0.095,0.095,0.095,0.095,0.095,0.096,0.096,0.098,0.097,0.097,0.097,0.096,0.095,0.096,0.096,0.1,0.1,0.102,0.1,0.1,0.106,0.103,0.102,0.084,0.095,0.094,0.095,0.097,0.104,0.103,0.103,0.103,0.102,0.102,0.105,0.101,0.1,0.101,0.1,0.1,0.101,0.103,0.101,0.099,0.095,0.094,0.097,0.101,0.102,0.101,0.101,0.099,0.098,0.099,0.099,0.1,0.099,0.094,0.095,0.095,0.124,0.144,0.143,0.137,0.125,0.132,0.133,0.121,0.121,0.125,0.132,0.113,0.113,0.108,0.099,0.101,0.116,0.119,0.118,0.117,0.115,0.117,0.116,0.12,0.1,0.096,0.094,0.097,0.113,0.117,0.112,0.115,0.119,0.115,0.106,0.097,0.101,0.092,0.091,0.092,0.109,0.115,0.123,0.1,0.101,0.101,0.103,0.101,0.101,0.102,0.102,0.103,0.101,0.102,0.102,0.104,0.103,0.104,0.103,0.103,0.104,0.104,0.103,0.102,0.103,0.102,0.102,0.103,0.101,0.102,0.097,0.09,0.093,0.092,0.092,0.093,0.099,0.101,0.097,0.092,0.094,0.093,0.093,0.092,0.092,0.09,0.087,0.087,0.083,0.076,0.077,0.078,0.084,0.088,0.087,0.088,0.088,0.087,0.087,0.087,0.087,0.088,0.088,0.089,0.088,0.087,0.087,0.081,0.083,0.083,0.083,0.085,0.093,0.093,0.094,0.092,0.092,0.092,0.09,0.103,0.106,0.104,0.093,0.092,0.098,0.106,0.101,0.093,0.092,0.098,0.108,0.099,0.093,0.093,0.094,0.108,0.107,0.095,0.095,0.095,0.095,0.095,0.095,0.095,0.095,0.091,0.087,0.084,0.085,0.083,0.091,0.093,0.092,0.093,0.094,0.094,0.093,0.094,0.093,0.093,0.093,0.093,0.094,A,28.289
20260711,0.092,0.093,0.093,0.093,0.094,0.094,0.094,0.094,0.095,0.095,0.095,0.096,0.095,0.095,0.095,0.095,0.095,0.096,0.095,0.096,0.096,0.096,0.096,0.096,0.094,0.095,0.091,0.086,0.086,0.087,0.086,0.091,0.095,0.095,0.095,0.094,0.096,0.096,0.096,0.097,0.097,0.096,0.095,0.095,0.095,0.096,0.095,0.096,0.096,0.095,0.096,0.095,0.095,0.094,0.095,0.095,0.096,0.096,0.096,0.096,0.096,0.095,0.095,0.095,0.096,0.095,0.095,0.095,0.095,0.094,0.094,0.094,0.094,0.089,0.087,0.086,0.087,0.088,0.096,0.096,0.096,0.094,0.095,0.099,0.102,0.094,0.103,0.103,0.103,0.103,0.102,0.101,0.103,0.104,0.104,0.102,0.103,0.102,0.102,0.103,0.103,0.104,0.144,0.148,0.135,0.131,0.128,0.122,0.105,0.105,0.102,0.099,0.096,0.099,0.121,0.11,0.142,0.146,0.143,0.137,0.126,0.139,0.142,0.144,0.108,0.099,0.101,0.102,0.101,0.101,0.099,0.094,0.075,0.067,0.07,0.078,0.079,0.075,0.077,0.071,0.077,0.09,0.09,0.094,0.095,0.095,0.087,0.087,0.084,0.085,0.093,0.092,0.087,0.088,0.089,0.087,0.085,0.078,0.081,0.085,0.087,0.095,0.094,0.093,0.095,0.097,0.098,0.098,0.097,0.097,0.099,0.1,0.099,0.098,0.099,0.099,0.097,0.098,0.102,0.103,0.103,0.102,0.104,0.104,0.105,0.106,0.1,0.095,0.094,0.094,0.094,0.094,0.097,0.1,0.103,0.103,0.104,0.102,0.103,0.102,0.102,0.1,0.102,0.101,0.096,0.095,0.095,0.093,0.093,0.094,0.093,0.092,0.092,0.08,0.08,0.081,0.081,0.082,0.091,0.092,0.086,0.083,0.083,0.083,0.08,0.083,0.088,0.088,0.089,0.089,0.091,0.092,0.094,0.094,0.095,0.094,0.093,0.094,0.094,0.095,0.094,0.094,0.093,0.094,0.093,0.093,0.094,0.094,0.093,0.094,0.094,0.095,0.095,0.095,0.122,0.101,0.093,0.082,0.08,0.1,0.105,0.093,0.088,0.09,0.089,0.09,0.091,0.092,0.09,0.091,0.094,0.094,0.094,0.094,0.094,0.094,0.094,0.094,0.096,0.095,0.095,0.096,0.094,0.095,0.095,0.095,0.094,0.094,A,27.751
20260712,0.095,0.094,0.094,0.095,0.088,0.085,0.086,0.085,0.089,0.094,0.095,0.096,0.095,0.096,0.096,0.095,0.095,0.096,0.096,0.094,0.094,0.093,0.094,0.093,0.094,0.094,0.094,0.094,0.094,0.095,0.094,0.095,0.095,0.095,0.095,0.095,0.095,0.095,0.096,0.095,0.096,0.095,0.096,0.095,0.088,0.086,0.086,0.086,0.091,0.096,0.096,0.095,0.096,0.096,0.095,0.096,0.096,0.096,0.095,0.095,0.096,0.096,0.095,0.095,0.095,0.096,0.095,0.095,0.095,0.094,0.095,0.095,0.095,0.095,0.095,0.096,0.096,0.095,0.095,0.095,0.094,0.095,0.095,0.093,0.095,0.101,0.092,0.093,0.093,0.083,0.093,0.102,0.101,0.101,0.102,0.103,0.104,0.105,0.105,0.105,0.104,0.099,0.098,0.098,0.098,0.098,0.13,0.135,0.123,0.115,0.109,0.103,0.111,0.11,0.103,0.109,0.121,0.104,0.099,0.098,0.103,0.1,0.099,0.101,0.101,0.102,0.095,0.091,0.091,0.089,0.086,0.094,0.096,0.096,0.097,0.084,0.094,0.095,0.097,0.097,0.097,0.095,0.095,0.091,0.095,0.097,0.098,0.098,0.097,0.098,0.098,0.097,0.098,0.097,0.117,0.13,0.138,0.141,0.128,0.12,0.12,0.121,0.11,0.094,0.096,0.091,0.098,0.109,0.097,0.096,0.094,0.096,0.097,0.097,0.096,0.097,0.096,0.099,0.101,0.103,0.101,0.102,0.103,0.103,0.102,0.101,0.101,0.102,0.102,0.103,0.103,0.102,0.103,0.097,0.092,0.095,0.102,0.102,0.102,0.099,0.093,0.094,0.093,0.093,0.096,0.094,0.093,0.092,0.09,0.089,0.09,0.09,0.09,0.09,0.09,0.09,0.092,0.091,0.09,0.087,0.086,0.088,0.093,0.095,0.093,0.094,0.094,0.094,0.094,0.095,0.096,0.096,0.092,0.097,0.093,0.087,0.087,0.088,0.087,0.095,0.098,0.098,0.098,0.098,0.097,0.111,0.122,0.101,0.087,0.1,0.104,0.095,0.092,0.103,0.104,0.091,0.093,0.11,0.096,0.091,0.102,0.106,0.092,0.09,0.09,0.092,0.092,0.091,0.09,0.093,0.095,0.093,0.094,0.095,0.094,0.086,0.085,0.085,0.084,0.089,0.094,0.094,0.095,0.095,0.095,0.095,0.095,0.095,A,27.957
20260713,0.094,0.094,0.094,0.095,0.094,0.094,0.096,0.096,0.096,0.096,0.095,0.096,0.096,0.096,0.096,0.096,0.096,0.096,0.096,0.096,0.096,0.096,0.095,0.097,0.097,0.096,0.096,0.096,0.096,0.095,0.096,0.096,0.094,0.087,0.086,0.087,0.087,0.096,0.097,0.095,0.097,0.097,0.097,0.097,0.097,0.097,0.097,0.097,0.096,0.097,0.097,0.096,0.097,0.097,0.098,0.097,0.097,0.097,0.097,0.098,0.097,0.096,0.096,0.096,0.096,0.096,0.096,0.096,0.096,0.096,0.097,0.097,0.097,0.096,0.097,0.096,0.097,0.096,0.096,0.095,0.096,0.097,0.096,0.094,0.083,0.096,0.095,0.099,0.104,0.104,0.106,0.104,0.103,0.105,0.103,0.104,0.104,0.104,0.105,0.104,0.102,0.103,0.104,0.102,0.101,0.103,0.105,0.103,0.103,0.104,0.1,0.098,0.099,0.098,0.102,0.101,0.101,0.1,0.1,0.141,0.149,0.145,0.144,0.146,0.145,0.145,0.143,0.142,0.134,0.133,0.136,0.133,0.131,0.114,0.115,0.113,0.121,0.12,0.119,0.119,0.116,0.109,0.096,0.088,0.083,0.078,0.085,0.081,0.077,0.085,0.096,0.098,0.099,0.098,0.099,0.098,0.085,0.098,0.098,0.098,0.098,0.09,0.09,0.09,0.086,0.086,0.095,0.097,0.095,0.101,0.102,0.102,0.102,0.101,0.101,0.101,0.102,0.102,0.102,0.102,0.103,0.103,0.102,0.102,0.102,0.099,0.102,0.102,0.103,0.102,0.101,0.092,0.101,0.102,0.102,0.102,0.094,0.092,0.093,0.092,0.092,0.101,0.099,0.1,0.098,0.093,0.093,0.092,0.094,0.094,0.095,0.093,0.093,0.09,0.089,0.09,0.093,0.089,0.09,0.089,0.09,0.089,0.09,0.089,0.089,0.089,0.088,0.09,0.091,0.09,0.093,0.086,0.084,0.085,0.085,0.087,0.093,0.096,0.096,0.096,0.096,0.096,0.096,0.092,0.095,0.095,0.094,0.094,0.095,0.095,0.095,0.095,0.096,0.117,0.11,0.099,0.092,0.095,0.089,0.11,0.111,0.096,0.096,0.095,0.094,0.094,0.094,0.094,0.094,0.094,0.093,0.094,0.085,0.085,0.085,0.085,0.087,0.095,0.094,0.094,0.095,0.095,0.094,0.095,0.095,0.095,0.094,0.095,A,28.404
20260714,0.094,0.094,0.094,0.095,0.095,0.095,0.095,0.095,0.095,0.095,0.093,0.095,0.095,0.096,0.096,0.096,0.096,0.096,0.095,0.094,0.095,0.095,0.095,0.095,0.096,0.097,0.094,0.086,0.085,0.086,0.086,0.093,0.095,0.096,0.095,0.096,0.095,0.096,0.096,0.095,0.095,0.096,0.096,0.096,0.096,0.095,0.096,0.096,0.096,0.096,0.097,0.097,0.097,0.097,0.097,0.096,0.096,0.098,0.096,0.097,0.096,0.096,0.096,0.097,0.096,0.096,0.096,0.097,0.096,0.097,0.098,0.097,0.097,0.094,0.086,0.087,0.086,0.086,0.095,0.097,0.086,0.094,0.096,0.094,0.101,0.104,0.105,0.105,0.103,0.091,0.103,0.103,0.103,0.103,0.103,0.104,0.104,0.105,0.103,0.031,0,0,0,0,0,0,0,0,0,0,0,0,0,0,0,0,0,0,0,0,0,0,0,0,0,0,0,0,0,0,0,0,0,0,0,0,0,0,0,0,0,0,0,0,0,0,0,0,0,0,0,0,0,0,0,0,0,0,0,0,0,0,0,0,0,0,0,0,0,0,0,0,0,0,0,0,0,0,0,0,0,0,0,0,0,0,0,0,0,0,0,0,0,0,0,0,0,0,0,0,0,0,0,0,0,0,0,0,0,0,0.013,0.069,0,0.054,0.078,0.066,0,0.005,0.006,0.006,0.064,0.07,0.068,0.067,0.066,0.067,0.068,0.075,0.079,0.078,0.079,0.077,0.078,0.078,0.08,0.082,0.081,0.082,0.081,0.081,0.081,0.08,0.081,0.08,0.082,0.079,0.08,0.08,0.079,0.08,0.079,0.081,0.079,0.081,0.082,0.081,0.073,0.074,0.076,0.077,0.077,0.078,0.077,0.078,0.077,0.078,0.079,0.077,0.078,0.076,0.074,0.081,0.08,0.08,0.08,0.081,0.081,0.08,0.08,0.08,0.081,0.081,0.081,0.081,0.081,0.082,0.081,0.08,A,15.122
20260715,0.081,0.08,0.081,0.082,0.081,0.081,0.082,0.082,0.083,0.085,0.082,0.083,0.082,0.082,0.083,0.082,0.083,0.083,0.083,0.083,0.082,0.082,0.082,0.082,0.083,0.083,0.083,0.083,0.082,0.083,0.082,0.083,0.083,0.083,0.083,0.084,0.083,0.077,0.074,0.073,0.074,0.074,0.074,0.074,0.073,0.079,0.084,0.084,0.084,0.083,0.084,0.084,0.082,0.082,0.083,0.083,0.082,0.083,0.084,0.083,0.083,0.082,0.082,0.083,0.082,0.083,0.083,0.082,0.08,0.082,0.082,0.083,0.083,0.082,0.083,0.081,0.073,0.072,0.07,0.069,0.071,0.077,0.072,0.083,0.087,0.087,0.077,0.083,0.09,0.082,0.08,0.081,0.081,0.089,0.085,0.086,0.086,0.078,0.082,0.086,0.087,0.087,0.087,0.087,0.086,0.087,0.085,0.086,0.087,0.089,0.088,0.089,0.087,0.077,0.071,0.065,0.08,0.075,0.072,0.08,0.069,0.127,0.077,0.062,0.061,0.06,0.081,0.087,0.088,0.088,0.023,0,0.044,0.088,0.083,0.089,0.089,0.089,0.087,0.088,0.107,0.118,0.095,0.101,0.118,0.081,0.079,0.094,0.09,0.086,0.085,0.085,0.087,0.086,0.082,0.079,0.084,0.085,0.086,0.087,0.086,0.087,0.09,0.128,0.118,0.117,0.102,0.086,0.084,0.084,0.095,0.129,0.083,0.084,0.084,0.083,0.083,0.084,0.084,0.075,0.075,0.076,0.078,0.075,0.098,0.1,0.1,0.1,0.1,0.1,0.101,0.103,0.098,0.097,0.101,0.102,0.1,0.101,0.101,0.1,0.101,0.099,0.09,0.1,0.099,0.094,0.093,0.093,0.092,0.092,0.093,0.09,0.092,0.091,0.091,0.083,0.069,0.069,0.068,0.074,0.088,0.085,0.085,0.086,0.094,0.092,0.09,0.088,0.09,0.09,0.09,0.089,0.089,0.091,0.092,0.094,0.093,0.094,0.093,0.093,0.093,0.093,0.093,0.091,0.092,0.091,0.091,0.092,0.088,0.083,0.084,0.084,0.084,0.09,0.094,0.092,0.092,0.092,0.093,0.106,0.119,0.085,0.085,0.086,0.087,0.087,0.087,0.086,0.087,0.088,0.089,0.09,0.089,0.089,0.09,0.089,0.089,0.089,0.089,0.089,0.09,0.089,0.09,0.089,0.089,0.089,0.088,0.089,A,24.748
20260716,0.083,0.083,0.084,0.084,0.086,0.092,0.092,0.093,0.094,0.093,0.093,0.093,0.093,0.093,0.094,0.094,0.094,0.095,0.093,0.093,0.094,0.094,0.094,0.094,0.093,0.093,0.093,0.093,0.094,0.095,0.094,0.095,0.087,0.084,0.085,0.085,0.09,0.095,0.094,0.095,0.093,0.094,0.094,0.095,0.094,0.094,0.094,0.092,0.092,0.093,0.093,0.094,0.093,0.093,0.093,0.093,0.093,0.093,0.093,0.093,0.092,0.092,0.092,0.092,0.092,0.092,0.092,0.092,0.092,0.092,0.094,0.095,0.095,0.094,0.094,0.094,0.094,0.092,0.094,0.093,0.098,0.098,0.092,0.091,0.091,0.095,0.097,0.102,0.101,0.09,0.105,0.103,0.102,0.104,0.104,0.102,0.102,0.102,0.103,0.103,0.102,0.101,0.101,0.099,0.094,0.094,0.094,0.093,0.095,0.095,0.098,0.095,0.095,0.095,0.095,0.094,0.094,0.094,0.094,0.095,0.093,0.094,0.094,0.093,0.094,0.094,0.094,0.095,0.096,0.088,0.088,0.088,0.088,0.073,0.103,0.121,0.127,0.129,0.124,0.126,0.121,0.135,0.139,0.14,0.139,0.139,0.14,0.141,0.141,0.141,0.14,0.14,0.143,0.143,0.144,0.145,0.143,0.134,0.142,0.144,0.124,0.113,0.112,0.112,0.109,0.109,0.106,0.103,0.088,0.084,0.086,0.092,0.093,0.094,0.092,0.093,0.093,0.095,0.094,0.094,0.094,0.093,0.095,0.097,0.101,0.102,0.102,0.1,0.101,0.1,0.101,0.101,0.101,0.092,0.099,0.098,0.1,0.1,0.1,0.1,0.101,0.101,0.101,0.1,0.093,0.084,0.084,0.084,0.085,0.086,0.09,0.094,0.094,0.093,0.093,0.094,0.094,0.095,0.094,0.095,0.095,0.094,0.094,0.089,0.09,0.089,0.09,0.09,0.091,0.092,0.093,0.095,0.096,0.094,0.094,0.093,0.094,0.095,0.095,0.095,0.095,0.096,0.096,0.096,0.095,0.096,0.095,0.086,0.086,0.085,0.084,0.081,0.091,0.094,0.092,0.092,0.092,0.092,0.092,0.092,0.093,0.093,0.093,0.093,0.088,0.087,0.088,0.092,0.092,0.091,0.092,0.091,0.091,0.092,0.091,0.092,0.092,0.093,0.093,0.092,0.094,0.092,0.092,0.093,0.092,0.093,0.092,0.093,A,28.157
20260717,0.093,0.09,0.085,0.085,0.084,0.084,0.087,0.095,0.094,0.095,0.094,0.094,0.095,0.094,0.095,0.094,0.095,0.095,0.094,0.094,0.095,0.095,0.094,0.095,0.094,0.094,0.095,0.095,0.095,0.095,0.094,0.095,0.094,0.094,0.095,0.094,0.095,0.095,0.095,0.095,0.096,0.095,0.095,0.095,0.095,0.094,0.087,0.085,0.086,0.086,0.086,0.094,0.095,0.095,0.094,0.094,0.094,0.095,0.096,0.095,0.095,0.095,0.096,0.094,0.095,0.095,0.094,0.095,0.096,0.096,0.097,0.097,0.095,0.085,0.095,0.098,0.098,0.098,0.098,0.088,0.093,0.092,0.093,0.095,0.103,0.103,0.105,0.106,0.108,0.107,0.107,0.105,0.097,0.093,0.093,0.093,0.093,0.1,0.102,0.103,0.102,0.102,0.102,0.102,0.103,0.102,0.102,0.102,0.104,0.104,0.104,0.103,0.105,0.103,0.104,0.104,0.103,0.103,0.102,0.102,0.103,0.102,0.102,0.103,0.107,0.102,0.103,0.102,0.102,0.104,0.106,0.105,0.107,0.096,0.094,0.098,0.097,0.095,0.101,0.105,0.117,0.156,0.155,0.155,0.154,0.151,0.151,0.151,0.153,0.152,0.153,0.146,0.126,0.126,0.118,0.128,0.127,0.128,0.129,0.128,0.128,0.128,0.13,0.13,0.131,0.127,0.126,0.126,0.094,0.092,0.093,0.093,0.093,0.099,0.102,0.102,0.101,0.106,0.106,0.105,0.106,0.105,0.106,0.104,0.105,0.104,0.104,0.105,0.104,0.105,0.101,0.101,0.104,0.104,0.103,0.104,0.104,0.105,0.097,0.095,0.094,0.093,0.093,0.096,0.101,0.097,0.094,0.094,0.095,0.095,0.092,0.093,0.092,0.092,0.091,0.092,0.091,0.09,0.091,0.09,0.088,0.086,0.086,0.087,0.087,0.087,0.086,0.088,0.088,0.089,0.088,0.086,0.079,0.079,0.081,0.08,0.083,0.089,0.09,0.09,0.089,0.089,0.089,0.091,0.093,0.093,0.093,0.094,0.093,0.092,0.093,0.092,0.093,0.093,0.094,0.093,0.094,0.094,0.092,0.094,0.092,0.088,0.089,0.089,0.091,0.083,0.081,0.081,0.08,0.08,0.083,0.089,0.09,0.089,0.09,0.09,0.09,0.087,0.089,0.093,0.094,0.094,0.093,0.093,0.094,0.093,0.093,0.092,A,28.567
20260718,0.092,0.093,0.094,0.094,0.094,0.095,0.095,0.094,0.094,0.094,0.095,0.096,0.095,0.096,0.095,0.096,0.088,0.085,0.086,0.085,0.086,0.091,0.097,0.096,0.096,0.097,0.096,0.096,0.097,0.096,0.097,0.097,0.097,0.096,0.097,0.096,0.097,0.096,0.096,0.097,0.097,0.097,0.097,0.097,0.097,0.097,0.097,0.097,0.097,0.098,0.097,0.097,0.097,0.097,0.096,0.096,0.097,0.094,0.088,0.087,0.087,0.088,0.089,0.096,0.096,0.097,0.097,0.097,0.097,0.097,0.097,0.097,0.098,0.097,0.098,0.098,0.098,0.098,0.098,0.098,0.098,0.098,0.097,0.1,0.106,0.105,0.098,0.1,0.106,0.106,0.106,0.105,0.105,0.106,0.105,0.104,0.103,0.104,0.103,0.103,0.1,0.093,0.093,0.092,0.094,0.093,0.1,0.101,0.104,0.104,0.105,0.104,0.103,0.104,0.103,0.104,0.103,0.104,0.103,0.104,0.103,0.103,0.102,0.102,0.103,0.102,0.102,0.103,0.103,0.102,0.101,0.103,0.102,0.103,0.103,0.097,0.125,0.152,0.152,0.128,0.146,0.151,0.147,0.141,0.143,0.142,0.143,0.144,0.149,0.153,0.126,0.12,0.121,0.121,0.123,0.121,0.119,0.12,0.124,0.124,0.123,0.12,0.126,0.125,0.125,0.125,0.123,0.124,0.105,0.103,0.103,0.103,0.103,0.104,0.104,0.103,0.1,0.094,0.095,0.094,0.095,0.095,0.104,0.105,0.105,0.105,0.103,0.103,0.105,0.11,0.104,0.106,0.105,0.105,0.1,0.097,0.103,0.101,0.104,0.104,0.104,0.104,0.103,0.103,0.104,0.1,0.098,0.096,0.096,0.097,0.094,0.084,0.083,0.084,0.084,0.083,0.082,0.081,0.083,0.091,0.093,0.092,0.087,0.087,0.086,0.087,0.087,0.088,0.087,0.088,0.087,0.09,0.087,0.094,0.094,0.093,0.094,0.095,0.094,0.095,0.094,0.094,0.094,0.09,0.089,0.084,0.084,0.082,0.084,0.083,0.086,0.089,0.09,0.09,0.09,0.091,0.09,0.09,0.09,0.09,0.089,0.09,0.089,0.089,0.089,0.089,0.094,0.093,0.097,0.096,0.095,0.094,0.093,0.094,0.093,0.094,0.094,0.094,0.094,0.094,0.094,0.095,0.091,0.084,0.085,0.084,0.085,0.087,A,28.796
20260719,0.095,0.094,0.094,0.095,0.094,0.094,0.095,0.094,0.095,0.095,0.096,0.095,0.096,0.096,0.096,0.095,0.096,0.097,0.096,0.097,0.098,0.097,0.098,0.097,0.097,0.097,0.096,0.096,0.097,0.097,0.096,0.097,0.097,0.095,0.086,0.087,0.087,0.086,0.087,0.096,0.097,0.097,0.097,0.097,0.097,0.097,0.096,0.096,0.096,0.096,0.097,0.097,0.097,0.097,0.097,0.097,0.097,0.097,0.096,0.097,0.096,0.097,0.098,0.098,0.098,0.099,0.097,0.096,0.097,0.096,0.096,0.097,0.097,0.098,0.092,0.088,0.089,0.089,0.088,0.093,0.097,0.098,0.098,0.102,0.104,0.105,0.105,0.102,0.096,0.105,0.105,0.104,0.105,0.104,0.105,0.105,0.106,0.105,0.105,0.108,0.105,0.105,0.105,0.103,0.104,0.104,0.103,0.103,0.106,0.104,0.099,0.099,0.098,0.094,0.093,0.095,0.095,0.095,0.099,0.097,0.097,0.095,0.094,0.093,0.093,0.094,0.095,0.095,0.1,0.1,0.1,0.098,0.098,0.098,0.099,0.1,0.088,0.085,0.084,0.092,0.097,0.092,0.094,0.088,0.093,0.106,0.105,0.102,0.105,0.106,0.097,0.096,0.097,0.098,0.097,0.088,0.103,0.105,0.106,0.107,0.106,0.107,0.109,0.106,0.107,0.104,0.101,0.101,0.1,0.1,0.1,0.099,0.1,0.1,0.101,0.101,0.101,0.101,0.1,0.101,0.102,0.101,0.101,0.103,0.097,0.092,0.091,0.093,0.093,0.099,0.102,0.107,0.106,0.105,0.093,0.104,0.105,0.105,0.102,0.105,0.104,0.104,0.104,0.104,0.102,0.096,0.096,0.096,0.096,0.095,0.097,0.096,0.096,0.097,0.095,0.096,0.096,0.092,0.082,0.085,0.087,0.086,0.081,0.087,0.093,0.092,0.095,0.094,0.095,0.095,0.096,0.099,0.099,0.099,0.099,0.099,0.098,0.1,0.099,0.098,0.098,0.099,0.097,0.095,0.098,0.095,0.09,0.091,0.092,0.092,0.089,0.083,0.084,0.083,0.085,0.085,0.093,0.094,0.094,0.094,0.094,0.092,0.094,0.093,0.092,0.096,0.096,0.098,0.097,0.096,0.095,0.095,0.094,0.093,0.094,0.094,0.094,0.095,0.095,0.096,0.096,0.095,0.096,0.095,0.096,0.095,0.095,0.091,A,27.927
20260720,0.085,0.086,0.087,0.086,0.087,0.095,0.094,0.096,0.095,0.096,0.096,0.096,0.096,0.097,0.096,0.097,0.096,0.097,0.096,0.096,0.097,0.097,0.097,0.098,0.097,0.097,0.097,0.097,0.096,0.096,0.095,0.096,0.096,0.097,0.096,0.097,0.097,0.096,0.088,0.086,0.086,0.087,0.086,0.094,0.096,0.097,0.097,0.098,0.096,0.096,0.097,0.096,0.097,0.097,0.096,0.097,0.097,0.096,0.097,0.095,0.096,0.096,0.094,0.094,0.095,0.094,0.095,0.094,0.095,0.094,0.096,0.096,0.097,0.096,0.097,0.098,0.099,0.099,0.091,0.088,0.088,0.087,0.091,0.099,0.105,0.104,0.095,0.105,0.104,0.105,0.103,0.104,0.104,0.103,0.104,0.104,0.103,0.105,0.103,0.104,0.104,0.104,0.106,0.105,0.104,0.103,0.104,0.103,0.103,0.103,0.102,0.103,0.103,0.103,0.102,0.102,0.103,0.096,0.086,0.086,0.085,0.089,0.093,0.098,0.101,0.101,0.1,0.101,0.098,0.101,0.102,0.096,0.103,0.099,0.1,0.1,0.102,0.101,0.102,0.101,0.1,0.102,0.101,0.097,0.093,0.094,0.093,0.095,0.094,0.095,0.093,0.096,0.097,0.092,0.083,0.087,0.075,0.087,0.085,0.091,0.095,0.096,0.096,0.095,0.094,0.096,0.095,0.095,0.099,0.099,0.099,0.099,0.099,0.098,0.1,0.099,0.098,0.099,0.101,0.1,0.1,0.101,0.101,0.1,0.1,0.1,0.101,0.1,0.098,0.092,0.092,0.081,0.09,0.092,0.099,0.1,0.1,0.1,0.098,0.101,0.1,0.1,0.1,0.1,0.1,0.097,0.091,0.092,0.092,0.092,0.093,0.091,0.089,0.088,0.089,0.088,0.087,0.087,0.087,0.087,0.087,0.087,0.085,0.086,0.087,0.082,0.078,0.077,0.078,0.078,0.081,0.092,0.092,0.092,0.093,0.093,0.092,0.092,0.091,0.09,0.093,0.09,0.086,0.086,0.087,0.087,0.086,0.084,0.086,0.089,0.089,0.089,0.088,0.088,0.089,0.088,0.089,0.088,0.094,0.095,0.094,0.085,0.085,0.085,0.085,0.085,0.089,0.091,0.094,0.094,0.093,0.093,0.093,0.093,0.093,0.092,0.093,0.094,0.093,0.093,0.093,0.092,0.092,0.091,0.092,0.091,0.092,0.092,A,27.257
20260721,0.092,0.091,0.092,0.092,0.092,0.091,0.092,0.092,0.092,0.093,0.092,0.093,0.087,0.084,0.083,0.083,0.083,0.089,0.093,0.094,0.093,0.094,0.094,0.094,0.093,0.093,0.094,0.094,0.094,0.094,0.094,0.094,0.094,0.094,0.094,0.094,0.094,0.095,0.094,0.095,0.094,0.094,0.095,0.095,0.094,0.094,0.094,0.094,0.095,0.094,0.094,0.095,0.094,0.095,0.092,0.084,0.084,0.084,0.085,0.088,0.094,0.094,0.094,0.095,0.094,0.093,0.093,0.095,0.094,0.094,0.095,0.095,0.094,0.094,0.093,0.093,0.092,0.092,0.092,0.092,0.093,0.095,0.097,0.089,0.097,0.093,0.099,0.099,0.1,0.1,0.102,0.101,0.101,0.1,0.1,0.099,0.1,0.101,0.101,0.101,0.094,0.092,0.095,0.094,0.092,0.1,0.102,0.104,0.103,0.103,0.102,0.102,0.101,0.1,0.1,0.101,0.093,0.093,0.093,0.1,0.1,0.101,0.1,0.1,0.101,0.1,0.098,0.098,0.099,0.098,0.098,0.099,0.089,0.081,0.076,0.09,0.086,0.089,0.086,0.079,0.099,0.138,0.131,0.125,0.119,0.117,0.127,0.135,0.138,0.103,0.097,0.101,0.116,0.117,0.116,0.106,0.091,0.097,0.1,0.096,0.097,0.097,0.096,0.096,0.096,0.096,0.095,0.095,0.094,0.094,0.093,0.094,0.093,0.095,0.094,0.091,0.085,0.083,0.088,0.089,0.088,0.096,0.096,0.096,0.097,0.097,0.096,0.097,0.096,0.096,0.096,0.085,0.096,0.095,0.096,0.095,0.096,0.096,0.095,0.094,0.092,0.093,0.093,0.092,0.095,0.093,0.09,0.088,0.087,0.085,0.088,0.084,0.078,0.072,0.074,0.071,0.056,0.071,0.074,0.074,0.075,0.076,0.082,0.081,0.081,0.082,0.075,0.079,0.08,0.084,0.083,0.084,0.083,0.083,0.083,0.084,0.084,0.083,0.083,0.083,0.087,0.088,0.088,0.085,0.078,0.075,0.073,0.073,0.076,0.082,0.084,0.085,0.086,0.086,0.085,0.085,0.082,0.084,0.084,0.084,0.085,0.087,0.088,0.088,0.088,0.088,0.087,0.088,0.089,0.089,0.087,0.086,0.087,0.089,0.088,0.089,0.088,0.088,0.088,0.089,0.089,0.085,0.08,0.08,0.08,0.081,0.085,0.089,A,26.571
20260722,0.088,0.088,0.089,0.089,0.089,0.089,0.089,0.089,0.089,0.09,0.09,0.089,0.09,0.089,0.089,0.089,0.089,0.088,0.09,0.089,0.09,0.09,0.089,0.09,0.09,0.09,0.091,0.089,0.09,0.091,0.09,0.09,0.091,0.089,0.081,0.081,0.081,0.081,0.082,0.09,0.09,0.091,0.09,0.09,0.091,0.091,0.09,0.091,0.09,0.09,0.089,0.091,0.09,0.091,0.09,0.089,0.089,0.09,0.09,0.09,0.091,0.09,0.09,0.09,0.09,0.09,0.089,0.089,0.09,0.09,0.091,0.091,0.089,0.09,0.091,0.091,0.09,0.082,0.08,0.081,0.074,0.075,0.084,0.094,0.095,0.094,0.095,0.094,0.094,0.095,0.095,0.095,0.095,0.094,0.094,0.094,0.095,0.094,0.094,0.093,0.094,0.094,0.098,0.099,0.099,0.1,0.1,0.1,0.099,0.099,0.093,0.092,0.093,0.094,0.098,0.097,0.095,0.095,0.097,0.089,0.088,0.089,0.089,0.089,0.095,0.097,0.099,0.098,0.098,0.1,0.099,0.078,0.098,0.099,0.1,0.105,0.146,0.137,0.122,0.097,0.113,0.097,0.098,0.109,0.093,0.101,0.105,0.113,0.114,0.116,0.112,0.109,0.108,0.104,0.091,0.084,0.082,0.076,0.078,0.084,0.086,0.084,0.089,0.08,0.089,0.092,0.093,0.114,0.091,0.087,0.089,0.09,0.094,0.093,0.092,0.095,0.093,0.095,0.097,0.096,0.097,0.098,0.097,0.097,0.097,0.098,0.099,0.099,0.096,0.088,0.078,0.09,0.09,0.089,0.091,0.097,0.097,0.097,0.098,0.097,0.096,0.097,0.096,0.096,0.099,0.096,0.088,0.088,0.087,0.08,0.081,0.082,0.082,0.082,0.082,0.084,0.088,0.09,0.09,0.089,0.088,0.088,0.089,0.089,0.086,0.078,0.075,0.075,0.076,0.077,0.084,0.087,0.09,0.089,0.09,0.089,0.092,0.092,0.09,0.091,0.091,0.091,0.092,0.092,0.091,0.089,0.09,0.09,0.089,0.086,0.085,0.089,0.091,0.092,0.091,0.089,0.089,0.089,0.089,0.083,0.079,0.083,0.082,0.084,0.088,0.094,0.093,0.092,0.092,0.091,0.09,0.092,0.092,0.091,0.09,0.092,0.092,0.092,0.093,0.092,0.092,0.093,0.092,0.092,0.092,0.092,0.092,0.091,A,26.422
20260723,0.091,0.09,0.091,0.091,0.091,0.091,0.091,0.092,0.092,0.092,0.087,0.082,0.083,0.083,0.084,0.088,0.092,0.093,0.092,0.092,0.093,0.093,0.092,0.093,0.093,0.094,0.093,0.093,0.093,0.093,0.093,0.094,0.093,0.094,0.093,0.093,0.093,0.093,0.094,0.095,0.093,0.093,0.094,0.093,0.093,0.093,0.093,0.094,0.094,0.093,0.093,0.094,0.087,0.084,0.083,0.084,0.084,0.089,0.093,0.093,0.093,0.094,0.093,0.092,0.094,0.093,0.094,0.094,0.088,0.09,0.092,0.091,0.091,0.094,0.095,0.095,0.097,0.097,0.095,0.087,0.092,0.089,0.097,0.101,0.104,0.101,0.099,0.1,0.101,0.101,0.101,0.101,0.102,0.101,0.1,0.094,0.092,0.091,0.091,0.091,0.094,0.101,0.102,0.102,0.102,0.103,0.104,0.105,0.102,0.103,0.102,0.102,0.101,0.103,0.1,0.093,0.092,0.091,0.096,0.1,0.099,0.101,0.102,0.102,0.102,0.102,0.1,0.102,0.099,0.1,0.1,0.101,0.099,0.094,0.098,0.09,0.09,0.09,0.091,0.092,0.099,0.1,0.101,0.101,0.1,0.101,0.1,0.1,0.102,0.141,0.138,0.13,0.125,0.119,0.104,0.099,0.101,0.09,0.099,0.098,0.101,0.102,0.1,0.1,0.101,0.1,0.101,0.099,0.098,0.099,0.098,0.088,0.09,0.09,0.089,0.089,0.091,0.093,0.097,0.096,0.097,0.098,0.096,0.096,0.098,0.101,0.101,0.101,0.099,0.096,0.091,0.088,0.09,0.096,0.097,0.095,0.096,0.098,0.1,0.099,0.099,0.099,0.098,0.099,0.099,0.099,0.093,0.09,0.082,0.083,0.083,0.081,0.082,0.091,0.093,0.09,0.092,0.092,0.091,0.091,0.091,0.091,0.088,0.088,0.088,0.087,0.087,0.087,0.088,0.092,0.091,0.09,0.091,0.09,0.088,0.092,0.091,0.09,0.091,0.091,0.091,0.09,0.091,0.091,0.09,0.081,0.08,0.075,0.074,0.076,0.087,0.089,0.09,0.091,0.09,0.088,0.089,0.089,0.089,0.089,0.09,0.093,0.093,0.092,0.093,0.093,0.095,0.095,0.094,0.093,0.094,0.093,0.09,0.093,0.093,0.093,0.094,0.093,0.093,0.094,0.093,0.092,0.092,0.093,0.092,0.094,0.086,0.084,A,27.169
20260724,0.084,0.084,0.084,0.092,0.092,0.092,0.093,0.092,0.094,0.093,0.093,0.093,0.094,0.093,0.093,0.093,0.094,0.094,0.094,0.094,0.094,0.094,0.094,0.093,0.094,0.093,0.095,0.094,0.094,0.094,0.094,0.095,0.094,0.094,0.094,0.094,0.094,0.094,0.094,0.093,0.093,0.094,0.093,0.093,0.089,0.084,0.085,0.084,0.085,0.092,0.094,0.094,0.092,0.093,0.092,0.094,0.095,0.094,0.094,0.095,0.094,0.095,0.094,0.094,0.094,0.094,0.094,0.094,0.094,0.095,0.096,0.094,0.096,0.095,0.094,0.094,0.092,0.092,0.093,0.091,0.092,0.093,0.099,0.101,0.097,0.087,0.099,0.099,0.098,0.098,0.099,0.1,0.101,0.099,0.098,0.091,0.09,0.091,0.091,0.093,0.1,0.101,0.104,0.102,0.103,0.104,0.104,0.103,0.105,0.103,0.102,0.102,0.102,0.098,0.096,0.096,0.095,0.102,0.102,0.103,0.102,0.102,0.102,0.099,0.103,0.103,0.103,0.098,0.099,0.096,0.094,0.092,0.096,0.1,0.086,0.122,0.127,0.124,0.137,0.124,0.124,0.117,0.128,0.136,0.124,0.101,0.102,0.12,0.123,0.121,0.121,0.121,0.122,0.12,0.12,0.107,0.094,0.094,0.101,0.121,0.122,0.121,0.123,0.111,0.101,0.102,0.103,0.101,0.099,0.1,0.099,0.101,0.102,0.102,0.103,0.104,0.103,0.096,0.095,0.094,0.094,0.094,0.099,0.104,0.103,0.104,0.103,0.104,0.097,0.098,0.089,0.1,0.099,0.1,0.102,0.104,0.103,0.104,0.104,0.1,0.101,0.101,0.101,0.102,0.104,0.104,0.098,0.096,0.095,0.094,0.094,0.089,0.085,0.081,0.08,0.085,0.079,0.072,0.085,0.074,0.062,0.08,0.084,0.083,0.082,0.086,0.09,0.087,0.086,0.087,0.088,0.09,0.088,0.089,0.088,0.09,0.089,0.091,0.092,0.091,0.091,0.09,0.09,0.088,0.09,0.088,0.089,0.09,0.089,0.089,0.083,0.081,0.082,0.084,0.079,0.088,0.092,0.089,0.09,0.091,0.09,0.091,0.091,0.09,0.09,0.09,0.092,0.091,0.091,0.088,0.09,0.088,0.088,0.088,0.089,0.091,0.092,0.091,0.092,0.092,0.091,0.091,0.091,0.092,0.091,0.092,0.092,0.093,A,27.712
20260725,0.092,0.092,0.091,0.091,0.092,0.087,0.081,0.082,0.082,0.083,0.088,0.092,0.093,0.093,0.093,0.093,0.092,0.093,0.093,0.093,0.092,0.094,0.093,0.094,0.093,0.092,0.093,0.092,0.093,0.094,0.093,0.093,0.092,0.092,0.092,0.093,0.093,0.093,0.093,0.094,0.094,0.092,0.093,0.093,0.093,0.093,0.093,0.094,0.093,0.093,0.093,0.093,0.091,0.093,0.093,0.093,0.089,0.083,0.083,0.082,0.082,0.088,0.092,0.093,0.093,0.093,0.093,0.092,0.092,0.092,0.092,0.092,0.092,0.092,0.095,0.094,0.093,0.093,0.091,0.09,0.092,0.093,0.099,0.1,0.1,0.1,0.1,0.097,0.09,0.098,0.099,0.098,0.099,0.098,0.099,0.099,0.097,0.097,0.098,0.097,0.098,0.098,0.1,0.099,0.101,0.101,0.099,0.098,0.097,0.089,0.09,0.09,0.088,0.094,0.1,0.093,0.091,0.091,0.099,0.099,0.099,0.099,0.1,0.1,0.1,0.098,0.094,0.1,0.101,0.1,0.099,0.099,0.1,0.101,0.102,0.101,0.102,0.103,0.105,0.104,0.104,0.091,0.103,0.103,0.141,0.151,0.151,0.148,0.147,0.146,0.147,0.147,0.145,0.135,0.121,0.098,0.102,0.107,0.117,0.125,0.122,0.124,0.11,0.103,0.104,0.105,0.11,0.127,0.104,0.101,0.101,0.102,0.103,0.102,0.103,0.103,0.102,0.103,0.102,0.103,0.104,0.104,0.104,0.104,0.104,0.104,0.097,0.096,0.098,0.095,0.096,0.093,0.088,0.096,0.093,0.102,0.103,0.102,0.104,0.102,0.104,0.102,0.101,0.101,0.102,0.103,0.098,0.094,0.093,0.091,0.087,0.086,0.08,0.078,0.081,0.089,0.089,0.088,0.091,0.091,0.091,0.091,0.092,0.088,0.088,0.079,0.078,0.079,0.081,0.083,0.088,0.092,0.089,0.09,0.091,0.09,0.09,0.091,0.09,0.091,0.09,0.091,0.092,0.09,0.089,0.09,0.089,0.091,0.088,0.09,0.091,0.092,0.094,0.094,0.094,0.094,0.092,0.092,0.093,0.093,0.087,0.083,0.082,0.085,0.084,0.092,0.095,0.095,0.094,0.093,0.093,0.094,0.093,0.093,0.093,0.093,0.094,0.093,0.094,0.093,0.094,0.094,0.092,0.093,0.093,0.094,0.094,0.093,A,27.836
20260726,0.094,0.093,0.094,0.093,0.093,0.094,0.094,0.094,0.094,0.095,0.094,0.086,0.085,0.085,0.085,0.085,0.096,0.095,0.096,0.095,0.096,0.096,0.095,0.095,0.095,0.095,0.096,0.095,0.095,0.094,0.094,0.095,0.094,0.094,0.094,0.094,0.094,0.095,0.094,0.096,0.095,0.094,0.094,0.094,0.095,0.094,0.094,0.095,0.094,0.095,0.094,0.095,0.094,0.086,0.085,0.084,0.085,0.086,0.095,0.094,0.094,0.094,0.093,0.094,0.096,0.094,0.094,0.093,0.094,0.094,0.093,0.093,0.094,0.094,0.097,0.096,0.096,0.096,0.095,0.095,0.095,0.096,0.099,0.102,0.101,0.102,0.101,0.1,0.093,0.097,0.1,0.1,0.101,0.101,0.098,0.092,0.091,0.092,0.09,0.091,0.1,0.102,0.105,0.104,0.105,0.103,0.103,0.101,0.103,0.102,0.102,0.101,0.1,0.1,0.098,0.089,0.088,0.096,0.095,0.096,0.096,0.095,0.095,0.095,0.095,0.094,0.096,0.096,0.096,0.095,0.096,0.096,0.096,0.096,0.098,0.125,0.129,0.129,0.131,0.127,0.129,0.133,0.117,0.097,0.097,0.114,0.116,0.116,0.117,0.102,0.096,0.095,0.098,0.096,0.115,0.119,0.118,0.103,0.098,0.096,0.096,0.096,0.097,0.097,0.097,0.096,0.097,0.097,0.095,0.1,0.094,0.087,0.087,0.088,0.087,0.088,0.096,0.097,0.097,0.099,0.1,0.103,0.097,0.097,0.097,0.098,0.099,0.098,0.098,0.099,0.098,0.098,0.098,0.098,0.096,0.095,0.095,0.095,0.096,0.099,0.099,0.101,0.099,0.099,0.095,0.089,0.085,0.084,0.084,0.088,0.094,0.093,0.092,0.091,0.091,0.088,0.08,0.08,0.089,0.091,0.091,0.09,0.091,0.09,0.091,0.092,0.09,0.09,0.091,0.092,0.091,0.092,0.092,0.093,0.091,0.091,0.092,0.088,0.083,0.085,0.082,0.082,0.088,0.092,0.09,0.091,0.091,0.09,0.091,0.091,0.09,0.092,0.09,0.089,0.085,0.085,0.085,0.087,0.089,0.088,0.088,0.088,0.088,0.088,0.093,0.092,0.092,0.092,0.091,0.094,0.093,0.093,0.093,0.093,0.094,0.091,0.083,0.084,0.084,0.084,0.085,0.094,0.093,0.093,0.094,0.093,0.094,0.093,A,27.415
20260727,0.093,0.093,0.093,0.093,0.093,0.094,0.093,0.094,0.094,0.093,0.094,0.094,0.094,0.093,0.094,0.094,0.095,0.095,0.095,0.096,0.095,0.095,0.096,0.095,0.094,0.094,0.095,0.096,0.095,0.092,0.085,0.086,0.085,0.086,0.093,0.096,0.095,0.095,0.096,0.095,0.095,0.096,0.096,0.096,0.095,0.097,0.096,0.096,0.095,0.096,0.095,0.096,0.095,0.096,0.095,0.096,0.096,0.096,0.096,0.096,0.094,0.095,0.094,0.095,0.094,0.095,0.095,0.094,0.094,0.095,0.096,0.096,0.095,0.088,0.086,0.085,0.085,0.085,0.092,0.092,0.092,0.091,0.096,0.099,0.1,0.099,0.098,0.096,0.096,0.096,0.095,0.096,0.097,0.098,0.098,0.097,0.096,0.091,0.092,0.092,0.092,0.091,0.094,0.096,0.093,0.092,0.09,0.091,0.089,0.097,0.096,0.1,0.102,0.103,0.1,0.099,0.09,0.089,0.091,0.088,0.091,0.097,0.098,0.099,0.099,0.099,0.099,0.098,0.098,0.124,0.141,0.138,0.133,0.134,0.135,0.133,0.124,0.115,0.115,0.109,0.095,0.096,0.094,0.098,0.114,0.109,0.111,0.09,0.09,0.09,0.089,0.089,0.081,0.081,0.08,0.083,0.083,0.088,0.111,0.114,0.103,0.091,0.092,0.092,0.096,0.098,0.097,0.098,0.098,0.099,0.098,0.098,0.097,0.099,0.098,0.097,0.098,0.098,0.098,0.099,0.098,0.097,0.098,0.098,0.098,0.098,0.099,0.099,0.092,0.09,0.089,0.089,0.088,0.09,0.099,0.099,0.1,0.099,0.097,0.1,0.099,0.098,0.097,0.097,0.098,0.094,0.092,0.084,0.078,0.079,0.08,0.089,0.088,0.089,0.089,0.089,0.09,0.089,0.089,0.089,0.087,0.089,0.089,0.089,0.088,0.081,0.08,0.079,0.08,0.081,0.089,0.089,0.091,0.091,0.092,0.093,0.09,0.091,0.091,0.091,0.086,0.09,0.089,0.088,0.089,0.086,0.08,0.08,0.081,0.083,0.083,0.084,0.084,0.083,0.085,0.084,0.085,0.084,0.085,0.084,0.085,0.085,0.085,0.082,0.076,0.075,0.076,0.075,0.079,0.088,0.09,0.091,0.091,0.09,0.091,0.091,0.091,0.09,0.091,0.091,0.091,0.09,0.091,0.091,0.091,0.091,0.091,0.091,A,27.001
20260728,0.09,0.091,0.089,0.09,0.09,0.09,0.091,0.091,0.091,0.091,0.091,0.091,0.091,0.092,0.092,0.091,0.092,0.081,0.083,0.083,0.082,0.084,0.093,0.093,0.093,0.093,0.093,0.093,0.093,0.093,0.093,0.093,0.094,0.093,0.093,0.092,0.092,0.092,0.092,0.092,0.092,0.092,0.092,0.093,0.092,0.093,0.092,0.092,0.092,0.092,0.091,0.092,0.091,0.091,0.092,0.092,0.092,0.092,0.092,0.093,0.09,0.082,0.081,0.081,0.082,0.084,0.091,0.093,0.091,0.093,0.094,0.093,0.093,0.093,0.092,0.092,0.092,0.089,0.089,0.089,0.09,0.091,0.095,0.096,0.096,0.096,0.095,0.095,0.096,0.096,0.096,0.095,0.097,0.099,0.099,0.099,0.099,0.098,0.097,0.096,0.097,0.099,0.1,0.1,0.096,0.09,0.089,0.089,0.091,0.092,0.1,0.099,0.1,0.1,0.094,0.093,0.092,0.092,0.096,0.099,0.094,0.099,0.098,0.098,0.098,0.099,0.1,0.099,0.1,0.1,0.099,0.099,0.098,0.098,0.13,0.135,0.134,0.131,0.131,0.123,0.1,0.098,0.095,0.09,0.09,0.111,0.112,0.104,0.099,0.099,0.099,0.1,0.1,0.102,0.094,0.098,0.1,0.097,0.1,0.1,0.101,0.101,0.102,0.1,0.101,0.101,0.1,0.101,0.098,0.099,0.1,0.1,0.1,0.099,0.1,0.1,0.092,0.092,0.092,0.092,0.093,0.099,0.102,0.101,0.103,0.102,0.102,0.103,0.105,0.104,0.104,0.104,0.104,0.102,0.102,0.102,0.102,0.102,0.102,0.102,0.101,0.103,0.102,0.103,0.101,0.102,0.099,0.091,0.091,0.088,0.086,0.077,0.078,0.077,0.075,0.074,0.077,0.083,0.083,0.083,0.087,0.088,0.089,0.087,0.088,0.087,0.087,0.086,0.087,0.088,0.089,0.091,0.091,0.091,0.091,0.091,0.088,0.089,0.089,0.09,0.09,0.089,0.088,0.09,0.089,0.086,0.083,0.079,0.079,0.08,0.083,0.089,0.09,0.089,0.089,0.091,0.084,0.081,0.083,0.084,0.086,0.086,0.086,0.086,0.087,0.086,0.086,0.085,0.085,0.085,0.086,0.09,0.091,0.09,0.091,0.091,0.091,0.09,0.091,0.091,0.091,0.092,0.088,0.082,0.083,0.083,0.081,0.085,A,26.951
20260729,0.09,0.09,0.09,0.09,0.091,0.091,0.091,0.091,0.092,0.09,0.091,0.091,0.092,0.092,0.092,0.093,0.092,0.093,0.093,0.093,0.093,0.092,0.093,0.094,0.093,0.093,0.093,0.093,0.092,0.093,0.092,0.092,0.092,0.092,0.093,0.093,0.093,0.09,0.083,0.082,0.082,0.082,0.084,0.093,0.092,0.093,0.092,0.093,0.092,0.093,0.093,0.091,0.092,0.092,0.091,0.092,0.091,0.092,0.092,0.092,0.093,0.092,0.091,0.092,0.091,0.092,0.092,0.092,0.093,0.092,0.094,0.094,0.094,0.093,0.093,0.092,0.093,0.091,0.091,0.091,0.092,0.095,0.095,0.088,0.086,0.087,0.087,0.088,0.097,0.096,0.096,0.097,0.097,0.096,0.097,0.098,0.097,0.098,0.098,0.098,0.097,0.096,0.097,0.099,0.099,0.099,0.097,0.101,0.098,0.1,0.096,0.091,0.088,0.089,0.092,0.097,0.095,0.094,0.094,0.094,0.094,0.093,0.093,0.093,0.093,0.089,0.083,0.083,0.083,0.082,0.085,0.097,0.096,0.129,0.134,0.132,0.13,0.129,0.121,0.099,0.095,0.097,0.106,0.115,0.113,0.108,0.094,0.095,0.094,0.092,0.094,0.109,0.109,0.09,0.091,0.091,0.092,0.089,0.073,0.075,0.075,0.065,0.071,0.067,0.063,0.07,0.091,0.091,0.092,0.091,0.092,0.093,0.092,0.093,0.093,0.092,0.091,0.096,0.097,0.099,0.097,0.098,0.098,0.099,0.099,0.099,0.1,0.091,0.093,0.09,0.09,0.096,0.096,0.095,0.091,0,0,0,0,0.084,0.087,0.087,0.023,0.004,0.087,0.093,0.09,0.101,0.106,0.093,0.093,0.089,0.087,0.086,0.086,0.087,0.085,0.087,0.089,0.087,0.086,0.087,0.085,0.087,0.09,0.089,0.087,0.09,0.091,0.09,0.092,0.09,0.09,0.09,0.089,0.089,0.084,0.082,0.081,0.081,0.082,0.085,0.089,0.09,0.09,0.089,0.089,0.085,0.084,0.086,0.092,0.092,0.091,0.092,0.092,0.091,0.091,0.091,0.091,0.091,0.091,0.091,0.092,0.093,0.092,0.092,0.091,0.091,0.092,0.092,0.092,0.092,0.092,0.093,0.092,0.087,0.083,0.084,0.084,0.083,0.091,0.092,0.093,0.094,0.093,0.092,0.093,0.093,A,26.025
20260730,0.092,0.092,0.092,0.093,0.092,0.092,0.092,0.093,0.093,0.093,0.093,0.093,0.093,0.093,0.094,0.094,0.094,0.094,0.094,0.094,0.093,0.093,0.094,0.094,0.094,0.095,0.094,0.093,0.093,0.093,0.094,0.085,0.085,0.085,0.084,0.084,0.094,0.094,0.094,0.095,0.095,0.095,0.094,0.093,0.093,0.094,0.093,0.095,0.094,0.094,0.095,0.094,0.094,0.093,0.094,0.093,0.094,0.094,0.094,0.095,0.095,0.094,0.093,0.094,0.093,0.094,0.094,0.093,0.093,0.095,0.096,0.095,0.095,0.096,0.094,0.095,0.095,0.093,0.091,0.09,0.09,0.086,0.088,0.089,0.089,0.09,0.096,0.096,0.096,0.096,0.096,0.096,0.122,0.138,0.125,0.12,0.111,0.101,0.1,0.101,0.101,0.101,0.1,0.103,0.102,0.102,0.103,0.101,0.095,0.093,0.099,0.14,0.128,0.14,0.143,0.13,0.1,0.1,0.102,0.098,0.102,0.102,0.102,0.102,0.094,0.09,0.09,0.09,0.09,0.094,0.101,0.099,0.099,0.099,0.098,0.098,0.098,0.098,0.099,0.099,0.099,0.1,0.099,0.102,0.1,0.099,0.129,0.141,0.139,0.138,0.138,0.136,0.128,0.115,0.099,0.098,0.115,0.122,0.121,0.121,0.121,0.103,0.093,0.092,0.091,0.091,0.116,0.123,0.103,0.102,0.101,0.101,0.103,0.1,0.101,0.1,0.1,0.101,0.101,0.103,0.102,0.102,0.102,0.103,0.102,0.102,0.102,0.101,0.102,0.103,0.102,0.103,0.102,0.104,0.104,0.103,0.101,0.102,0.097,0.092,0.092,0.092,0.092,0.096,0.101,0.099,0.099,0.093,0.091,0.09,0.089,0.09,0.092,0.089,0.087,0.088,0.089,0.09,0.088,0.09,0.09,0.089,0.088,0.089,0.087,0.089,0.091,0.089,0.089,0.089,0.089,0.089,0.089,0.082,0.078,0.081,0.081,0.081,0.084,0.089,0.089,0.086,0.085,0.082,0.083,0.084,0.085,0.084,0.084,0.084,0.085,0.085,0.085,0.086,0.086,0.086,0.086,0.086,0.085,0.084,0.085,0.085,0.086,0.086,0.086,0.086,0.086,0.086,0.087,0.086,0.086,0.08,0.082,0.082,0.082,0.083,0.089,0.093,0.092,0.092,0.092,0.093,0.092,0.092,0.093,0.093,0.093,0.092,A,27.745
Total for Period,,,,,,,,,,,,,,,,,,,,,,,,,,,,,,,,,,,,,,,,,,,,,,,,,,,,,,,,,,,,,,,,,,,,,,,,,,,,,,,,,,,,,,,,,,,,,,,,,,,,,,,,,,,,,,,,,,,,,,,,,,,,,,,,,,,,,,,,,,,,,,,,,,,,,,,,,,,,,,,,,,,,,,,,,,,,,,,,,,,,,,,,,,,,,,,,,,,,,,,,,,,,,,,,,,,,,,,,,,,,,,,,,,,,,,,,,,,,,,,,,,,,,,,,,,,,,,,,,,,,,,,,,,,,,,,,,,,,,,,,,,,,,,,,,,563.822
Stream ID,"Meter 213294978,213294978,213294978,213294978",Q1,Q1,KVARH,CONSUMPTION
LOCAL TIME,AEST
Date/Time,0:00,0:05,0:10,0:15,0:20,0:25,0:30,0:35,0:40,0:45,0:50,0:55,1:00,1:05,1:10,1:15,1:20,1:25,1:30,1:35,1:40,1:45,1:50,1:55,2:00,2:05,2:10,2:15,2:20,2:25,2:30,2:35,2:40,2:45,2:50,2:55,3:00,3:05,3:10,3:15,3:20,3:25,3:30,3:35,3:40,3:45,3:50,3:55,4:00,4:05,4:10,4:15,4:20,4:25,4:30,4:35,4:40,4:45,4:50,4:55,5:00,5:05,5:10,5:15,5:20,5:25,5:30,5:35,5:40,5:45,5:50,5:55,6:00,6:05,6:10,6:15,6:20,6:25,6:30,6:35,6:40,6:45,6:50,6:55,7:00,7:05,7:10,7:15,7:20,7:25,7:30,7:35,7:40,7:45,7:50,7:55,8:00,8:05,8:10,8:15,8:20,8:25,8:30,8:35,8:40,8:45,8:50,8:55,9:00,9:05,9:10,9:15,9:20,9:25,9:30,9:35,9:40,9:45,9:50,9:55,10:00,10:05,10:10,10:15,10:20,10:25,10:30,10:35,10:40,10:45,10:50,10:55,11:00,11:05,11:10,11:15,11:20,11:25,11:30,11:35,11:40,11:45,11:50,11:55,12:00,12:05,12:10,12:15,12:20,12:25,12:30,12:35,12:40,12:45,12:50,12:55,13:00,13:05,13:10,13:15,13:20,13:25,13:30,13:35,13:40,13:45,13:50,13:55,14:00,14:05,14:10,14:15,14:20,14:25,14:30,14:35,14:40,14:45,14:50,14:55,15:00,15:05,15:10,15:15,15:20,15:25,15:30,15:35,15:40,15:45,15:50,15:55,16:00,16:05,16:10,16:15,16:20,16:25,16:30,16:35,16:40,16:45,16:50,16:55,17:00,17:05,17:10,17:15,17:20,17:25,17:30,17:35,17:40,17:45,17:50,17:55,18:00,18:05,18:10,18:15,18:20,18:25,18:30,18:35,18:40,18:45,18:50,18:55,19:00,19:05,19:10,19:15,19:20,19:25,19:30,19:35,19:40,19:45,19:50,19:55,20:00,20:05,20:10,20:15,20:20,20:25,20:30,20:35,20:40,20:45,20:50,20:55,21:00,21:05,21:10,21:15,21:20,21:25,21:30,21:35,21:40,21:45,21:50,21:55,22:00,22:05,22:10,22:15,22:20,22:25,22:30,22:35,22:40,22:45,22:50,22:55,23:00,23:05,23:10,23:15,23:20,23:25,23:30,23:35,23:40,23:45,23:50,23:55,Quality,Total
20260710,0,0,0,0,0,0,0,0,0,0,0,0,0,0,0,0,0,0,0,0,0,0,0,0,0,0,0,0,0,0,0,0,0,0,0,0,0,0,0,0,0,0,0,0,0,0,0,0,0,0,0,0,0,0,0,0,0,0,0,0,0,0,0,0,0,0,0,0,0,0,0,0,0,0,0,0,0,0,0,0,0,0,0,0,0,0,0,0,0,0,0,0,0,0,0,0,0,0,0,0,0,0,0,0,0,0,0,0,0,0,0,0,0,0,0,0,0,0,0,0,0,0,0,0,0,0,0,0,0,0,0,0,0,0,0,0,0,0,0,0,0,0,0,0,0,0,0,0,0,0,0,0,0,0,0,0,0,0,0,0,0,0,0,0,0,0,0,0,0,0,0,0,0,0,0,0,0,0,0,0,0,0,0,0,0,0,0,0,0,0,0,0,0,0,0,0,0,0,0,0,0,0,0,0,0,0,0,0,0,0,0,0,0,0,0,0,0,0,0,0,0,0,0,0,0,0,0,0,0,0,0,0,0,0,0,0,0,0,0,0,0,0,0,0,0,0,0,0,0,0,0,0,0,0,0,0,0,0,0,0,0,0,0,0,0,0,0,0,0,0,0,0,0,0,0,0,0,0,0,0,0,0,0,0,0,0,0,0,A,0
20260711,0,0,0,0,0,0,0,0,0,0,0,0,0,0,0,0,0,0,0,0,0,0,0,0,0,0,0,0,0,0,0,0,0,0,0,0,0,0,0,0,0,0,0,0,0,0,0,0,0,0,0,0,0,0,0,0,0,0,0,0,0,0,0,0,0,0,0,0,0,0,0,0,0,0,0,0,0,0,0,0,0,0,0,0,0,0,0,0,0,0,0,0,0,0,0,0,0,0,0,0,0,0,0,0,0,0,0,0,0,0,0,0,0,0,0,0,0,0,0,0,0,0,0,0,0,0,0,0,0,0,0,0,0,0,0,0,0,0,0,0,0,0,0,0,0,0,0,0,0,0,0,0,0,0,0,0,0,0,0,0,0,0,0,0,0,0,0,0,0,0,0,0,0,0,0,0,0,0,0,0,0,0,0,0,0,0,0,0,0,0,0,0,0,0,0,0,0,0,0,0,0,0,0,0,0,0,0,0,0,0,0,0,0,0,0,0,0,0,0,0,0,0,0,0,0,0,0,0,0,0,0,0,0,0,0,0,0,0,0,0,0,0,0,0,0,0,0,0,0,0,0,0,0,0,0,0,0,0,0,0,0,0,0,0,0,0,0,0,0,0,0,0,0,0,0,0,0,0,0,0,0,0,0,0,0,0,0,0,A,0
20260712,0,0,0,0,0,0,0,0,0,0,0,0,0,0,0,0,0,0,0,0,0,0,0,0,0,0,0,0,0,0,0,0,0,0,0,0,0,0,0,0,0,0,0,0,0,0,0,0,0,0,0,0,0,0,0,0,0,0,0,0,0,0,0,0,0,0,0,0,0,0,0,0,0,0,0,0,0,0,0,0,0,0,0,0,0,0,0,0,0,0,0,0,0,0,0,0,0,0,0,0,0,0,0,0,0,0,0,0,0,0,0,0,0,0,0,0,0,0,0,0,0,0,0,0,0,0,0,0,0,0,0,0,0,0,0,0,0,0,0,0,0,0,0,0,0,0,0,0,0,0,0,0,0,0,0,0,0,0,0,0,0,0,0,0,0,0,0,0,0,0,0,0,0,0,0,0,0,0,0,0,0,0,0,0,0,0,0,0,0,0,0,0,0,0,0,0,0,0,0,0,0,0,0,0,0,0,0,0,0,0,0,0,0,0,0,0,0,0,0,0,0,0,0,0,0,0,0,0,0,0,0,0,0,0,0,0,0,0,0,0,0,0,0,0,0,0,0,0,0,0,0,0,0,0,0,0,0,0,0,0,0,0,0,0,0,0,0,0,0,0,0,0,0,0,0,0,0,0,0,0,0,0,0,0,0,0,0,0,A,0
20260713,0,0,0,0,0,0,0,0,0,0,0,0,0,0,0,0,0,0,0,0,0,0,0,0,0,0,0,0,0,0,0,0,0,0,0,0,0,0,0,0,0,0,0,0,0,0,0,0,0,0,0,0,0,0,0,0,0,0,0,0,0,0,0,0,0,0,0,0,0,0,0,0,0,0,0,0,0,0,0,0,0,0,0,0,0,0,0,0,0,0,0,0,0,0,0,0,0,0,0,0,0,0,0,0,0,0,0,0,0,0,0,0,0,0,0,0,0,0,0,0,0,0,0,0,0,0,0,0,0,0,0,0,0,0,0,0,0,0,0,0,0,0,0,0,0,0,0,0,0,0,0,0,0,0,0,0,0,0,0,0,0,0,0,0,0,0,0,0,0,0,0,0,0,0,0,0,0,0,0,0,0,0,0,0,0,0,0,0,0,0,0,0,0,0,0,0,0,0,0,0,0,0,0,0,0,0,0,0,0,0,0,0,0,0,0,0,0,0,0,0,0,0,0,0,0,0,0,0,0,0,0,0,0,0,0,0,0,0,0,0,0,0,0,0,0,0,0,0,0,0,0,0,0,0,0,0,0,0,0,0,0,0,0,0,0,0,0,0,0,0,0,0,0,0,0,0,0,0,0,0,0,0,0,0,0,0,0,0,A,0
20260714,0,0,0,0,0,0,0,0,0,0,0,0,0,0,0,0,0,0,0,0,0,0,0,0,0,0,0,0,0,0,0,0,0,0,0,0,0,0,0,0,0,0,0,0,0,0,0,0,0,0,0,0,0,0,0,0,0,0,0,0,0,0,0,0,0,0,0,0,0,0,0,0,0,0,0,0,0,0,0,0,0,0,0,0,0,0,0,0,0,0,0,0,0,0,0,0,0,0,0,0,0,0,0,0,0,0,0,0,0,0,0,0,0,0,0,0,0,0,0,0,0,0,0,0,0,0,0,0,0,0,0,0,0,0,0,0,0,0,0,0,0,0,0,0,0,0,0,0,0,0,0,0,0,0,0,0,0,0,0,0,0,0,0,0,0,0,0,0,0,0,0,0,0,0,0,0,0,0,0,0,0,0,0,0,0,0,0,0,0,0,0,0,0,0,0,0,0,0,0,0,0,0,0,0,0,0,0,0,0,0,0,0,0,0,0,0,0,0,0,0,0,0,0,0,0,0,0,0,0,0,0,0,0,0,0.001,0,0,0,0,0,0,0,0,0,0,0,0,0,0,0,0,0,0,0,0,0,0,0,0,0,0,0,0,0,0,0,0,0,0,0,0,0,0,0,0,0,0,0,0,0,0,0,0,0,0,0,0,0,A,0.001
20260715,0,0,0,0,0,0,0,0,0,0,0,0,0,0,0,0,0,0,0,0,0,0,0,0,0,0,0,0,0,0,0,0,0,0,0,0,0,0,0,0,0,0,0,0,0,0,0,0,0,0,0,0,0,0,0,0,0,0,0,0,0,0,0,0,0,0,0,0,0,0,0,0,0,0,0,0,0,0,0,0,0,0,0,0,0,0,0,0,0,0,0,0,0,0,0,0,0,0,0,0,0,0,0,0,0,0,0,0,0,0,0,0,0,0,0.002,0,0,0.001,0,0,0,0,0,0,0,0,0,0,0,0,0,0,0,0,0,0,0,0,0,0,0,0.002,0.001,0,0,0,0,0,0,0,0,0,0,0,0,0,0,0,0,0,0,0,0,0,0,0,0,0,0,0,0,0,0,0,0,0,0,0,0,0,0,0,0,0,0,0,0,0,0,0,0,0,0,0,0,0,0,0,0,0,0,0,0,0,0,0,0,0,0,0,0,0,0,0,0,0,0,0,0,0,0,0,0,0,0,0,0,0,0,0,0,0,0,0,0,0,0,0,0,0,0,0,0,0,0,0,0,0,0,0,0,0,0,0,0,0,0,0,0,0,0,0,0,0,0,0,0,0,0,0,0,0,0,0,0,0,0,0,0,0,0,0,0,0,0,0,0,0,A,0.006
20260716,0,0,0,0,0,0,0,0,0,0,0,0,0,0,0,0,0,0,0,0,0,0,0,0,0,0,0,0,0,0,0,0,0,0,0,0,0,0,0,0,0,0,0,0,0,0,0,0,0,0,0,0,0,0,0,0,0,0,0,0,0,0,0,0,0,0,0,0,0,0,0,0,0,0,0,0,0,0,0,0,0,0,0,0,0,0,0,0,0,0,0,0,0,0,0,0,0,0,0,0,0,0,0,0,0,0,0,0,0,0,0,0,0,0,0,0,0,0,0,0,0,0,0,0,0,0,0,0,0,0,0,0,0,0,0,0,0,0,0,0,0,0,0,0,0,0,0,0,0,0,0,0,0,0,0,0,0,0,0,0,0,0,0,0,0,0,0,0,0,0,0,0,0,0,0,0,0,0,0,0,0,0,0,0,0,0,0,0,0,0,0,0,0,0,0,0,0,0,0,0,0,0,0,0,0,0,0,0,0,0,0,0,0,0,0,0,0,0,0,0,0,0,0,0,0,0,0,0,0,0,0,0,0,0,0,0,0,0,0,0,0,0,0,0,0,0,0,0,0,0,0,0,0,0,0,0,0,0,0,0,0,0,0,0,0,0,0,0,0,0,0,0,0,0,0,0,0,0,0,0,0,0,0,0,0,0,0,0,A,0
20260717,0,0,0,0,0,0,0,0,0,0,0,0,0,0,0,0,0,0,0,0,0,0,0,0,0,0,0,0,0,0,0,0,0,0,0,0,0,0,0,0,0,0,0,0,0,0,0,0,0,0,0,0,0,0,0,0,0,0,0,0,0,0,0,0,0,0,0,0,0,0,0,0,0,0,0,0,0,0,0,0,0,0,0,0,0,0,0,0,0,0,0,0,0,0,0,0,0,0,0,0,0,0,0,0,0,0,0,0,0,0,0,0,0,0,0,0,0,0,0,0,0,0,0,0,0,0,0,0,0,0,0,0,0,0,0,0,0,0,0,0,0,0,0,0,0,0,0,0,0,0,0,0,0,0,0,0,0,0,0,0,0,0,0,0,0,0,0,0,0,0,0,0,0,0,0,0,0,0,0,0,0,0,0,0,0,0,0,0,0,0,0,0,0,0,0,0,0,0,0,0,0,0,0,0,0,0,0,0,0,0,0,0,0,0,0,0,0,0,0,0,0,0,0,0,0,0,0,0,0,0,0,0,0,0,0,0,0,0,0,0,0,0,0,0,0,0,0,0,0,0,0,0,0,0,0,0,0,0,0,0,0,0,0,0,0,0,0,0,0,0,0,0,0,0,0,0,0,0,0,0,0,0,0,0,0,0,0,0,A,0
20260718,0,0,0,0,0,0,0,0,0,0,0,0,0,0,0,0,0,0,0,0,0,0,0,0,0,0,0,0,0,0,0,0,0,0,0,0,0,0,0,0,0,0,0,0,0,0,0,0,0,0,0,0,0,0,0,0,0,0,0,0,0,0,0,0,0,0,0,0,0,0,0,0,0,0,0,0,0,0,0,0,0,0,0,0,0,0,0,0,0,0,0,0,0,0,0,0,0,0,0,0,0,0,0,0,0,0,0,0,0,0,0,0,0,0,0,0,0,0,0,0,0,0,0,0,0,0,0,0,0,0,0,0,0,0,0,0,0,0,0,0,0,0,0,0,0,0,0,0,0,0,0,0,0,0,0,0,0,0,0,0,0,0,0,0,0,0,0,0,0,0,0,0,0,0,0,0,0,0,0,0,0,0,0,0,0,0,0,0,0,0,0,0,0,0,0,0,0,0,0,0,0,0,0,0,0,0,0,0,0,0,0,0,0,0,0,0,0,0,0,0,0,0,0,0,0,0,0,0,0,0,0,0,0,0,0,0,0,0,0,0,0,0,0,0,0,0,0,0,0,0,0,0,0,0,0,0,0,0,0,0,0,0,0,0,0,0,0,0,0,0,0,0,0,0,0,0,0,0,0,0,0,0,0,0,0,0,0,0,A,0
20260719,0,0,0,0,0,0,0,0,0,0,0,0,0,0,0,0,0,0,0,0,0,0,0,0,0,0,0,0,0,0,0,0,0,0,0,0,0,0,0,0,0,0,0,0,0,0,0,0,0,0,0,0,0,0,0,0,0,0,0,0,0,0,0,0,0,0,0,0,0,0,0,0,0,0,0,0,0,0,0,0,0,0,0,0,0,0,0,0,0,0,0,0,0,0,0,0,0,0,0,0,0,0,0,0,0,0,0,0,0,0,0,0,0,0,0,0,0,0,0,0,0,0,0,0,0,0,0,0,0,0,0,0,0,0,0,0,0,0,0,0,0,0,0,0,0,0,0,0,0,0,0,0,0,0,0,0,0,0,0,0,0,0,0,0,0,0,0,0,0,0,0,0,0,0,0,0,0,0,0,0,0,0,0,0,0,0,0,0,0,0,0,0,0,0,0,0,0,0,0,0,0,0,0,0,0,0,0,0,0,0,0,0,0,0,0,0,0,0,0,0,0,0,0,0,0,0,0,0,0,0,0,0,0,0,0,0,0,0,0,0,0,0,0,0,0,0,0,0,0,0,0,0,0,0,0,0,0,0,0,0,0,0,0,0,0,0,0,0,0,0,0,0,0,0,0,0,0,0,0,0,0,0,0,0,0,0,0,0,A,0
20260720,0,0,0,0,0,0,0,0,0,0,0,0,0,0,0,0,0,0,0,0,0,0,0,0,0,0,0,0,0,0,0,0,0,0,0,0,0,0,0,0,0,0,0,0,0,0,0,0,0,0,0,0,0,0,0,0,0,0,0,0,0,0,0,0,0,0,0,0,0,0,0,0,0,0,0,0,0,0,0,0,0,0,0,0,0,0,0,0,0,0,0,0,0,0,0,0,0,0,0,0,0,0,0.001,0,0,0,0,0,0,0,0,0,0,0,0,0,0,0,0,0,0,0,0,0,0,0,0,0,0,0,0,0,0,0,0,0,0,0,0,0,0,0,0,0,0,0,0,0,0,0,0,0,0,0,0,0,0,0,0,0,0,0,0,0,0,0,0,0,0,0,0,0,0,0,0,0,0,0,0,0,0,0,0,0,0,0,0,0,0,0,0,0,0,0,0,0,0,0,0,0,0,0,0,0,0,0,0,0,0,0,0,0,0,0,0,0,0,0,0,0,0,0,0,0,0,0,0,0,0,0,0,0,0,0,0,0,0,0,0,0,0,0,0,0,0,0,0,0,0,0,0,0,0,0,0,0,0,0,0,0,0,0,0,0,0,0,0,0,0,0,0,0,0,0,0,0,0,0,0,0,0,0,0,0,0,0,0,0,A,0.001
20260721,0,0,0,0,0,0,0,0,0,0,0,0,0,0,0,0,0,0,0,0,0,0,0,0,0,0,0,0,0,0,0,0,0,0,0,0,0,0,0,0,0,0,0,0,0,0,0,0,0,0,0,0,0,0,0,0,0,0,0,0,0,0,0,0,0,0,0,0,0,0,0,0,0,0,0,0,0,0,0,0,0,0,0,0,0,0,0,0,0,0,0,0,0,0,0,0,0,0,0,0,0,0,0,0,0,0,0,0,0,0,0,0,0,0,0,0,0,0,0,0,0,0,0,0,0,0,0,0,0,0,0,0,0,0,0,0,0,0,0,0,0,0,0,0,0,0,0,0,0,0,0,0,0,0,0,0,0,0,0,0,0,0,0,0,0,0,0,0,0,0,0,0,0,0,0,0,0,0,0,0,0,0,0,0,0,0,0,0,0,0,0,0,0,0,0,0,0,0,0,0,0,0,0,0,0,0,0,0,0,0,0,0,0,0,0,0,0,0,0,0,0,0,0,0,0,0,0,0,0,0,0,0,0,0,0,0,0,0,0,0,0,0,0,0,0,0,0,0,0,0,0,0,0,0,0,0,0,0,0,0,0,0,0,0,0,0,0,0,0,0,0,0,0,0,0,0,0,0,0,0,0,0,0,0,0,0,0,0,A,0
20260722,0,0,0,0,0,0,0,0,0,0,0,0,0,0,0,0,0,0,0,0,0,0,0,0,0,0,0,0,0,0,0,0,0,0,0,0,0,0,0,0,0,0,0,0,0,0,0,0,0,0,0,0,0,0,0,0,0,0,0,0,0,0,0,0,0,0,0,0,0,0,0,0,0,0,0,0,0,0,0,0,0,0,0,0,0,0,0,0,0,0,0,0,0,0,0,0,0,0,0,0,0,0,0,0,0,0,0,0,0,0,0,0,0,0,0,0,0,0,0,0,0,0,0,0,0,0,0,0,0,0,0,0,0,0,0,0,0,0,0,0,0,0,0,0,0,0,0,0,0,0,0,0,0,0,0,0,0,0,0,0,0,0,0,0,0,0,0,0,0,0,0,0,0,0,0,0,0,0,0,0,0,0,0,0,0,0,0,0,0,0,0,0,0,0,0,0,0,0,0,0,0,0,0,0,0,0,0,0,0,0,0,0,0,0,0,0,0,0,0,0,0,0,0,0,0,0,0,0,0,0,0,0,0,0,0,0,0,0,0,0,0,0,0,0,0,0,0,0,0,0,0,0,0,0,0,0,0,0,0,0,0,0,0,0,0,0,0,0,0,0,0,0,0,0,0,0,0,0,0,0,0,0,0,0,0,0,0,0,A,0
20260723,0,0,0,0,0,0,0,0,0,0,0,0,0,0,0,0,0,0,0,0,0,0,0,0,0,0,0,0,0,0,0,0,0,0,0,0,0,0,0,0,0,0,0,0,0,0,0,0,0,0,0,0,0,0,0,0,0,0,0,0,0,0,0,0,0,0,0,0,0,0,0,0,0,0,0,0,0,0,0,0,0,0,0,0,0,0,0,0,0,0,0,0,0,0,0,0,0,0,0,0,0,0,0,0,0,0,0,0,0,0,0,0,0,0,0,0,0,0,0,0,0,0,0,0,0,0,0,0,0,0,0,0,0,0,0,0,0,0,0,0,0,0,0,0,0,0,0,0,0,0,0,0,0,0,0,0,0,0,0,0,0,0,0,0,0,0,0,0,0,0,0,0,0,0,0,0,0,0,0,0,0,0,0,0,0,0,0,0,0,0,0,0,0,0,0,0,0,0,0,0,0,0,0,0,0,0,0,0,0,0,0,0,0,0,0,0,0,0,0,0,0,0,0,0,0,0,0,0,0,0,0,0,0,0,0,0,0,0,0,0,0,0,0,0,0,0,0,0,0,0,0,0,0,0,0,0,0,0,0,0,0,0,0,0,0,0,0,0,0,0,0,0,0,0,0,0,0,0,0,0,0,0,0,0,0,0,0,0,A,0
20260724,0,0,0,0,0,0,0,0,0,0,0,0,0,0,0,0,0,0,0,0,0,0,0,0,0,0,0,0,0,0,0,0,0,0,0,0,0,0,0,0,0,0,0,0,0,0,0,0,0,0,0,0,0,0,0,0,0,0,0,0,0,0,0,0,0,0,0,0,0,0,0,0,0,0,0,0,0,0,0,0,0,0,0,0,0,0,0,0,0,0,0,0,0,0,0,0,0,0,0,0,0,0,0,0,0,0,0,0,0,0,0,0,0,0,0,0,0,0,0,0,0,0,0,0,0,0,0,0,0,0,0,0,0,0,0,0,0,0,0,0,0,0,0,0,0,0,0,0,0,0,0,0,0,0,0,0,0,0,0,0,0,0,0,0,0,0,0,0,0,0,0,0,0,0,0,0,0,0,0,0,0,0,0,0,0,0,0,0,0,0,0,0,0,0,0,0,0,0,0,0,0,0,0,0,0,0,0,0,0,0,0,0,0,0,0,0,0,0,0,0,0,0,0,0,0,0,0,0,0,0,0,0,0,0,0,0,0,0,0,0,0,0,0,0,0,0,0,0,0,0,0,0,0,0,0,0,0,0,0,0,0,0,0,0,0,0,0,0,0,0,0,0,0,0,0,0,0,0,0,0,0,0,0,0,0,0,0,0,A,0
20260725,0,0,0,0,0,0,0,0,0,0,0,0,0,0,0,0,0,0,0,0,0,0,0,0,0,0,0,0,0,0,0,0,0,0,0,0,0,0,0,0,0,0,0,0,0,0,0,0,0,0,0,0,0,0,0,0,0,0,0,0,0,0,0,0,0,0,0,0,0,0,0,0,0,0,0,0,0,0,0,0,0,0,0,0,0,0,0,0,0,0,0,0,0,0,0,0,0,0,0,0,0,0,0,0,0,0,0,0,0,0,0,0,0,0,0,0,0,0,0,0,0,0,0,0,0,0,0,0,0,0,0,0,0,0,0,0,0,0,0,0,0,0,0,0,0,0,0,0,0,0,0,0,0,0,0,0,0,0,0,0,0,0,0,0,0,0,0,0,0,0,0,0,0,0,0,0,0,0,0,0,0,0,0,0,0,0,0,0,0,0,0,0,0,0,0,0,0,0,0,0,0,0,0,0,0,0,0,0,0,0,0,0,0,0,0,0,0,0,0,0,0,0,0,0,0,0,0,0,0,0,0,0,0,0,0,0,0,0,0,0,0,0,0,0,0,0,0,0,0,0,0,0,0,0,0,0,0,0,0,0,0,0,0,0,0,0,0,0,0,0,0,0,0,0,0,0,0,0,0,0,0,0,0,0,0,0,0,0,A,0
20260726,0,0,0,0,0,0,0,0,0,0,0,0,0,0,0,0,0,0,0,0,0,0,0,0,0,0,0,0,0,0,0,0,0,0,0,0,0,0,0,0,0,0,0,0,0,0,0,0,0,0,0,0,0,0,0,0,0,0,0,0,0,0,0,0,0,0,0,0,0,0,0,0,0,0,0,0,0,0,0,0,0,0,0,0,0,0,0,0,0,0,0,0,0,0,0,0,0,0,0,0,0,0,0,0,0,0,0,0,0,0,0,0,0,0,0,0,0,0,0,0,0,0,0,0,0,0,0,0,0,0,0,0,0,0,0,0,0,0,0,0,0,0,0,0,0,0,0,0,0,0,0,0,0,0,0,0,0,0,0,0,0,0,0,0,0,0,0,0,0,0,0,0,0,0,0,0,0,0,0,0,0,0,0,0,0,0,0,0,0,0,0,0,0,0,0,0,0,0,0,0,0,0,0,0,0,0,0,0,0,0,0,0,0,0,0,0,0,0,0,0,0,0,0,0,0,0,0,0,0,0,0,0,0,0,0,0,0,0,0,0,0,0,0,0,0,0,0,0,0,0,0,0,0,0,0,0,0,0,0,0,0,0,0,0,0,0,0,0,0,0,0,0,0,0,0,0,0,0,0,0,0,0,0,0,0,0,0,0,A,0
20260727,0,0,0,0,0,0,0,0,0,0,0,0,0,0,0,0,0,0,0,0,0,0,0,0,0,0,0,0,0,0,0,0,0,0,0,0,0,0,0,0,0,0,0,0,0,0,0,0,0,0,0,0,0,0,0,0,0,0,0,0,0,0,0,0,0,0,0,0,0,0,0,0,0,0,0,0,0,0,0,0,0,0,0,0,0,0,0,0,0,0,0,0,0,0,0,0,0,0,0,0,0,0,0,0,0,0,0,0,0,0,0,0,0,0,0,0,0,0,0,0,0,0,0,0,0,0,0,0,0,0,0,0,0,0,0,0,0,0,0,0,0,0,0,0,0,0,0,0,0,0,0,0,0,0,0,0,0,0,0,0,0,0,0,0,0,0,0,0,0,0,0,0,0,0,0,0,0,0,0,0,0,0,0,0,0,0,0,0,0,0,0,0,0,0,0,0,0,0,0,0,0,0,0,0,0,0,0,0,0,0,0,0,0,0,0,0,0,0,0,0,0,0,0,0,0,0,0,0,0,0,0,0,0,0,0,0,0,0,0,0,0,0,0,0,0,0,0,0,0,0,0,0,0,0,0,0,0,0,0,0,0,0,0,0,0,0,0,0,0,0,0,0,0,0,0,0,0,0,0,0,0,0,0,0,0,0,0,0,A,0
20260728,0,0,0,0,0,0,0,0,0,0,0,0,0,0,0,0,0,0,0,0,0,0,0,0,0,0,0,0,0,0,0,0,0,0,0,0,0,0,0,0,0,0,0,0,0,0,0,0,0,0,0,0,0,0,0,0,0,0,0,0,0,0,0,0,0,0,0,0,0,0,0,0,0,0,0,0,0,0,0,0,0,0,0,0,0,0,0,0,0,0,0,0,0,0,0,0,0,0,0,0,0,0,0,0,0,0,0,0,0,0,0,0,0,0,0,0,0,0,0,0,0,0,0,0,0,0,0,0,0,0,0,0,0,0,0,0,0,0,0,0,0,0,0,0,0,0,0,0,0,0,0,0,0,0,0,0,0,0,0,0,0,0,0,0,0,0,0,0,0,0,0,0,0,0,0,0,0,0,0,0,0,0,0,0,0,0,0,0,0,0,0,0,0,0,0,0,0,0,0,0,0,0,0,0,0,0,0,0,0,0,0,0,0,0,0,0,0,0,0,0,0,0,0,0,0,0,0,0,0,0,0,0,0,0,0,0,0,0,0,0,0,0,0,0,0,0,0,0,0,0,0,0,0,0,0,0,0,0,0,0,0,0,0,0,0,0,0,0,0,0,0,0,0,0,0,0,0,0,0,0,0,0,0,0,0,0,0,0,A,0
20260729,0,0,0,0,0,0,0,0,0,0,0,0,0,0,0,0,0,0,0,0,0,0,0,0,0,0,0,0,0,0,0,0,0,0,0,0,0,0,0,0,0,0,0,0,0,0,0,0,0,0,0,0,0,0,0,0,0,0,0,0,0,0,0,0,0,0,0,0,0,0,0,0,0,0,0,0,0,0,0,0,0,0,0,0,0,0,0,0,0,0,0,0,0,0,0,0,0,0,0,0,0,0,0,0,0,0,0,0,0,0,0,0,0,0,0,0,0,0,0,0,0,0,0,0,0,0,0,0,0,0,0,0,0,0,0,0,0,0,0,0,0,0,0,0,0,0,0,0,0,0,0,0,0,0,0,0,0,0,0,0,0,0,0,0,0,0,0,0,0,0,0,0,0,0,0,0,0,0,0,0,0,0,0,0,0,0,0,0,0,0,0,0,0,0,0,0,0,0,0,0,0,0,0,0,0,0,0,0,0,0,0,0,0,0,0,0,0,0,0,0,0,0,0,0,0,0,0,0,0,0,0,0,0,0,0,0,0,0,0,0,0,0,0,0,0,0,0,0,0,0,0,0,0,0,0,0,0,0,0,0,0,0,0,0,0,0,0,0,0,0,0,0,0,0,0,0,0,0,0,0,0,0,0,0,0,0,0,0,A,0
20260730,0,0,0,0,0,0,0,0,0,0,0,0,0,0,0,0,0,0,0,0,0,0,0,0,0,0,0,0,0,0,0,0,0,0,0,0,0,0,0,0,0,0,0,0,0,0,0,0,0,0,0,0,0,0,0,0,0,0,0,0,0,0,0,0,0,0,0,0,0,0,0,0,0,0,0,0,0,0,0,0,0,0,0,0,0,0,0,0,0,0,0,0,0,0,0,0,0,0,0,0,0,0,0,0,0,0,0,0,0,0,0,0,0,0,0,0,0,0,0,0,0,0,0,0,0,0,0,0,0,0,0,0,0,0,0,0,0,0,0,0,0,0,0,0,0,0,0,0,0,0,0,0,0,0,0,0,0,0,0,0,0,0,0,0,0,0,0,0,0,0,0,0,0,0,0,0,0,0,0,0,0,0,0,0,0,0,0,0,0,0,0,0,0,0,0,0,0,0,0,0,0,0,0,0,0,0,0,0,0,0,0,0,0,0,0,0,0,0,0,0,0,0,0,0,0,0,0,0,0,0,0,0,0,0,0,0,0,0,0,0,0,0,0,0,0,0,0,0,0,0,0,0,0,0,0,0,0,0,0,0,0,0,0,0,0,0,0,0,0,0,0,0,0,0,0,0,0,0,0,0,0,0,0,0,0,0,0,0,A,0
Total for Period,,,,,,,,,,,,,,,,,,,,,,,,,,,,,,,,,,,,,,,,,,,,,,,,,,,,,,,,,,,,,,,,,,,,,,,,,,,,,,,,,,,,,,,,,,,,,,,,,,,,,,,,,,,,,,,,,,,,,,,,,,,,,,,,,,,,,,,,,,,,,,,,,,,,,,,,,,,,,,,,,,,,,,,,,,,,,,,,,,,,,,,,,,,,,,,,,,,,,,,,,,,,,,,,,,,,,,,,,,,,,,,,,,,,,,,,,,,,,,,,,,,,,,,,,,,,,,,,,,,,,,,,,,,,,,,,,,,,,,,,,,,,,,,,,,0.008
