Nmi,41023660658,NETWORK,ENERGYAP
Stream ID,"Meter 213294978,213294978,213294978,213294978",B1,B1,KWH,Solar
LOCAL TIME,AEST
Date/Time,0:00,0:05,0:10,0:15,0:20,0:25,0:30,0:35,0:40,0:45,0:50,0:55,1:00,1:05,1:10,1:15,1:20,1:25,1:30,1:35,1:40,1:45,1:50,1:55,2:00,2:05,2:10,2:15,2:20,2:25,2:30,2:35,2:40,2:45,2:50,2:55,3:00,3:05,3:10,3:15,3:20,3:25,3:30,3:35,3:40,3:45,3:50,3:55,4:00,4:05,4:10,4:15,4:20,4:25,4:30,4:35,4:40,4:45,4:50,4:55,5:00,5:05,5:10,5:15,5:20,5:25,5:30,5:35,5:40,5:45,5:50,5:55,6:00,6:05,6:10,6:15,6:20,6:25,6:30,6:35,6:40,6:45,6:50,6:55,7:00,7:05,7:10,7:15,7:20,7:25,7:30,7:35,7:40,7:45,7:50,7:55,8:00,8:05,8:10,8:15,8:20,8:25,8:30,8:35,8:40,8:45,8:50,8:55,9:00,9:05,9:10,9:15,9:20,9:25,9:30,9:35,9:40,9:45,9:50,9:55,10:00,10:05,10:10,10:15,10:20,10:25,10:30,10:35,10:40,10:45,10:50,10:55,11:00,11:05,11:10,11:15,11:20,11:25,11:30,11:35,11:40,11:45,11:50,11:55,12:00,12:05,12:10,12:15,12:20,12:25,12:30,12:35,12:40,12:45,12:50,12:55,13:00,13:05,13:10,13:15,13:20,13:25,13:30,13:35,13:40,13:45,13:50,13:55,14:00,14:05,14:10,14:15,14:20,14:25,14:30,14:35,14:40,14:45,14:50,14:55,15:00,15:05,15:10,15:15,15:20,15:25,15:30,15:35,15:40,15:45,15:50,15:55,16:00,16:05,16:10,16:15,16:20,16:25,16:30,16:35,16:40,16:45,16:50,16:55,17:00,17:05,17:10,17:15,17:20,17:25,17:30,17:35,17:40,17:45,17:50,17:55,18:00,18:05,18:10,18:15,18:20,18:25,18:30,18:35,18:40,18:45,18:50,18:55,19:00,19:05,19:10,19:15,19:20,19:25,19:30,19:35,19:40,19:45,19:50,19:55,20:00,20:05,20:10,20:15,20:20,20:25,20:30,20:35,20:40,20:45,20:50,20:55,21:00,21:05,21:10,21:15,21:20,21:25,21:30,21:35,21:40,21:45,21:50,21:55,22:00,22:05,22:10,22:15,22:20,22:25,22:30,22:35,22:40,22:45,22:50,22:55,23:00,23:05,23:10,23:15,23:20,23:25,23:30,23:35,23:40,23:45,23:50,23:55,Quality,Total
20260517,0.001,0.002,0.001,0.002,0.001,0.002,0.001,0.002,0.001,0.002,0.001,0.002,0.001,0.001,0.002,0.002,0.001,0.002,0.001,0.002,0.001,0.002,0.001,0.002,0.001,0.002,0.001,0.002,0.001,0.002,0.001,0.001,0.002,0.001,0.001,0.002,0.001,0.002,0.001,0.001,0.002,0.001,0.001,0.002,0.001,0.002,0.001,0.001,0.002,0.001,0.001,0.001,0.002,0.001,0.001,0.002,0.001,0.001,0.002,0.001,0.001,0.002,0.001,0.001,0.002,0.001,0.002,0.001,0.001,0.002,0.001,0.001,0.002,0.001,0.002,0.001,0.002,0.001,0.001,0.002,0.001,0.002,0.001,0.003,0.002,0.003,0.003,0.002,0.003,0.002,0.003,0.004,0.005,0.002,0.004,0.005,0.004,0.005,0.004,0.005,0.004,0.005,0.004,0.003,0.004,0.003,0.004,0.003,0.004,0.005,0.005,0.006,0.008,0.006,0.006,0.008,0.007,0.008,0.007,0.005,0.005,0.004,0.004,0.006,0.004,0.011,0.017,0.016,0.016,0.01,0.014,0.016,0,0,0,0.001,0.002,0,0,0,0,0,0,0,0,0,0.002,0,0,0,0,0,0,0,0,0,0,0,0,0,0,0,0,0,0,0,0.008,0.002,0.044,0.079,0.077,0.066,0.069,0.085,0.088,0.089,0.085,0.074,0.06,0.054,0.059,0.059,0.054,0.039,0.034,0.03,0.035,0.049,0.058,0.035,0.007,0.003,0.003,0.004,0.003,0.003,0.002,0.003,0.002,0.002,0.002,0.002,0.001,0.001,0.001,0.001,0.001,0.001,0.001,0.002,0.001,0.001,0.001,0.003,0.004,0.001,0.787,0.795,0.798,0.799,0.794,0.794,0.794,0.794,0.799,0.803,0.803,0.804,0.806,0.806,0.801,0.799,0.799,0.799,0.803,0.061,0.001,0.001,0.002,0.001,0.001,0.001,0.001,0.001,0.002,0.001,0.001,0.001,0.001,0.001,0.002,0.001,0.002,0.001,0.001,0.001,0.002,0.001,0.001,0.002,0.001,0.001,0.002,0.001,0.001,0.002,0.001,0.001,0.002,0.001,0.001,0.002,0.001,0.001,0.002,0.001,0.001,0.002,0.001,0.001,0.002,0.001,0.001,0.002,0.001,0.001,0.002,0.001,A,17.102
20260518,0.002,0.001,0.001,0.002,0.001,0.002,0.001,0.001,0.002,0.002,0.001,0.002,0.001,0.001,0.002,0.001,0.001,0.002,0.002,0.001,0.001,0.002,0.001,0.002,0.001,0.002,0.001,0.001,0.002,0.001,0.002,0.001,0.002,0.001,0.001,0.002,0.001,0.001,0.002,0.001,0.001,0.002,0.001,0.001,0.001,0.002,0.001,0.001,0.001,0.002,0.001,0.001,0.001,0.001,0.002,0.001,0.001,0.002,0.001,0.001,0.002,0.001,0.001,0.002,0.001,0.001,0.001,0.002,0.001,0.001,0.002,0.001,0.001,0.002,0.002,0.001,0.001,0.002,0.001,0.001,0.001,0.002,0.001,0.001,0.002,0.001,0.002,0.001,0.002,0.002,0.002,0.003,0.002,0.003,0.003,0.003,0.003,0.003,0.003,0.004,0.003,0.003,0.004,0.003,0.004,0.004,0.003,0.004,0.004,0.003,0.003,0.004,0.004,0.005,0.004,0.003,0.004,0.004,0.005,0.005,0.007,0.007,0.004,0.004,0.004,0.005,0.006,0.004,0.005,0.005,0.005,0.007,0,0,0.001,0,0,0,0,0,0,0,0,0,0,0,0,0,0,0,0,0,0,0,0,0,0,0,0,0,0,0,0,0,0,0,0.013,0.005,0.009,0.043,0.038,0.025,0.04,0.048,0.041,0.041,0.041,0.03,0.014,0.005,0.003,0.002,0.003,0.003,0.003,0.003,0.002,0.002,0.003,0.002,0.002,0.003,0.002,0.002,0.002,0.001,0.001,0.002,0.002,0.001,0.001,0.006,0.01,0.011,0.009,0.01,0.011,0.01,0.007,0.001,0.001,0.003,0.01,0.011,0.011,0.01,0.755,0.674,0.741,0.801,0.803,0.807,0.781,0.77,0.764,0.764,0.766,0.766,0.765,0.768,0.755,0.749,0.744,0.744,0.753,0.762,0.011,0.009,0.008,0.01,0.009,0.011,0.009,0.006,0.001,0.002,0.001,0.001,0.002,0.001,0.001,0.002,0.001,0.001,0.002,0.001,0.002,0.001,0.002,0.001,0.002,0.001,0.001,0.002,0.001,0.002,0.002,0.001,0.002,0.002,0.001,0.002,0.001,0.002,0.001,0.002,0.001,0.002,0.002,0.001,0.002,0.001,0.002,0.002,0.001,0.002,0.002,0.001,A,16.223
20260519,0.002,0.001,0.002,0.001,0.002,0.002,0.001,0.002,0.001,0.002,0.002,0.001,0.002,0.002,0.001,0.002,0.001,0.002,0.001,0.002,0.002,0.001,0.002,0.001,0.002,0.001,0.002,0.002,0.001,0.001,0.002,0.001,0.002,0.002,0.001,0.002,0.001,0.002,0.001,0.001,0.002,0.001,0.002,0.002,0.001,0.001,0.002,0.001,0.001,0.002,0.001,0.002,0.001,0.002,0.001,0.002,0.001,0.002,0.001,0.002,0.001,0.001,0.002,0.001,0.002,0.001,0.002,0.001,0.002,0.001,0.002,0.001,0.002,0.001,0.002,0.002,0.001,0.002,0.001,0.002,0.001,0.002,0.001,0.002,0.002,0.002,0.002,0.002,0.003,0.004,0.004,0.003,0.003,0.003,0.004,0.003,0.003,0.003,0.003,0.004,0.007,0.01,0.014,0.01,0.011,0.012,0.011,0.012,0.01,0.012,0.011,0.011,0.013,0.015,0.013,0.012,0.013,0.012,0.012,0.012,0.01,0.011,0.011,0.011,0.01,0.012,0.012,0.009,0.012,0.01,0.011,0.011,0.009,0.005,0.003,0.002,0,0,0,0.001,0.001,0,0.003,0,0,0.002,0,0,0.002,0,0,0,0.001,0,0,0,0,0,0,0,0,0,0,0,0.002,0.16,0.071,0.025,0.023,0.019,0.004,0.011,0.02,0.041,0.013,0.005,0.004,0.003,0.003,0.003,0.009,0.006,0.003,0.003,0.003,0.004,0.002,0.003,0.004,0.002,0.003,0.004,0.002,0.004,0.003,0.003,0.002,0.001,0.001,0.001,0.001,0.001,0.001,0.001,0.001,0.001,0.001,0.001,0.001,0.001,0.001,0.001,0.001,0.001,0.001,0.001,0.653,0.396,0.462,0.453,0.448,0.45,0.452,0.446,0.453,0.446,0.441,0.443,0.401,0.569,0.44,0.424,0.427,0.425,0.424,0.418,0.418,0.411,0.406,0.408,0.404,0.396,0.393,0.386,0.381,0.373,0.369,0.361,0.345,0.335,0.313,0.484,0.006,0.001,0.001,0.001,0.001,0.002,0.001,0.001,0.001,0.001,0.001,0.001,0.001,0.001,0.001,0.001,0.001,0.001,0.001,0.002,0.002,0.001,0.001,0.002,0.001,0.002,0.001,0.002,0.001,0.002,0.001,0.002,0.001,0.002,0.001,0.001,A,16.358
20260520,0.002,0.002,0.001,0.001,0.002,0.001,0.002,0.001,0.002,0.001,0.001,0.002,0.001,0.002,0.001,0.001,0.002,0.001,0.002,0.001,0.002,0.001,0.002,0.001,0.001,0.002,0.001,0.002,0.001,0.002,0.001,0.001,0.002,0.002,0.001,0.001,0.002,0.001,0.001,0.002,0.001,0.002,0.001,0.001,0.002,0.001,0.001,0.002,0.001,0.002,0.001,0.001,0.002,0.001,0.001,0.002,0.001,0.001,0.002,0.001,0.002,0.001,0.001,0.002,0.001,0.001,0.002,0.001,0.002,0.001,0.001,0.002,0.001,0.001,0.002,0.001,0.002,0.001,0.002,0.001,0.002,0.001,0.002,0.002,0.002,0.002,0.003,0.003,0.004,0.004,0.003,0.003,0.004,0.005,0.005,0.004,0.004,0.004,0.004,0.003,0.004,0.004,0.005,0.005,0.004,0.006,0.008,0.006,0.003,0.004,0.003,0.004,0.005,0.004,0.004,0.004,0.004,0.004,0.005,0.003,0.004,0.004,0.004,0.005,0.004,0.004,0.004,0.004,0.004,0.004,0.005,0.003,0.003,0.004,0.005,0.011,0.012,0.013,0.011,0.012,0,0,0,0,0,0,0,0,0.001,0.003,0.003,0,0,0,0,0,0,0,0,0,0,0,0,0.013,0.15,0.14,0.127,0.082,0.172,0.169,0.165,0.084,0.073,0.107,0.083,0.074,0.014,0.056,0.081,0.019,0.07,0.066,0.066,0.062,0.062,0.063,0.066,0.038,0.013,0.008,0.01,0.003,0.003,0.003,0.002,0.002,0.003,0.001,0.002,0.002,0.002,0.001,0.002,0.001,0.001,0.001,0.001,0.001,0.001,0.001,0.002,0.002,0.002,0.002,0.001,0.001,0.768,0.482,0.469,0.463,0.459,0.458,0.459,0.455,0.456,0.452,0.451,0.451,0.448,0.449,0.444,0.437,0.394,0.51,0.43,0.432,0.428,0.424,0.421,0.417,0.414,0.41,0.405,0.4,0.391,0.475,0.349,0.362,0.381,0.325,0.28,0.001,0.001,0,0.001,0.002,0,0.001,0.001,0.001,0,0.001,0.001,0.001,0.001,0.001,0.002,0.001,0.002,0.001,0.001,0.002,0.001,0.002,0.001,0.002,0.002,0.001,0.002,0.001,0.001,0.002,0.001,0.002,0.002,0.001,0.002,0.001,A,17.864
20260521,0.002,0.001,0.002,0.001,0.002,0.002,0.001,0.002,0.001,0.002,0.001,0.002,0.001,0.002,0.001,0.002,0.002,0.001,0.002,0.001,0.002,0.001,0.002,0.001,0.002,0.001,0.002,0.001,0.002,0.001,0.002,0.001,0.002,0.001,0.002,0.001,0.002,0.001,0.002,0.001,0.001,0.002,0.001,0.002,0.001,0.001,0.002,0.001,0.001,0.002,0.001,0.002,0.001,0.001,0.002,0.001,0.002,0.001,0.001,0.002,0.001,0.002,0.001,0.002,0.001,0.001,0.002,0.001,0.002,0.001,0.002,0.001,0.002,0.001,0.002,0.001,0.001,0.002,0.001,0.002,0.001,0.002,0.001,0.002,0.002,0.002,0.003,0.002,0.002,0.003,0.003,0.002,0.003,0.004,0.003,0.005,0.003,0.004,0.004,0.005,0.003,0.004,0.005,0.006,0.005,0.007,0.008,0.008,0.005,0.004,0.003,0.007,0.008,0.009,0.007,0.003,0.004,0.004,0.007,0.005,0.01,0.005,0.004,0.004,0.004,0.004,0.006,0.004,0.004,0.005,0.005,0.004,0.004,0.007,0.003,0,0,0,0,0,0,0,0.004,0.005,0.004,0,0,0,0,0,0,0,0,0,0,0,0,0,0,0,0,0,0,0,0,0.009,0.008,0,0.007,0.006,0.027,0.027,0.021,0.025,0.045,0.015,0.044,0.029,0.013,0.003,0.004,0.002,0.003,0.003,0.002,0.007,0.004,0.003,0.003,0.002,0.003,0.003,0.002,0.002,0.001,0.002,0.002,0.001,0.001,0.002,0.001,0,0.002,0.001,0,0.001,0.001,0.001,0.001,0.001,0.001,0.001,0.001,0,0.001,0.001,0.787,0.478,0.461,0.458,0.466,0.458,0.457,0.452,0.452,0.455,0.452,0.46,0.448,0.447,0.443,0.433,0.438,0.435,0.433,0.436,0.427,0.424,0.424,0.419,0.417,0.409,0.41,0.398,0.397,0.388,0.38,0.373,0.363,0.345,0.327,0.002,0.001,0.001,0.001,0.002,0.001,0.001,0.002,0.002,0.001,0.001,0.001,0.001,0.001,0.002,0.001,0.001,0.001,0.002,0.001,0.002,0.001,0.002,0.001,0.001,0.002,0.001,0.002,0.001,0.002,0.001,0.002,0.001,0.002,0.001,0.001,0.002,A,16.018
20260522,0.002,0.001,0.002,0.001,0.002,0.001,0.002,0.001,0.002,0.001,0.002,0.001,0.001,0.002,0.001,0.002,0.001,0.001,0.002,0.001,0.001,0.002,0.001,0.002,0.001,0.001,0.002,0.001,0.002,0.001,0.002,0.001,0.002,0.001,0.002,0.001,0.002,0.001,0.001,0.002,0.001,0.002,0.001,0.002,0.001,0.001,0.001,0.002,0.001,0.002,0.001,0.002,0.001,0.002,0.001,0.001,0.002,0.001,0.002,0.001,0.001,0.002,0.001,0.002,0.001,0.001,0.002,0.001,0.002,0.001,0.002,0.001,0.001,0.002,0.002,0.001,0.001,0.002,0.001,0.001,0.002,0.001,0.001,0.002,0.001,0.002,0.001,0.003,0.002,0.003,0.002,0.002,0.003,0.004,0.003,0.004,0.004,0.004,0.004,0.003,0.003,0.004,0.004,0.005,0.006,0.011,0.008,0.003,0.003,0.004,0.008,0.006,0.003,0.004,0.004,0.004,0.006,0.007,0.007,0.008,0.008,0.006,0.005,0.004,0.006,0.008,0.004,0.009,0.005,0.004,0.004,0.005,0.005,0,0,0,0,0,0,0,0,0,0,0,0,0,0,0,0,0.002,0.001,0,0,0,0,0,0,0,0,0,0,0,0,0,0,0.003,0.007,0.001,0.072,0.053,0.02,0.019,0.048,0.052,0.022,0.046,0.045,0.021,0.029,0.017,0.033,0.009,0.01,0.019,0.013,0.022,0.003,0.003,0.003,0.005,0.003,0.002,0.002,0.002,0.001,0.002,0.003,0.001,0.002,0.001,0.002,0.001,0.001,0.001,0.001,0.001,0.001,0.001,0.001,0.001,0.001,0.001,0.001,0.001,0.001,0.021,0.782,0.449,0.463,0.466,0.465,0.465,0.459,0.456,0.453,0.461,0.452,0.449,0.447,0.442,0.442,0.441,0.44,0.436,0.432,0.429,0.426,0.426,0.411,0.429,0.506,0.404,0.312,0.394,0.396,0.39,0.387,0.383,0.364,0.346,0.317,0.001,0,0.001,0.001,0.001,0,0.001,0.001,0.002,0.001,0.001,0.002,0.001,0.001,0.001,0.002,0.001,0.002,0.001,0.002,0.001,0.002,0.001,0.002,0.001,0.002,0.001,0.002,0.001,0.002,0.002,0.001,0.002,0.001,0.002,0.001,0.002,A,16.249
20260523,0.002,0.002,0.001,0.002,0.001,0.002,0.001,0.002,0.002,0.001,0.002,0.001,0.002,0.002,0.001,0.002,0.001,0.002,0.001,0.002,0.001,0.002,0.002,0.001,0.002,0.001,0.002,0.001,0.002,0.002,0.001,0.002,0.002,0.001,0.002,0.001,0.002,0.001,0.002,0.001,0.002,0.002,0.001,0.001,0.002,0.001,0.002,0.002,0.001,0.002,0.001,0.002,0.001,0.002,0.001,0.002,0.001,0.002,0.002,0.001,0.002,0.001,0.002,0.001,0.002,0.001,0.002,0.001,0.002,0.002,0.001,0.002,0.001,0.002,0.001,0.002,0.001,0.002,0.002,0.001,0.002,0.001,0.002,0.001,0.002,0.002,0.003,0.002,0.003,0.004,0.003,0.002,0.003,0.004,0.003,0.004,0.004,0.003,0.004,0.004,0.004,0.004,0.004,0.003,0.003,0.004,0.004,0.005,0.009,0.007,0.004,0.004,0.004,0.008,0.004,0.004,0.004,0.003,0.005,0.004,0.003,0.004,0.004,0.004,0.005,0.007,0.01,0.007,0.007,0.008,0.009,0.007,0,0,0,0,0,0,0,0,0,0,0,0,0,0,0,0,0,0,0,0,0,0,0,0,0,0,0,0,0,0.003,0,0,0,0,0.02,0,0.038,0.031,0.018,0.022,0.045,0.04,0.051,0.037,0.05,0.035,0.031,0.019,0.029,0.016,0.035,0.012,0.01,0.004,0.002,0.003,0.003,0.035,0.048,0.005,0.002,0.002,0.001,0.002,0.001,0.001,0.002,0.001,0.001,0.001,0.001,0.001,0.001,0.001,0.001,0.001,0.001,0.001,0,0.002,0.001,0,0.001,0.001,0.781,0.479,0.467,0.463,0.46,0.457,0.459,0.459,0.454,0.45,0.451,0.45,0.445,0.448,0.442,0.441,0.439,0.437,0.433,0.426,0.43,0.427,0.422,0.417,0.411,0.409,0.398,0.403,0.403,0.391,0.397,0.373,0.366,0.342,0.322,0.001,0.001,0.002,0.001,0.001,0,0.001,0.001,0.001,0.001,0,0.001,0.001,0.001,0.001,0.001,0.002,0.001,0.001,0.002,0.001,0.002,0.001,0.002,0.001,0.002,0.001,0.002,0.001,0.002,0.001,0.002,0.002,0.001,0.002,0.001,0.002,A,16.315
20260524,0.001,0.002,0.001,0.002,0.002,0.001,0.002,0.002,0.001,0.002,0.001,0.002,0.001,0.002,0.001,0.002,0.001,0.001,0.002,0.002,0.001,0.001,0.002,0.001,0.002,0.001,0.002,0.001,0.001,0.002,0.002,0.001,0.002,0.001,0.002,0.001,0.002,0.001,0.002,0.001,0.002,0.001,0.002,0.001,0.002,0.001,0.002,0.001,0.002,0.001,0.002,0.001,0.001,0.002,0.001,0.002,0.002,0.001,0.001,0.002,0.001,0.002,0.001,0.002,0.001,0.002,0.001,0.002,0.001,0.002,0.001,0.002,0.001,0.002,0.001,0.002,0.001,0.002,0.001,0.002,0.001,0.002,0.001,0.002,0.002,0.002,0.002,0.003,0.003,0.003,0.004,0.004,0.004,0.003,0.003,0.003,0.003,0.003,0.005,0.004,0.003,0.004,0.006,0.006,0.006,0.003,0.005,0.005,0.004,0.006,0.004,0.006,0.005,0.007,0.009,0.008,0.005,0.008,0.011,0.007,0.004,0.004,0.004,0.004,0.004,0.005,0.004,0.007,0.003,0.005,0.008,0.007,0.005,0.001,0.003,0.002,0,0,0,0,0,0,0,0.001,0.01,0,0,0.002,0.001,0,0,0,0.003,0.002,0,0,0,0,0,0.002,0,0,0,0,0,0.009,0,0,0.017,0.027,0.046,0.044,0.069,0.044,0.026,0.003,0.004,0.019,0.041,0.041,0.037,0.033,0.028,0.034,0.037,0.037,0.032,0.013,0.003,0.003,0.003,0.002,0.004,0.003,0.003,0.003,0.005,0.002,0.002,0.001,0.002,0.001,0.001,0.001,0.001,0.001,0.001,0.001,0.001,0.002,0.001,0.002,0.002,0.001,0.003,0.001,0.774,0.486,0.463,0.454,0.463,0.458,0.457,0.462,0.456,0.451,0.449,0.443,0.447,0.447,0.434,0.446,0.44,0.437,0.436,0.431,0.429,0.425,0.419,0.423,0.414,0.409,0.355,0.386,0.441,0.393,0.306,0.392,0.38,0.367,0.349,0.015,0,0.001,0.001,0.001,0,0.001,0.001,0.001,0.001,0.001,0.001,0.001,0.001,0.002,0.001,0.001,0.002,0.001,0.002,0.002,0.001,0.002,0.002,0.001,0.002,0.001,0.002,0.002,0.001,0.002,0.001,0.002,0.002,0.001,0.002,0.002,A,16.368
20260525,0.001,0.002,0.001,0.002,0.001,0.002,0.002,0.002,0.001,0.002,0.001,0.002,0.001,0.002,0.002,0.001,0.002,0.001,0.002,0.002,0.001,0.002,0.001,0.002,0.001,0.002,0.002,0.001,0.002,0.001,0.002,0.001,0.002,0.001,0.002,0.001,0.002,0.002,0.001,0.002,0.001,0.002,0.001,0.002,0.001,0.002,0.001,0.002,0.002,0.001,0.002,0.001,0.001,0.002,0.001,0.002,0.002,0.001,0.002,0.001,0.002,0.001,0.002,0.001,0.002,0.001,0.002,0.001,0.002,0.002,0.001,0.002,0.001,0.002,0.001,0.002,0.001,0.002,0.002,0.001,0.001,0.002,0.001,0.001,0.003,0.002,0.002,0.003,0.003,0.003,0.003,0.004,0.003,0.003,0.003,0.004,0.003,0.004,0.004,0.003,0.004,0.004,0.003,0.004,0.003,0.004,0.005,0.007,0.007,0.006,0.005,0.004,0.004,0.007,0.004,0.007,0.009,0.008,0.005,0.007,0.006,0.007,0.009,0.005,0.006,0.005,0.008,0.019,0.017,0.017,0.016,0.018,0,0,0.004,0,0.002,0,0,0,0,0,0,0.001,0.002,0,0,0,0,0,0.001,0.001,0,0,0,0,0,0,0,0,0.001,0,0,0,0.001,0.009,0,0,0.008,0.007,0.007,0.048,0.071,0.039,0.053,0.049,0.051,0.056,0.049,0.047,0.038,0.027,0.033,0.033,0.031,0.031,0.034,0.026,0.017,0.004,0.009,0.025,0.029,0.018,0.004,0.002,0.003,0.003,0.002,0.001,0.001,0.002,0.001,0.001,0.001,0.001,0.001,0.001,0.001,0.001,0.001,0.001,0.001,0.001,0,0.001,0.784,0.481,0.464,0.46,0.46,0.458,0.458,0.455,0.455,0.452,0.451,0.451,0.444,0.444,0.443,0.44,0.439,0.437,0.434,0.431,0.43,0.427,0.421,0.417,0.415,0.411,0.407,0.407,0.391,0.388,0.345,0.481,0.352,0.328,0.278,0.001,0.001,0.002,0.001,0.001,0.002,0.001,0.001,0.001,0.002,0.001,0.001,0.002,0.001,0.001,0.002,0.001,0.002,0.001,0.001,0.002,0.001,0.002,0.001,0.002,0.001,0.002,0.002,0.001,0.002,0.001,0.002,0.001,0.002,0.002,0.001,0.002,A,16.604
20260526,0.002,0.001,0.002,0.001,0.002,0.001,0.002,0.002,0.002,0.001,0.002,0.001,0.002,0.001,0.002,0.001,0.002,0.001,0.002,0.002,0.001,0.002,0.002,0.001,0.002,0.001,0.002,0.001,0.002,0.001,0.002,0.002,0.001,0.002,0.001,0.002,0.001,0.002,0.001,0.002,0.001,0.002,0.001,0.002,0.001,0.002,0.001,0.002,0.002,0.001,0.002,0.001,0.002,0.001,0.002,0.001,0.002,0.001,0.002,0.001,0.002,0.001,0.002,0.001,0.002,0.001,0.002,0.001,0.002,0.001,0.001,0.002,0.002,0.002,0.001,0.001,0.002,0.001,0.002,0.001,0.002,0.001,0.001,0.001,0.002,0.002,0.003,0.003,0.003,0.003,0.003,0.002,0.002,0.003,0.003,0.003,0.003,0.003,0.004,0.005,0.003,0.004,0.003,0.004,0.004,0.003,0.003,0.003,0.003,0.003,0.003,0.003,0.004,0.005,0.007,0.007,0.006,0.005,0.004,0.004,0.004,0.006,0.004,0.004,0.004,0.006,0.007,0.004,0.005,0.004,0.004,0.004,0,0,0,0,0,0,0,0,0,0,0,0,0,0,0,0,0.001,0,0,0,0,0,0,0,0,0,0,0,0,0,0,0.004,0,0.063,0.104,0.048,0.071,0.057,0.1,0.072,0.011,0.011,0.032,0.052,0.027,0.031,0.026,0.025,0.038,0.055,0.059,0.061,0.072,0.06,0.064,0.072,0.061,0.025,0.003,0.003,0.003,0.003,0.003,0.003,0.002,0.001,0.001,0.001,0.002,0.001,0.001,0.002,0.001,0,0.001,0.001,0.001,0.001,0.001,0.001,0.001,0.001,0.001,0.001,0.473,0.473,0.468,0.471,0.472,0.466,0.468,0.466,0.462,0.46,0.461,0.461,0.455,0.456,0.44,0.455,0.446,0.432,0.443,0.442,0.442,0.438,0.43,0.43,0.425,0.421,0.415,0.413,0.405,0.397,0.394,0.387,0.374,0.358,0.338,0.005,0.001,0.002,0.001,0.002,0.001,0.001,0.001,0.002,0.001,0.001,0.001,0.002,0.001,0.001,0.002,0.001,0.001,0.002,0.002,0.001,0.002,0.001,0.002,0.001,0.002,0.001,0.002,0.001,0.002,0.001,0.002,0.002,0.001,0.002,0.002,0.001,A,16.948
20260527,0.002,0.001,0.002,0.002,0.001,0.002,0.001,0.002,0.002,0.001,0.002,0.001,0.002,0.002,0.001,0.002,0.001,0.002,0.001,0.002,0.001,0.002,0.002,0.001,0.002,0.002,0.001,0.002,0.001,0.002,0.001,0.002,0.001,0.002,0.001,0.002,0.002,0.001,0.002,0.001,0.002,0.001,0.002,0.001,0.002,0.001,0.001,0.002,0.002,0.001,0.001,0.002,0.002,0.001,0.002,0.001,0.002,0.001,0.001,0.002,0.002,0.001,0.002,0.001,0.002,0.001,0.002,0.001,0.002,0.001,0.002,0.002,0.001,0.001,0.002,0.001,0.001,0.002,0.001,0.002,0.001,0.002,0.001,0.002,0.001,0.002,0.002,0.003,0.002,0.003,0.003,0.003,0.003,0.004,0.005,0.003,0.004,0.004,0.005,0.004,0.004,0.003,0.004,0.004,0.003,0.004,0.004,0.004,0.003,0.003,0.003,0.003,0.004,0.003,0.004,0.004,0.004,0.004,0.004,0.005,0.005,0.006,0.005,0.006,0.005,0.004,0.003,0.005,0.007,0.006,0.005,0.004,0.001,0.008,0.005,0.001,0,0,0,0,0.004,0,0,0,0,0.001,0,0,0,0.001,0,0,0,0,0.005,0.001,0,0,0,0,0,0.007,0.003,0,0,0.032,0.093,0.029,0.129,0.109,0.109,0.11,0.103,0.089,0.073,0.06,0.058,0.045,0.026,0.009,0.002,0.003,0.002,0.002,0.002,0.002,0.002,0.002,0.002,0.006,0.035,0.017,0.004,0.003,0.002,0.001,0.002,0.002,0.001,0.002,0.001,0,0.001,0.001,0.001,0,0.001,0,0.001,0,0.001,0.001,0,0.001,0,0.001,0.471,0.471,0.464,0.612,0.465,0.463,0.461,0.466,0.46,0.457,0.456,0.452,0.45,0.452,0.447,0.446,0.448,0.438,0.421,0.436,0.433,0.434,0.433,0.431,0.414,0.414,0.411,0.408,0.396,0.389,0.391,0.38,0.368,0.354,0.328,0.007,0.001,0.001,0.001,0,0.001,0.001,0.001,0,0.001,0.001,0.001,0,0.001,0.001,0.001,0.001,0.001,0.001,0.001,0.001,0.001,0.001,0.001,0.001,0,0.002,0.001,0,0.001,0.001,0.001,0.001,0.001,0.001,0.001,0.001,A,16.789
20260528,0.001,0.001,0.001,0.001,0.001,0.001,0.001,0.001,0.001,0.001,0.001,0.001,0.001,0.001,0.001,0.001,0.001,0.001,0.001,0.001,0.001,0.001,0.001,0.001,0.001,0.001,0.001,0.001,0,0.001,0.001,0.002,0,0.001,0.001,0.001,0.001,0.001,0.001,0,0.001,0.001,0.001,0.001,0.001,0.001,0.001,0,0.001,0.001,0.001,0.001,0.001,0.001,0.001,0.001,0,0.001,0.001,0.001,0.001,0.001,0.001,0,0.001,0.001,0.001,0.001,0,0.001,0.001,0.001,0.001,0.001,0.001,0.001,0.001,0,0.001,0.001,0.001,0.001,0.001,0,0.001,0.001,0.001,0.001,0.001,0.001,0.003,0.002,0.002,0.003,0.004,0.006,0.004,0.003,0.004,0.003,0.006,0.004,0.004,0.005,0.006,0.004,0.007,0.008,0.009,0.006,0.004,0.005,0.004,0.005,0.008,0.009,0.008,0.006,0.006,0.004,0.005,0.007,0.004,0.004,0.004,0.003,0.005,0.004,0.006,0.005,0.005,0.007,0,0,0,0,0,0,0,0,0,0,0,0,0,0,0,0,0,0,0,0,0,0,0,0,0,0,0,0,0,0,0,0,0,0,0,0,0.003,0.002,0.002,0.003,0.002,0.003,0.002,0.003,0.002,0.002,0.002,0.003,0.004,0.015,0.02,0.02,0.007,0.004,0.005,0.007,0.006,0.003,0.001,0.002,0.002,0.003,0.003,0.002,0.001,0.002,0.001,0.001,0.001,0.001,0,0.001,0.001,0,0.001,0,0,0.001,0,0.001,0.001,0.001,0.001,0.001,0.77,0.481,0.478,0.459,0.459,0.456,0.456,0.454,0.454,0.45,0.446,0.447,0.447,0.439,0.45,0.441,0.434,0.433,0.432,0.43,0.431,0.427,0.421,0.417,0.414,0.411,0.408,0.403,0.36,0.446,0.447,0.356,0.345,0.325,0.296,0.001,0,0.001,0.001,0.001,0,0.001,0.001,0,0.001,0.001,0.001,0,0.001,0.001,0.001,0.002,0.001,0.002,0.001,0.002,0.001,0.002,0.001,0.001,0.002,0.001,0.002,0.001,0.002,0.001,0.002,0.002,0.001,0.001,0.002,0.001,A,15.708
20260529,0.002,0.001,0.002,0.001,0.002,0.002,0.001,0.002,0.001,0.002,0.001,0.001,0.002,0.002,0.001,0.002,0.001,0.002,0.001,0.002,0.001,0.002,0.001,0.002,0.002,0.001,0.001,0.002,0.001,0.002,0.001,0.002,0.001,0.002,0.001,0.002,0.001,0.002,0.001,0.002,0.001,0.001,0.002,0.001,0.002,0.001,0.002,0.001,0.002,0.001,0.001,0.002,0.001,0.002,0.001,0.001,0.002,0.001,0.002,0.001,0.002,0.001,0.001,0.002,0.001,0.002,0.001,0.002,0.001,0.002,0.001,0.002,0.001,0.002,0.001,0.002,0.001,0.002,0.001,0.002,0.001,0.002,0.001,0.001,0.002,0.002,0.001,0.002,0.001,0.002,0.001,0.002,0.001,0.003,0.002,0.002,0.002,0.003,0.003,0.003,0.003,0.003,0.003,0.003,0.003,0.003,0.003,0.003,0.004,0.003,0.004,0.003,0.003,0.003,0.004,0.005,0.006,0.006,0.006,0.004,0.004,0.003,0.005,0.006,0.004,0.005,0.005,0.006,0.005,0.005,0.006,0.007,0,0,0,0,0,0,0,0,0,0,0,0,0,0,0,0,0,0,0,0,0,0,0,0,0,0,0,0,0,0,0,0,0,0,0.032,0.049,0.092,0.009,0.006,0.119,0.111,0.129,0.166,0.068,0.069,0.066,0.042,0.054,0.112,0.108,0.094,0.059,0.004,0.005,0.018,0.017,0.005,0.005,0.005,0.003,0.003,0.003,0.002,0.002,0.003,0.002,0.003,0.002,0.003,0.001,0.001,0.002,0.001,0.001,0.001,0.001,0.001,0.002,0.001,0,0.002,0.001,0.002,0.002,0.47,0.473,0.473,0.465,0.482,0.454,0.581,0.474,0.459,0.458,0.453,0.458,0.452,0.453,0.449,0.441,0.44,0.44,0.439,0.442,0.432,0.431,0.43,0.422,0.423,0.416,0.41,0.369,0.416,0.435,0.387,0.337,0.393,0.359,0.322,0,0.001,0.001,0.001,0.001,0,0.001,0.001,0.001,0.001,0.001,0,0.001,0.001,0.001,0.001,0.002,0.001,0.001,0.002,0.002,0.001,0.002,0.001,0.001,0.002,0.001,0.002,0.002,0.001,0.002,0.002,0.001,0.002,0.001,0.002,0.001,A,17.064
20260530,0.002,0.002,0.001,0.002,0.001,0.002,0.002,0.001,0.002,0.001,0.002,0.001,0.002,0.001,0.002,0.002,0.001,0.001,0.002,0.002,0.001,0.002,0.001,0.002,0.001,0.002,0.001,0.002,0.001,0.002,0.001,0.002,0.002,0.001,0.001,0.002,0.001,0.002,0.001,0.002,0.001,0.002,0.001,0.002,0.001,0.002,0.001,0.002,0.001,0.002,0.001,0.001,0.002,0.001,0.002,0.001,0.002,0.001,0.002,0.001,0.001,0.002,0.001,0.002,0.001,0.002,0.001,0.002,0.001,0.001,0.002,0.001,0.002,0.001,0.001,0.002,0.002,0.001,0.001,0.001,0.001,0.001,0.002,0.002,0.001,0.002,0.002,0.003,0.002,0.003,0.003,0.005,0.003,0.004,0.004,0.005,0.003,0.004,0.005,0.005,0.003,0.006,0.006,0.005,0.006,0.006,0.005,0.005,0.007,0.009,0.008,0.01,0.008,0.008,0.006,0.004,0.004,0.003,0.003,0.003,0.003,0.003,0.007,0.004,0.006,0.008,0.004,0.004,0.004,0.004,0.005,0.004,0,0,0,0,0,0,0,0,0,0,0,0.001,0.002,0,0,0.003,0,0,0,0,0,0,0,0,0,0,0,0,0,0,0,0,0,0.001,0.001,0.001,0.029,0.067,0.08,0.06,0.061,0.063,0.064,0.059,0.062,0.073,0.079,0.082,0.092,0.076,0.071,0.063,0.038,0.035,0.027,0.004,0.005,0.009,0.004,0.002,0.003,0.004,0.002,0.002,0.002,0.002,0.002,0.001,0.001,0.001,0.002,0.001,0.001,0.001,0.001,0.001,0.001,0.001,0.001,0.001,0.001,0.001,0.001,0.002,0.471,0.475,0.469,0.47,0.469,0.468,0.467,0.464,0.462,0.461,0.458,0.462,0.452,0.456,0.45,0.451,0.448,0.448,0.445,0.443,0.439,0.433,0.43,0.422,0.428,0.421,0.415,0.416,0.405,0.398,0.392,0.384,0.275,0.411,0.39,0.001,0.001,0.001,0.001,0.001,0,0.002,0,0.001,0.001,0,0.001,0.001,0,0.002,0.001,0.001,0.002,0.002,0.001,0.002,0.001,0.002,0.001,0.001,0.001,0.002,0.002,0.001,0.002,0.001,0.001,0.002,0.002,0.001,0.001,0.002,A,16.893
20260531,0.001,0.002,0.001,0.001,0.002,0.001,0.002,0.001,0.002,0.001,0.002,0.001,0.002,0.001,0.001,0.002,0.001,0.002,0.001,0.002,0.001,0.002,0.002,0.001,0.001,0.002,0.002,0.001,0.001,0.002,0.001,0.001,0.002,0.002,0.001,0.001,0.002,0.001,0.002,0.001,0.001,0.002,0.002,0.001,0.002,0.001,0.001,0.002,0.001,0.001,0.002,0.001,0.002,0.001,0.002,0.001,0.002,0.001,0.001,0.002,0.001,0.002,0.001,0.002,0.001,0.002,0.001,0.001,0.002,0.001,0.002,0.001,0.002,0.001,0.002,0.001,0.002,0.001,0.001,0.002,0.001,0.001,0.002,0.002,0.002,0.002,0.004,0.003,0.005,0.004,0.005,0.004,0.003,0.004,0.004,0.004,0.004,0.004,0.003,0.003,0.003,0.004,0.004,0.004,0.004,0.004,0.004,0.003,0.002,0.005,0.005,0.005,0.004,0.008,0.007,0.005,0.003,0.003,0.003,0.002,0.003,0.002,0.002,0.002,0.004,0.003,0.003,0.004,0.003,0.004,0.004,0.004,0.004,0.004,0.004,0.004,0.005,0.003,0,0.004,0,0,0.003,0,0.003,0.001,0,0.002,0,0.001,0.002,0,0,0.004,0,0,0,0,0.001,0.001,0,0,0,0,0.013,0.057,0.086,0.06,0.153,0.146,0.123,0.098,0.088,0.075,0.079,0.054,0.092,0.093,0.094,0.074,0.071,0.055,0.045,0.042,0.032,0.043,0.039,0.035,0.026,0.016,0.002,0.003,0.003,0.002,0.003,0.002,0.003,0.002,0.002,0.002,0.001,0.001,0.001,0.001,0.001,0.001,0.002,0.001,0.001,0.005,0.003,0.001,0.002,0.001,0.001,0.001,0.469,0.48,0.476,0.471,0.467,0.462,0.469,0.464,0.465,0.462,0.455,0.458,0.456,0.456,0.456,0.415,0.54,0.455,0.441,0.435,0.434,0.431,0.432,0.423,0.419,0.416,0.408,0.408,0.4,0.398,0.385,0.28,0.446,0.46,0.242,0.005,0.001,0.001,0,0.001,0.001,0,0.001,0.001,0,0.001,0.001,0,0.001,0.001,0.002,0.001,0.001,0.002,0.001,0.002,0.002,0.001,0.002,0.001,0.002,0.002,0.001,0.002,0.002,0.001,0.002,0.002,0.001,0.002,0.001,0.002,A,17.467
20260601,0.002,0.001,0.002,0.002,0.001,0.002,0.001,0.002,0.001,0.002,0.001,0.002,0.002,0.001,0.002,0.001,0.002,0.001,0.002,0.001,0.002,0.002,0.001,0.002,0.001,0.002,0.001,0.002,0.001,0.002,0.002,0.001,0.001,0.002,0.001,0.002,0.001,0.002,0.001,0.002,0.001,0.001,0.002,0.001,0.002,0.001,0.002,0.001,0.002,0.001,0.002,0.001,0.001,0.002,0.001,0.002,0.001,0.002,0.001,0.002,0.001,0.001,0.002,0.001,0.002,0.001,0.002,0.001,0.001,0.002,0,0.001,0,0.002,0.001,0.002,0.001,0.001,0.002,0.001,0.002,0.001,0.001,0.001,0.002,0.002,0.002,0.003,0.003,0.004,0.004,0.004,0.003,0.004,0.004,0.004,0.003,0.003,0.003,0.002,0.003,0.002,0.006,0.007,0.007,0.007,0.008,0.002,0.003,0.003,0.004,0.005,0.005,0.005,0.004,0.003,0.003,0.002,0.003,0.002,0.003,0.003,0.002,0.003,0.003,0.003,0.003,0.003,0.002,0.002,0.002,0.002,0,0,0.002,0,0.001,0.001,0,0,0,0,0,0.003,0,0,0.001,0.001,0,0,0.004,0,0,0.001,0.001,0,0,0,0,0.001,0,0,0,0,0,0.032,0,0,0.003,0.003,0.003,0.003,0.033,0.046,0.043,0.041,0.043,0.044,0.048,0.049,0.038,0.024,0.014,0.023,0.007,0.013,0.015,0.011,0.004,0.006,0.004,0.002,0.003,0.002,0.002,0.003,0.002,0.002,0.002,0.002,0.001,0.002,0.001,0.001,0.001,0.001,0.002,0.001,0.001,0.001,0.001,0.001,0.001,0.002,0.001,0.001,0.795,0.467,0.511,0.465,0.458,0.453,0.456,0.447,0.453,0.45,0.449,0.446,0.449,0.444,0.442,0.434,0.432,0.409,0.52,0.432,0.424,0.421,0.42,0.335,0.33,0.467,0.446,0.351,0.462,0.394,0.38,0.286,0.452,0.348,0.314,0.002,0.001,0.001,0.001,0.001,0.001,0,0.001,0.001,0.001,0,0.001,0.001,0.001,0.001,0.002,0.001,0.001,0.002,0.001,0.002,0.002,0.001,0.002,0.001,0.002,0.001,0.002,0.001,0.002,0.002,0.001,0.002,0.001,0.002,0.001,0.002,A,16.181
20260602,0.002,0.001,0.002,0.001,0.002,0.002,0.001,0.002,0.001,0.002,0.002,0.001,0.002,0.001,0.002,0.001,0.002,0.002,0.001,0.002,0.001,0.002,0.001,0.002,0.001,0.002,0.002,0.001,0.002,0.001,0.002,0.001,0.002,0.001,0.002,0.001,0.002,0.001,0.002,0.001,0.001,0.002,0.002,0.001,0.002,0.001,0.002,0.001,0.002,0.001,0.001,0.002,0.002,0.001,0.001,0.002,0.001,0.002,0.001,0.002,0.001,0.002,0.001,0.001,0.001,0.002,0.001,0.002,0.001,0.001,0.001,0.002,0.001,0.002,0.001,0.001,0.002,0.001,0.002,0.001,0.002,0.001,0.002,0.001,0.001,0.002,0.002,0.001,0.002,0.001,0.001,0.001,0.003,0.003,0.002,0.003,0.005,0.003,0.006,0.003,0.002,0.002,0.003,0.003,0.004,0.003,0.004,0.004,0.003,0.003,0.003,0.005,0.002,0.003,0.003,0.004,0.006,0.004,0.005,0.004,0.003,0.003,0.006,0.002,0.003,0.004,0.003,0.004,0.005,0.003,0.004,0.005,0,0,0,0,0,0,0,0,0,0,0,0,0,0,0,0,0,0,0,0,0,0,0,0,0,0,0,0,0,0,0,0,0,0,0,0,0.003,0.003,0.003,0.003,0.005,0.004,0.007,0.006,0.005,0.004,0.005,0.007,0.006,0.006,0.004,0.004,0.005,0.003,0.002,0.005,0.004,0.004,0.004,0.003,0.003,0.003,0.003,0.003,0.002,0.004,0.002,0.002,0.001,0.001,0.001,0.001,0.002,0.001,0.001,0.001,0.001,0.001,0.001,0.001,0.001,0.001,0.001,0.001,0.469,0.476,0.469,0.468,0.469,0.469,0.466,0.465,0.463,0.463,0.461,0.456,0.456,0.455,0.446,0.407,0.448,0.447,0.445,0.443,0.443,0.438,0.432,0.428,0.429,0.424,0.418,0.411,0.408,0.399,0.4,0.386,0.372,0.354,0.316,0.042,0.001,0.001,0,0.001,0.001,0,0.001,0.001,0,0.001,0.001,0.001,0,0.001,0.002,0.001,0.001,0.002,0.001,0.002,0.001,0.002,0.001,0.002,0.001,0.002,0.001,0.001,0.002,0.001,0.002,0.002,0.001,0.002,0.001,0.002,A,15.707
20260603,0.001,0.002,0.001,0.002,0.001,0.002,0.001,0.002,0.001,0.002,0.001,0.002,0.002,0.001,0.002,0.001,0.002,0.001,0.002,0.001,0.002,0.001,0.002,0.001,0.002,0.001,0.002,0.001,0.002,0.001,0.002,0.001,0.002,0.001,0.002,0.001,0.002,0.001,0.002,0.001,0.001,0.002,0.001,0.002,0.001,0.001,0.002,0.002,0.001,0.001,0.002,0.001,0.001,0.002,0.001,0.002,0.001,0.002,0.001,0.002,0.001,0.001,0.002,0.001,0.002,0.001,0.002,0.001,0.001,0.002,0.001,0.002,0.001,0.002,0.001,0.002,0.001,0.002,0.001,0.002,0.002,0.001,0.002,0.002,0.001,0.003,0.002,0.002,0.003,0.003,0.003,0.003,0.002,0.003,0.003,0.003,0.004,0.007,0.004,0.003,0.004,0.002,0.004,0.004,0.005,0.006,0.006,0.005,0.005,0.005,0.006,0.006,0.004,0.005,0.003,0.006,0.003,0.003,0.002,0.003,0.002,0.003,0.002,0.002,0.003,0.004,0.004,0.005,0.004,0.005,0.004,0.004,0,0,0.03,0,0,0,0,0,0,0,0.01,0,0,0,0.005,0,0,0,0,0,0,0,0,0,0,0,0,0,0,0,0,0,0.011,0.007,0.004,0.008,0.048,0.139,0.124,0.099,0.106,0.098,0.06,0.063,0.091,0.075,0.072,0.052,0.042,0.04,0.04,0.047,0.039,0.033,0.03,0.024,0.016,0.008,0.003,0.002,0.003,0.002,0.002,0.002,0.002,0.002,0.002,0.001,0.001,0.002,0.001,0.001,0.001,0.001,0.001,0.001,0.001,0.001,0.001,0.001,0.001,0.001,0.001,0.001,0.793,0.476,0.462,0.463,0.457,0.457,0.454,0.444,0.454,0.455,0.449,0.463,0.449,0.442,0.436,0.442,0.438,0.431,0.433,0.432,0.429,0.427,0.424,0.419,0.384,0.436,0.443,0.403,0.393,0.385,0.331,0.389,0.369,0.345,0.329,0.005,0.001,0.001,0.001,0.001,0.001,0.001,0.002,0.001,0.002,0.001,0.002,0.001,0.002,0.001,0.001,0.002,0.001,0.002,0.001,0.002,0.001,0.002,0.001,0.002,0.001,0.002,0.002,0.001,0.002,0.001,0.002,0.002,0.001,0.002,0.001,0.002,A,17.055
20260604,0.001,0.002,0.002,0.001,0.002,0.002,0.001,0.002,0.001,0.002,0.001,0.002,0.002,0.001,0.002,0.001,0.002,0.002,0.001,0.002,0.001,0.002,0.001,0.002,0.002,0.001,0.002,0.001,0.001,0.002,0.002,0.001,0.002,0.001,0.002,0.001,0.002,0.001,0.001,0.002,0.001,0.002,0.002,0.001,0.001,0.002,0.001,0.002,0.001,0.002,0.001,0.002,0.001,0.001,0.002,0.001,0.002,0.001,0.002,0.001,0.002,0.001,0.002,0.001,0.002,0.001,0.002,0.001,0.002,0.001,0.002,0.001,0.001,0.002,0.002,0.001,0.001,0.002,0.002,0.001,0.001,0.002,0.001,0.002,0.001,0.002,0.003,0.002,0.003,0.004,0.003,0.005,0.003,0.003,0.004,0.003,0.005,0.006,0.004,0.004,0.003,0.003,0.003,0.005,0.004,0.004,0.003,0.004,0.004,0.003,0.003,0.003,0.003,0.004,0.005,0.005,0.007,0.005,0.003,0.003,0.002,0.003,0.002,0.003,0.003,0.004,0.003,0.003,0.003,0.003,0.003,0.003,0.003,0.004,0.005,0.004,0.003,0.005,0.001,0,0,0,0,0,0,0,0,0,0,0,0,0,0,0,0,0,0,0,0,0,0,0,0,0.001,0.039,0.027,0.008,0.009,0.125,0.188,0.145,0.11,0.089,0.07,0.035,0.018,0.005,0.076,0.053,0.06,0.066,0.068,0.068,0.06,0.048,0.043,0.04,0.03,0.022,0.005,0.007,0.032,0.02,0.018,0.008,0.003,0.002,0.003,0.002,0.002,0.001,0.001,0.001,0.002,0.001,0.001,0.001,0.001,0.002,0,0.001,0.001,0.001,0.001,0.001,0.001,0.798,0.506,0.484,0.48,0.481,0.477,0.476,0.473,0.471,0.467,0.465,0.463,0.459,0.454,0.451,0.451,0.447,0.446,0.439,0.434,0.43,0.426,0.424,0.313,0.434,0.508,0.403,0.386,0.265,0.55,0.384,0.332,0.307,0.251,0.199,0.001,0,0.001,0.001,0.001,0,0.001,0.001,0.001,0.001,0,0.001,0.001,0.001,0.001,0.002,0.001,0.002,0.001,0.002,0.001,0.002,0.002,0.001,0.002,0.001,0.002,0.001,0.002,0.001,0.002,0.002,0.001,0.002,0.002,0.001,0.002,A,17.222
20260605,0.001,0.002,0.001,0.002,0.002,0.001,0.001,0.002,0.001,0.002,0.001,0.002,0.001,0.001,0.002,0.002,0.001,0.001,0.002,0.001,0.002,0.001,0.002,0.002,0.001,0.002,0.001,0.002,0.001,0.002,0.001,0.002,0.002,0.001,0.002,0.001,0.001,0.002,0.001,0.002,0.002,0.001,0.002,0.001,0.001,0.002,0.001,0.002,0.001,0.001,0.002,0.002,0.001,0.001,0.001,0.002,0.001,0.002,0.001,0.002,0.001,0.002,0.001,0.001,0.001,0.001,0.002,0.001,0.001,0.001,0.002,0.001,0.001,0.002,0.001,0.002,0.001,0.001,0.001,0.001,0.002,0.001,0.001,0.001,0.001,0.002,0.001,0.002,0.001,0.003,0.002,0.002,0.003,0.002,0.002,0.003,0.002,0.004,0.004,0.005,0.004,0.004,0.006,0.005,0.004,0.003,0.003,0.004,0.003,0.003,0.004,0.003,0.007,0.006,0.006,0.007,0.003,0.004,0.004,0.004,0.006,0.006,0.005,0.004,0.002,0.002,0.003,0.002,0.002,0.004,0.003,0.004,0.001,0,0,0,0,0,0,0,0,0,0,0,0,0,0,0,0,0,0,0,0,0,0,0,0,0,0,0,0,0.05,0.064,0.054,0.027,0.109,0.191,0.158,0.093,0.054,0.058,0.051,0.033,0.034,0.022,0.044,0.022,0.019,0.025,0.034,0.057,0.069,0.081,0.043,0.008,0.003,0.012,0.004,0.003,0.004,0.003,0.004,0.003,0.003,0.003,0.002,0.002,0.002,0.003,0.001,0.002,0.002,0.001,0.001,0.001,0.002,0.001,0.001,0.001,0.001,0.001,0.001,0.001,0.001,0.001,0.001,0.772,0.502,0.486,0.486,0.511,0.485,0.476,0.472,0.446,0.565,0.471,0.453,0.454,0.456,0.456,0.447,0.439,0.43,0.431,0.431,0.43,0.429,0.418,0.413,0.408,0.401,0.398,0.274,0.458,0.385,0.362,0.305,0.262,0.35,0.281,0.001,0.001,0.001,0.001,0.001,0,0.001,0.001,0.001,0,0.001,0.001,0.001,0.001,0.002,0.001,0.002,0.001,0.002,0.001,0.001,0.002,0.001,0.002,0.001,0.002,0.001,0.001,0.002,0.001,0.002,0.001,0.002,0.001,0.002,0.001,0.001,A,17.048
20260606,0.002,0.002,0.001,0.002,0.001,0.002,0.001,0.001,0.002,0.001,0.002,0.001,0.002,0.001,0.002,0.001,0.001,0.002,0.001,0.002,0.002,0.001,0.001,0.002,0.001,0.002,0.001,0.002,0.001,0.002,0.001,0.001,0.002,0.001,0.001,0.002,0.001,0.002,0.001,0.001,0.002,0.001,0.001,0.002,0.001,0.002,0.001,0.001,0.002,0.001,0.001,0.002,0.001,0.002,0.001,0.001,0.002,0.001,0.001,0.002,0.001,0.002,0.001,0.001,0.002,0.001,0.001,0.002,0.001,0.001,0.002,0.001,0.001,0.001,0.001,0,0.002,0.001,0.002,0.001,0.001,0.002,0.001,0.001,0.002,0.002,0.002,0.002,0.003,0.004,0.004,0.005,0.004,0.005,0.003,0.006,0.005,0.007,0.005,0.003,0.003,0.004,0.005,0.004,0.004,0.004,0.01,0.009,0.01,0.007,0.003,0.003,0.005,0.006,0.004,0.004,0.005,0.004,0.004,0.004,0.004,0.004,0.004,0.004,0.004,0.004,0.004,0.004,0.005,0.004,0.004,0.005,0.004,0.004,0.005,0.004,0.004,0.005,0.005,0.005,0.005,0.005,0.003,0.002,0.003,0.001,0,0,0,0,0,0,0,0,0,0,0,0,0,0,0,0,0,0,0,0,0.003,0.03,0.135,0.121,0.101,0.069,0.063,0.066,0.069,0.068,0.066,0.068,0.066,0.051,0.044,0.044,0.052,0.053,0.042,0.033,0.03,0.019,0.012,0.006,0.003,0.003,0.002,0.003,0.002,0.003,0.002,0.003,0.002,0.002,0.002,0.001,0.001,0.001,0.001,0.001,0.001,0.001,0.001,0.001,0.001,0.001,0.001,0.001,0.001,0.001,0.776,0.506,0.483,0.49,0.481,0.477,0.476,0.474,0.465,0.469,0.466,0.464,0.462,0.452,0.457,0.452,0.447,0.445,0.442,0.435,0.392,0.424,0.423,0.42,0.415,0.41,0.401,0.394,0.385,0.376,0.365,0.352,0.338,0.317,0.21,0.002,0.001,0.001,0,0.001,0.001,0.001,0,0.001,0.001,0.001,0,0.001,0.001,0.001,0.001,0.001,0.002,0.001,0.001,0.002,0.001,0.001,0.002,0.001,0.002,0.001,0.001,0.002,0.001,0.001,0.002,0.001,0.002,0.001,0.001,0.002,A,17.022
20260607,0.001,0.001,0.002,0.001,0.002,0.001,0.001,0.002,0.001,0.001,0.002,0.001,0.002,0.001,0.001,0.002,0.001,0.002,0.001,0.001,0.002,0.001,0.002,0.001,0.001,0.002,0.001,0.001,0.002,0.001,0.002,0.001,0.001,0.002,0.001,0.001,0.002,0.001,0.001,0.002,0.001,0.001,0.002,0.001,0.001,0.002,0.001,0.001,0.002,0.001,0.001,0.001,0.002,0.001,0.001,0.002,0.001,0.001,0.002,0.001,0.001,0.001,0.002,0.001,0.001,0.002,0.001,0.001,0.001,0.002,0.001,0.001,0.002,0.001,0.002,0.001,0.001,0.001,0.002,0.001,0.001,0.001,0.001,0.001,0.002,0.002,0.002,0.002,0.002,0.004,0.003,0.003,0.003,0.004,0.004,0.004,0.004,0.004,0.003,0.004,0.004,0.003,0.004,0.005,0.004,0.006,0.005,0.005,0.004,0.006,0.003,0.005,0.006,0.006,0.006,0.004,0.004,0.004,0.013,0.004,0.003,0.003,0.006,0.01,0.01,0.012,0.012,0.012,0.011,0.008,0.004,0.004,0,0,0,0,0,0,0,0,0,0,0,0,0,0,0,0,0,0,0,0,0,0,0,0,0,0,0,0,0,0.015,0.026,0.059,0.128,0.11,0.13,0.087,0.115,0.09,0.092,0.091,0.093,0.091,0.068,0.061,0.07,0.078,0.08,0.051,0.097,0.066,0.073,0.073,0.053,0.035,0.033,0.028,0.022,0.011,0.004,0.003,0.003,0.003,0.002,0.002,0.002,0.003,0.001,0.002,0.001,0.002,0.001,0.002,0.001,0.001,0.001,0.002,0.001,0.001,0.002,0.001,0.001,0.001,0.002,0.001,0.801,0.516,0.486,0.478,0.479,0.48,0.476,0.472,0.47,0.467,0.464,0.461,0.456,0.458,0.454,0.45,0.446,0.444,0.439,0.433,0.431,0.425,0.421,0.416,0.411,0.402,0.396,0.39,0.382,0.373,0.363,0.353,0.335,0.315,0.206,0.001,0.002,0.001,0.001,0,0.001,0,0.001,0.001,0.001,0,0,0.001,0.001,0,0.001,0,0.001,0.002,0.001,0.001,0.002,0.001,0.001,0.001,0.002,0.001,0.002,0.001,0.001,0.002,0.001,0.002,0.002,0.001,0.002,0.002,A,17.719
20260608,0.001,0.002,0.001,0.002,0.002,0.002,0.001,0.002,0.001,0.002,0.001,0.002,0.001,0.002,0.002,0.002,0.001,0.002,0.001,0.002,0.001,0.002,0.002,0.001,0.001,0.002,0.001,0.001,0.002,0.001,0.002,0.001,0.001,0.002,0.001,0.002,0.001,0.001,0.002,0.001,0.002,0.001,0.002,0.001,0.002,0.001,0.001,0.002,0.001,0.002,0.001,0.002,0.001,0.002,0.001,0.001,0.002,0.001,0.002,0.001,0.002,0.001,0.002,0.001,0.001,0.002,0.001,0.002,0.001,0.002,0.001,0.001,0.002,0.001,0.002,0.001,0.002,0.001,0.001,0.002,0.001,0.001,0.002,0.001,0.002,0.002,0.002,0.002,0.003,0.003,0.005,0.004,0.006,0.003,0.004,0.004,0.004,0.003,0.004,0.004,0.004,0.004,0.005,0.005,0.005,0.004,0.003,0.008,0.007,0.007,0.007,0.005,0.004,0.004,0.005,0.004,0.004,0.004,0.005,0.003,0.003,0.003,0.004,0.01,0.005,0.005,0.005,0.005,0.004,0.004,0.003,0.002,0.002,0.002,0.001,0.002,0.003,0.001,0,0,0,0,0,0,0,0,0,0,0,0,0,0,0,0,0,0,0,0,0,0,0,0,0,0,0.028,0.031,0,0,0.006,0.016,0.026,0.039,0.039,0.03,0.036,0.027,0.016,0.014,0.028,0.03,0.009,0.02,0.01,0.012,0.011,0.007,0.004,0.003,0.002,0.002,0.003,0.005,0.003,0.003,0.002,0.002,0.002,0.003,0.002,0.001,0.002,0.001,0.001,0.001,0.001,0.001,0.001,0.001,0.001,0.001,0.002,0.002,0.001,0.001,0.002,0.005,0.784,0.508,0.487,0.486,0.48,0.477,0.476,0.47,0.472,0.461,0.465,0.465,0.459,0.469,0.455,0.448,0.446,0.444,0.441,0.435,0.445,0.424,0.424,0.416,0.411,0.403,0.398,0.389,0.383,0.372,0.362,0.348,0.331,0.311,0.203,0.002,0.001,0.001,0.002,0.002,0.001,0.001,0.002,0.001,0.001,0.001,0.002,0.001,0.002,0.001,0.002,0.001,0.002,0.001,0.002,0.002,0.001,0.002,0.001,0.002,0.001,0.002,0.002,0.001,0.002,0.001,0.002,0.001,0.002,0.002,0.001,0.002,A,16.139
20260609,0.002,0.001,0.002,0.001,0.002,0.001,0.002,0.002,0.002,0.001,0.002,0.002,0.001,0.002,0.001,0.002,0.001,0.002,0.002,0.001,0.002,0.001,0.002,0.002,0.001,0.002,0.002,0.001,0.002,0.001,0.002,0.002,0.001,0.001,0.002,0.001,0.002,0.002,0.001,0.002,0.001,0.002,0.001,0.002,0.001,0.002,0.001,0.002,0.001,0.002,0.001,0.002,0.001,0.002,0.001,0.002,0.002,0.001,0.002,0.001,0.001,0.002,0.001,0.002,0.001,0.002,0.002,0.001,0.001,0.002,0.001,0.002,0.001,0.002,0.001,0.002,0.001,0.001,0.002,0.001,0.001,0.002,0.001,0.002,0.002,0.001,0.002,0.002,0.003,0.003,0.002,0.004,0.003,0.004,0.004,0.004,0.004,0.005,0.006,0.005,0.004,0.004,0.004,0.003,0.004,0.008,0.007,0.007,0.007,0.003,0.004,0.003,0.004,0.004,0.002,0.005,0.009,0.007,0.005,0.006,0.004,0.003,0.003,0.003,0.003,0.004,0.003,0.004,0.004,0.005,0.003,0.004,0.004,0.003,0.003,0.003,0.003,0.001,0,0,0,0,0,0,0,0,0,0,0,0,0,0,0,0,0,0,0,0,0,0,0,0.016,0.167,0.022,0.023,0.054,0.033,0.021,0.091,0.135,0.121,0.146,0.163,0.153,0.135,0.151,0.162,0.085,0.056,0.102,0.043,0.037,0.054,0.046,0.025,0.02,0.013,0.006,0.004,0.002,0.003,0.003,0.003,0.002,0.003,0.003,0.002,0.003,0.002,0.002,0.001,0.001,0.001,0.002,0.001,0.001,0.001,0.001,0.002,0.001,0.001,0.001,0.001,0.001,0.001,0.001,0.492,0.457,0.492,0.493,0.49,0.492,0.496,0.485,0.481,0.479,0.474,0.475,0.469,0.467,0.47,0.461,0.456,0.456,0.448,0.445,0.441,0.435,0.429,0.427,0.421,0.413,0.406,0.402,0.391,0.381,0.373,0.362,0.339,0.323,0.223,0.002,0.001,0.001,0,0.001,0.001,0.001,0.001,0.001,0.001,0.001,0.001,0,0.001,0.002,0.001,0.002,0.001,0.002,0.001,0.001,0.001,0.001,0.002,0.002,0.001,0.002,0.002,0.001,0.001,0.002,0.001,0.002,0.002,0.001,0.002,0.001,A,17.764
20260610,0.002,0.002,0.001,0.002,0.002,0.001,0.002,0.002,0.001,0.002,0.001,0.002,0.002,0.001,0.002,0.001,0.002,0.002,0.001,0.002,0.002,0.001,0.002,0.001,0.002,0.001,0.002,0.001,0.002,0.001,0.001,0.002,0.002,0.001,0.002,0.001,0.001,0.002,0.001,0.001,0.002,0.001,0.002,0.001,0.002,0.001,0.002,0.001,0.002,0.002,0.001,0.002,0.001,0.002,0.001,0.002,0.001,0.002,0.001,0.002,0.001,0.002,0.001,0.002,0.001,0.002,0.002,0.001,0.002,0.001,0.002,0.001,0.001,0.002,0.002,0.001,0.002,0.001,0.002,0.001,0.001,0.002,0.001,0.002,0.002,0.001,0.002,0.002,0.002,0.002,0.003,0.004,0.003,0.005,0.004,0.003,0.003,0.006,0.007,0.005,0.004,0.003,0.004,0.004,0.005,0.008,0.004,0.004,0.004,0.004,0.006,0.005,0.003,0.004,0.004,0.003,0.004,0.005,0.009,0.008,0.009,0.012,0.013,0.015,0.016,0.017,0.015,0.015,0.015,0.008,0.005,0.004,0.002,0.004,0.002,0.005,0.006,0.007,0.005,0.005,0.003,0.003,0.001,0,0,0,0,0,0,0,0,0,0,0,0,0,0,0,0,0,0,0,0.016,0.086,0.113,0.118,0.048,0.019,0.123,0.113,0.075,0.049,0.05,0.043,0.051,0.073,0.086,0.086,0.083,0.082,0.075,0.068,0.06,0.031,0.017,0.004,0.003,0.003,0.004,0.003,0.003,0.005,0.009,0.007,0.003,0.003,0.003,0.003,0.002,0.002,0.002,0.001,0.001,0.001,0.002,0.002,0.013,0.013,0.012,0.015,0.014,0.014,0.014,0.015,0.004,0.014,0.444,0.483,0.494,0.493,0.491,0.492,0.503,0.469,0.482,0.424,0.538,0.478,0.468,0.468,0.46,0.457,0.458,0.455,0.452,0.448,0.447,0.438,0.433,0.427,0.424,0.413,0.416,0.401,0.395,0.382,0.371,0.359,0.343,0.322,0.222,0.002,0.001,0.001,0.002,0.001,0.001,0,0.001,0.001,0.001,0,0.001,0.001,0.001,0.001,0.002,0.001,0.002,0.001,0.002,0.002,0.001,0.002,0.002,0.001,0.002,0.001,0.002,0.001,0.002,0.001,0.002,0.002,0.001,0.002,0.001,0.002,A,17.524
20260611,0.002,0.001,0.002,0.001,0.002,0.001,0.002,0.002,0.001,0.002,0.002,0.001,0.002,0.001,0.002,0.001,0.002,0.001,0.002,0.002,0.001,0.002,0.002,0.001,0.002,0.001,0.001,0.002,0.001,0.002,0.002,0.001,0.002,0.001,0.002,0.001,0.002,0.001,0.001,0.002,0.001,0.002,0.001,0.002,0.002,0.001,0.002,0.001,0.001,0.002,0.001,0.002,0.002,0.001,0.001,0.002,0.001,0.002,0.001,0.001,0.002,0.001,0.001,0.002,0.001,0.002,0.001,0.002,0.001,0.001,0.002,0.001,0.002,0.002,0.001,0.002,0.001,0.002,0.001,0.002,0.001,0.002,0.002,0.001,0.002,0.002,0.001,0.002,0.002,0.001,0.002,0.002,0.003,0.002,0.003,0.003,0.004,0.002,0.003,0.003,0.003,0.006,0.006,0.005,0.004,0.004,0.005,0.004,0.003,0.006,0.008,0.007,0.007,0.004,0.004,0.005,0.005,0.005,0.003,0.005,0.008,0.007,0.004,0.005,0.006,0.006,0.005,0.004,0.008,0.005,0.004,0.004,0.002,0,0,0,0,0,0,0,0,0,0,0,0,0,0,0,0,0,0,0,0,0,0,0,0,0,0,0,0,0,0.003,0.015,0.023,0.041,0.081,0.114,0.119,0.11,0.112,0.153,0.178,0.138,0.095,0.089,0.092,0.092,0.087,0.076,0.069,0.062,0.056,0.05,0.043,0.037,0.031,0.024,0.018,0.013,0.009,0.004,0.003,0.003,0.002,0.004,0.002,0.003,0.002,0.002,0.001,0.002,0.001,0.002,0.001,0.002,0.001,0.002,0.001,0.002,0.001,0.001,0.001,0.002,0.001,0.001,0.802,0.505,0.482,0.432,0.413,0.391,0.643,0.491,0.473,0.462,0.47,0.454,0.461,0.457,0.461,0.451,0.446,0.446,0.443,0.438,0.434,0.407,0.403,0.418,0.419,0.411,0.402,0.393,0.387,0.378,0.366,0.354,0.336,0.316,0.208,0.002,0.001,0.002,0.001,0.002,0.001,0.001,0.002,0.001,0.002,0.001,0.001,0.002,0.001,0.002,0.002,0.002,0.001,0.001,0.002,0.001,0.002,0.001,0.002,0.001,0.002,0.001,0.002,0.001,0.002,0.002,0.001,0.002,0.001,0.002,0.001,0.002,A,17.717
20260612,0.001,0.002,0.002,0.001,0.002,0.002,0.001,0.002,0.001,0.002,0.002,0.001,0.002,0.001,0.002,0.002,0.001,0.002,0.001,0.002,0.001,0.002,0.002,0.001,0.002,0.002,0.001,0.002,0.001,0.002,0.001,0.002,0.001,0.002,0.002,0.001,0.002,0.001,0.001,0.002,0.002,0.001,0.002,0.002,0.001,0.002,0.001,0.002,0.001,0.002,0.001,0.002,0.001,0.002,0.001,0.002,0.001,0.002,0.001,0.002,0.001,0.002,0.001,0.002,0.001,0.002,0.001,0.002,0.001,0.002,0.001,0.002,0.001,0.002,0.001,0.002,0.002,0.001,0.002,0.001,0.002,0.001,0.002,0.001,0.002,0.001,0.001,0.001,0.002,0.002,0.002,0.003,0.003,0.003,0.004,0.003,0.004,0.004,0.005,0.005,0.003,0.005,0.003,0.005,0.004,0.007,0.003,0.004,0.006,0.007,0.007,0.007,0.005,0.005,0.007,0.005,0.006,0.004,0.005,0.006,0.005,0.004,0.009,0.005,0.004,0.004,0.004,0.005,0.004,0.004,0.005,0.003,0,0,0,0,0,0,0,0,0,0,0,0,0,0,0,0,0,0,0,0,0,0,0,0,0,0,0,0,0,0,0,0,0,0.026,0.034,0.065,0.079,0.081,0.088,0.088,0.077,0.078,0.084,0.087,0.06,0.044,0.015,0.008,0.004,0.003,0.006,0.008,0.011,0.016,0.011,0.006,0.003,0.003,0.002,0.003,0.003,0.003,0.002,0.002,0.003,0.002,0.001,0.002,0.001,0.001,0.001,0.002,0.001,0.001,0.001,0.001,0.001,0.001,0.001,0.002,0.001,0.001,0.002,0.003,0.705,0.593,0.497,0.485,0.478,0.478,0.475,0.474,0.485,0.463,0.422,0.497,0.477,0.458,0.453,0.451,0.447,0.442,0.441,0.435,0.43,0.432,0.434,0.303,0.441,0.417,0.404,0.397,0.382,0.381,0.364,0.351,0.335,0.311,0.206,0.001,0.001,0.001,0,0.001,0.001,0.001,0,0.001,0.001,0.001,0.001,0,0.002,0.001,0.002,0.001,0.002,0.001,0.001,0.002,0.001,0.002,0.001,0.002,0.001,0.002,0.001,0.002,0.002,0.001,0.001,0.002,0.001,0.002,0.001,0.002,A,16.654
20260613,0.002,0.001,0.002,0.001,0.002,0.001,0.002,0.002,0.001,0.002,0.001,0.002,0.001,0.002,0.001,0.002,0.001,0.002,0.001,0.002,0.002,0.001,0.002,0.001,0.002,0.001,0.002,0.001,0.002,0.001,0.002,0.001,0.002,0.002,0.001,0.002,0.001,0.001,0.002,0.001,0.002,0.001,0.002,0.001,0.002,0.001,0.002,0.001,0.002,0.001,0.001,0.002,0.001,0.001,0.001,0.002,0.001,0.002,0.001,0.001,0.002,0.001,0.001,0.002,0.001,0.001,0.002,0.001,0.001,0.002,0.001,0.002,0.001,0.002,0.001,0.002,0.001,0.002,0.002,0.001,0.001,0.001,0.002,0.001,0.001,0.002,0.002,0.003,0.002,0.003,0.003,0.002,0.003,0.003,0.004,0.005,0.004,0.004,0.004,0.007,0.004,0.004,0.006,0.004,0.004,0.005,0.007,0.007,0.005,0.005,0.004,0.006,0.008,0.007,0.008,0.009,0.007,0.01,0.007,0.005,0.004,0.004,0.004,0.005,0.004,0.004,0.004,0.006,0.008,0.005,0.004,0.006,0.006,0.003,0.002,0.003,0.004,0.003,0.004,0.007,0.005,0.004,0.002,0,0,0,0,0,0,0,0,0,0,0,0,0,0,0,0,0,0,0,0,0,0,0,0.001,0,0.087,0.1,0.095,0.09,0.096,0.096,0.087,0.087,0.091,0.08,0.088,0.085,0.083,0.072,0.069,0.065,0.058,0.047,0.034,0.025,0.019,0.018,0.017,0.004,0.003,0.005,0.003,0.003,0.002,0.003,0.007,0.013,0.014,0.014,0.015,0.015,0.013,0.014,0.009,0.001,0.001,0.001,0.001,0.001,0.001,0.001,0.005,0.009,0.762,0.507,0.485,0.483,0.468,0.481,0.476,0.476,0.488,0.453,0.463,0.466,0.467,0.455,0.452,0.45,0.419,0.499,0.5,0.436,0.43,0.425,0.418,0.409,0.406,0.4,0.394,0.391,0.381,0.367,0.358,0.347,0.327,0.304,0.2,0.001,0.001,0.001,0.001,0.001,0.001,0,0.001,0.001,0.001,0,0.001,0.001,0,0.002,0.001,0.001,0.002,0.001,0.002,0.001,0.001,0.002,0.002,0.001,0.002,0.001,0.002,0.001,0.002,0.001,0.002,0.001,0.002,0.002,0.002,0.001,A,17.435
20260614,0.002,0.001,0.002,0.001,0.002,0.002,0.002,0.001,0.002,0.001,0.002,0.001,0.002,0.001,0.002,0.002,0.002,0.001,0.002,0.002,0.001,0.002,0.001,0.002,0.001,0.002,0.002,0.001,0.002,0.002,0.001,0.002,0.001,0.002,0.001,0.002,0.002,0.001,0.001,0.002,0.001,0.002,0.001,0.002,0.001,0.002,0.002,0.001,0.002,0.001,0.002,0.001,0.002,0.001,0.002,0.001,0.002,0.002,0.001,0.002,0.001,0.002,0.001,0.002,0.001,0.002,0.001,0.002,0.001,0.002,0.002,0.001,0.002,0.001,0.002,0.001,0.002,0.001,0.002,0.001,0.002,0.002,0.002,0.001,0.002,0.001,0.002,0.001,0.001,0.001,0.002,0.003,0.003,0.002,0.003,0.003,0.005,0.006,0.003,0.003,0.003,0.004,0.004,0.006,0.005,0.007,0.006,0.006,0.007,0.007,0.004,0.004,0.004,0.004,0.005,0.004,0.004,0.003,0.005,0.003,0.006,0.011,0.014,0.015,0.015,0.018,0.014,0.015,0.005,0.007,0.005,0.005,0,0,0,0.001,0,0,0,0,0,0,0,0,0,0,0,0,0,0,0,0,0,0,0,0,0,0,0,0,0,0,0,0,0,0,0.032,0.032,0.077,0.099,0.117,0.12,0.11,0.112,0.11,0.108,0.094,0.081,0.082,0.103,0.134,0.105,0.065,0.023,0.003,0.005,0.011,0.015,0.005,0.003,0.004,0.003,0.002,0.002,0.002,0.002,0.002,0.002,0.002,0.001,0.001,0.001,0.002,0.001,0.001,0.001,0.001,0.001,0.001,0.001,0.001,0.001,0.001,0.001,0.001,0.001,0.789,0.503,0.487,0.482,0.483,0.478,0.482,0.467,0.47,0.469,0.468,0.473,0.459,0.372,0.586,0.463,0.445,0.44,0.434,0.432,0.431,0.424,0.421,0.417,0.406,0.397,0.396,0.383,0.377,0.366,0.352,0.347,0.334,0.208,0.302,0.001,0.001,0,0.001,0.001,0.001,0,0.001,0.001,0.001,0.001,0,0.001,0.001,0.001,0.001,0.002,0.001,0.001,0.002,0.001,0.002,0.001,0.002,0.001,0.002,0.001,0.002,0.001,0.002,0.002,0.001,0.002,0.001,0.001,0.002,0.002,A,17.372
20260615,0.001,0.002,0.001,0.002,0.002,0.001,0.002,0.001,0.002,0.002,0.001,0.002,0.001,0.002,0.002,0.001,0.002,0.002,0.001,0.002,0.001,0.002,0.001,0.002,0.001,0.002,0.001,0.002,0.001,0.002,0.002,0.001,0.002,0.001,0.002,0.002,0.001,0.002,0.001,0.002,0.001,0.002,0.001,0.002,0.002,0.001,0.002,0.001,0.002,0.001,0.002,0.001,0.002,0.001,0.002,0.002,0.001,0.001,0.002,0.001,0.002,0.001,0.002,0.002,0.001,0.002,0.001,0.001,0.002,0.001,0.002,0.002,0.001,0.002,0.002,0.001,0.002,0.001,0.002,0.001,0.002,0.001,0.002,0.001,0.001,0.001,0.002,0.002,0.001,0.002,0.002,0.002,0.003,0.002,0.003,0.002,0.002,0.003,0.003,0.003,0.003,0.003,0.003,0.003,0.004,0.003,0.004,0.003,0.003,0.004,0.003,0.006,0.005,0.007,0.007,0.007,0.003,0.003,0.004,0.006,0.005,0.004,0.005,0.004,0.003,0.006,0.007,0.008,0.01,0.013,0.01,0.008,0,0,0,0,0,0,0,0,0,0,0,0,0,0,0,0,0,0,0,0,0,0,0,0,0,0,0,0,0,0,0,0,0.017,0.087,0.029,0.075,0.058,0.049,0.045,0.047,0.039,0.035,0.031,0.02,0.016,0.015,0.015,0.019,0.028,0.027,0.021,0.03,0.021,0.02,0.023,0.007,0.009,0.009,0.005,0.002,0.004,0.006,0.005,0.004,0.002,0.002,0.002,0.002,0.001,0.002,0.001,0.001,0.001,0.001,0.001,0.001,0.001,0.001,0.001,0.001,0.001,0.003,0.004,0.004,0.629,0.433,0.569,0.501,0.485,0.553,0.486,0.473,0.472,0.47,0.468,0.461,0.461,0.46,0.456,0.455,0.451,0.444,0.441,0.438,0.432,0.372,0.324,0.443,0.479,0.468,0.405,0.393,0.384,0.378,0.361,0.35,0.333,0.317,0.197,0.002,0.001,0.001,0.002,0.001,0.001,0.001,0.001,0,0.001,0.001,0,0.001,0.001,0.001,0.002,0.001,0.001,0.002,0.001,0.001,0.002,0.001,0.002,0.002,0.001,0.002,0.001,0.002,0.001,0.002,0.001,0.002,0.002,0.001,0.002,0.001,A,16.472
20260616,0.002,0.002,0.001,0.002,0.001,0.002,0.002,0.001,0.002,0.002,0.001,0.002,0.001,0.002,0.001,0.002,0.002,0.001,0.002,0.001,0.002,0.001,0.002,0.001,0.002,0.002,0.001,0.002,0.001,0.002,0.001,0.002,0.002,0.001,0.002,0.001,0.002,0.001,0.002,0.001,0.002,0.001,0.002,0.001,0.002,0.001,0.002,0.001,0.002,0.001,0.001,0.002,0.001,0.002,0.001,0.002,0.001,0.002,0.001,0.002,0.001,0.002,0.001,0.001,0.002,0.001,0.001,0.002,0.001,0.003,0.001,0.002,0.001,0.002,0.001,0.001,0.002,0.001,0.002,0.001,0.001,0.001,0.002,0.001,0.001,0.002,0.001,0.002,0.003,0.003,0.003,0.003,0.004,0.003,0.005,0.007,0.01,0.008,0.009,0.009,0.005,0.003,0.003,0.004,0.004,0.002,0.002,0.002,0.002,0.003,0.003,0.002,0.002,0.003,0.004,0.003,0.005,0.004,0.002,0.004,0.003,0.003,0.002,0.004,0.004,0.003,0.004,0.003,0.003,0.002,0.002,0.004,0,0,0,0,0,0,0,0,0,0,0,0,0,0,0,0,0,0,0,0,0,0,0,0,0,0,0,0,0,0.018,0.086,0.09,0.058,0.019,0.001,0.064,0.148,0.111,0.079,0.085,0.093,0.101,0.078,0.055,0.057,0.062,0.074,0.074,0.067,0.06,0.052,0.043,0.037,0.038,0.035,0.022,0.006,0.003,0.002,0.003,0.002,0.003,0.002,0.002,0.002,0.001,0.002,0.001,0.001,0.001,0.001,0.001,0.001,0.001,0.001,0.002,0.001,0.007,0.007,0.005,0.01,0.013,0.014,0.013,0.784,0.514,0.487,0.481,0.479,0.478,0.471,0.473,0.47,0.469,0.482,0.464,0.462,0.454,0.453,0.45,0.447,0.444,0.445,0.437,0.433,0.426,0.422,0.414,0.413,0.402,0.396,0.388,0.385,0.369,0.361,0.272,0.392,0.323,0.202,0,0.001,0.001,0.001,0.001,0,0.001,0.001,0.001,0,0.001,0.001,0.001,0,0.002,0.001,0.002,0.001,0.002,0.001,0.002,0.002,0.001,0.002,0.001,0.002,0.001,0.002,0.001,0.002,0.001,0.002,0.001,0.002,0.001,0.002,0.001,A,17.401
20260617,0.002,0.001,0.002,0.001,0.002,0.001,0.002,0.001,0.001,0.002,0.001,0.002,0.002,0.001,0.002,0.002,0.001,0.002,0.001,0.002,0.001,0.002,0.002,0.001,0.002,0.001,0.002,0.001,0.002,0.001,0.002,0.002,0.001,0.001,0.002,0.001,0.002,0.001,0.002,0.001,0.001,0.002,0.001,0.002,0.001,0.002,0.001,0.001,0.002,0.001,0.002,0.002,0.002,0.001,0.002,0.001,0.002,0.001,0.001,0.002,0.002,0.001,0.002,0.001,0.002,0.001,0.001,0.002,0.002,0.001,0.001,0.002,0.001,0.002,0.001,0.002,0.002,0.001,0.001,0.002,0.001,0.002,0.001,0.001,0.001,0.002,0.002,0.002,0.004,0.002,0.003,0.002,0.003,0.003,0.002,0.003,0.004,0.007,0.006,0.004,0.005,0.005,0.007,0.007,0.005,0.005,0.004,0.007,0.007,0.009,0.01,0.005,0.005,0.004,0.004,0.005,0.007,0.007,0.006,0.007,0.004,0.005,0.004,0.005,0.003,0.004,0.005,0.005,0.005,0.003,0.005,0.01,0,0,0,0,0,0,0,0,0,0,0,0,0,0,0,0,0,0,0,0,0,0,0,0,0,0,0,0,0,0,0.006,0.098,0.091,0.091,0.099,0.048,0.09,0.109,0.113,0.096,0.061,0.062,0.066,0.069,0.065,0.061,0.092,0.134,0.138,0.092,0.069,0.12,0.096,0.1,0.089,0.047,0.03,0.028,0.017,0.015,0.01,0.005,0.002,0.003,0.003,0.003,0.002,0.002,0.002,0.001,0.001,0.001,0.001,0.001,0.001,0.002,0.001,0.001,0.001,0.001,0.001,0.001,0.001,0.002,0.752,0.54,0.491,0.481,0.48,0.479,0.475,0.473,0.472,0.469,0.466,0.464,0.451,0.457,0.456,0.45,0.349,0.45,0.446,0.444,0.437,0.432,0.426,0.422,0.412,0.41,0.407,0.35,0.388,0.423,0.37,0.354,0.337,0.316,0.214,0.001,0.001,0,0.001,0.001,0.001,0.001,0,0.001,0.001,0,0.001,0.001,0,0.002,0.001,0.002,0.001,0.001,0.002,0.001,0.002,0.001,0.002,0.002,0.001,0.001,0.002,0.001,0.002,0.001,0.002,0.002,0.001,0.002,0.001,0.002,A,17.984
20260618,0.001,0.002,0.001,0.002,0.002,0.001,0.002,0.001,0.001,0.002,0.001,0.002,0.002,0.001,0.002,0.002,0.001,0.002,0.001,0.001,0.002,0.002,0.001,0.002,0.002,0.001,0.001,0.002,0.001,0.002,0.001,0.002,0.001,0.002,0.001,0.002,0.001,0.001,0.002,0.002,0.001,0.001,0.002,0.001,0.001,0.002,0.001,0.002,0.001,0.002,0.001,0.002,0.001,0.001,0.002,0.001,0.002,0.001,0.002,0.001,0.002,0.001,0.001,0.002,0.001,0.002,0.001,0.002,0.001,0.002,0.001,0.002,0.001,0.002,0.001,0.002,0.001,0.001,0.002,0.001,0.002,0.002,0.001,0.001,0.001,0.001,0.002,0.002,0.003,0.002,0.004,0.003,0.003,0.004,0.003,0.001,0,0,0,0,0,0,0,0,0,0,0,0,0,0,0,0,0,0,0,0,0,0,0,0,0,0,0,0,0,0,0,0,0,0,0,0,0,0,0,0,0,0,0,0,0,0,0,0,0,0,0,0.005,0.039,0,0.044,0.178,0.181,0.063,0.021,0.09,0.031,0,0,0.004,0.073,0,0,0,0.001,0,0,0,0.007,0.012,0.011,0.009,0.005,0.003,0.003,0.003,0.003,0.003,0.004,0.004,0.003,0.004,0.003,0.003,0.003,0.003,0.004,0.002,0.004,0.003,0.004,0.003,0.002,0.003,0.001,0.002,0.001,0.001,0.001,0,0,0,0.001,0,0,0,0,0,0,0,0,0.001,0,0,0,0,0.764,0.505,0.482,0.48,0.481,0.47,0.461,0.47,0.466,0.464,0.471,0.46,0.389,0,0,0,0,0,0,0,0.001,0,0,0,0,0,0,0.001,0,0,0.001,0,0,0.001,0,0,0,0,0,0,0,0,0,0,0.001,0,0,0,0,0,0,0.001,0,0,0,0.001,0,0.001,0,0.001,0,0,0,0.001,0,0,0,0.001,0,0.001,0,0,A,7.377
20260619,0.001,0,0,0,0.001,0,0.001,0,0,0.001,0,0,0.001,0,0,0.001,0,0,0.001,0.001,0,0,0.001,0,0,0.001,0,0,0.001,0,0,0.001,0,0,0.001,0,0,0.001,0,0,0.001,0,0,0.001,0,0,0.001,0,0,0.001,0,0,0,0.001,0,0.001,0,0,0.001,0,0,0,0.001,0,0,0.001,0,0,0.001,0,0,0.001,0,0,0.001,0,0.001,0,0,0.001,0,0,0.001,0,0,0,0.001,0,0,0.001,0.001,0.001,0.002,0.001,0.001,0.002,0.002,0.001,0.002,0.003,0.002,0.002,0.002,0.002,0.002,0.003,0.003,0.002,0.003,0.003,0.003,0.003,0.006,0.006,0.007,0.006,0.002,0.003,0.002,0.004,0.004,0.003,0.003,0.004,0.003,0.003,0.004,0.003,0.002,0,0,0.002,0,0,0,0,0,0,0.001,0,0,0.001,0,0,0.001,0,0,0.002,0,0,0,0,0,0,0,0,0.001,0,0,0,0,0,0.003,0.006,0.003,0.002,0,0,0.003,0.003,0.003,0.002,0.003,0.002,0.003,0.003,0.004,0.003,0.005,0.003,0.003,0.004,0.004,0.002,0.003,0.002,0.002,0.003,0.002,0.002,0.003,0.002,0.002,0.002,0.001,0.001,0.001,0,0,0.001,0,0,0,0,0,0,0.001,0,0,0,0,0,0,0,0,0,0.377,0.458,0.465,0.451,0.448,0.445,0.446,0.465,0.464,0.46,0.46,0.459,0.456,0.46,0.461,0.46,0.459,0.459,0.46,0.456,0.457,0.456,0.459,0.465,0.388,0.375,0.076,0,0,0,0.001,0,0,0,0.001,0,0,0,0,0,0,0,0,0,0,0,0,0,0,0,0.001,0,0,0,0.001,0,0,0.001,0,0,0,0.001,0,0.001,0,0,0.001,0,0,0.001,0,0,A,11.996
20260620,0.001,0,0,0.001,0,0.001,0,0,0.001,0,0,0.001,0,0.001,0,0,0.001,0,0,0.001,0,0,0.001,0,0.001,0,0,0.001,0,0,0.001,0,0,0,0.001,0,0,0.001,0,0,0.001,0,0,0.001,0,0,0,0.001,0,0,0.001,0,0,0,0.001,0,0,0.001,0,0,0,0.001,0,0,0,0,0.001,0,0,0,0.001,0,0,0,0.001,0,0,0,0.001,0,0,0,0.001,0,0,0.001,0,0.001,0.002,0.002,0.003,0.002,0.003,0.003,0.002,0.004,0.002,0.003,0.003,0.003,0.004,0.002,0.003,0.002,0.003,0.003,0.003,0.003,0.005,0.004,0.002,0.003,0.008,0.008,0.009,0.005,0.003,0.002,0.004,0.004,0.003,0.002,0.006,0.017,0.013,0.014,0.015,0.014,0.016,0.014,0.016,0.014,0.002,0.001,0,0,0,0,0,0,0,0,0,0,0,0,0,0,0,0,0,0,0,0,0,0.001,0,0,0,0,0,0.002,0,0.001,0,0.001,0,0,0.006,0.004,0.003,0.004,0.003,0.002,0.003,0.004,0.002,0.003,0.003,0.003,0.002,0.003,0.025,0.03,0.025,0.017,0.007,0.004,0.002,0.003,0.001,0.002,0.002,0.002,0.001,0.003,0.002,0.001,0.001,0.001,0.001,0,0,0,0.001,0,0,0,0.001,0,0,0,0,0.001,0,0,0.356,0.478,0.478,0.475,0.472,0.462,0.462,0.456,0.457,0.456,0.454,0.453,0.454,0.46,0.462,0.464,0.464,0.465,0.466,0.468,0.461,0.46,0.462,0.467,0.469,0.452,0.452,0.453,0.459,0.476,0.472,0.471,0.471,0.269,0,0,0,0,0.001,0,0,0,0.001,0,0,0,0.001,0,0,0,0,0.001,0,0,0.001,0,0,0.001,0,0.001,0,0.001,0,0,0.001,0,0,0.001,0,0,0.001,0,A,15.937
20260621,0.001,0,0.001,0,0.001,0,0,0.001,0,0,0.001,0,0,0.001,0,0.001,0,0,0.001,0,0,0.001,0.001,0,0,0.001,0,0,0.001,0,0,0,0.001,0,0.001,0,0,0.001,0,0,0,0.001,0,0,0.001,0,0,0.001,0,0,0.001,0,0,0.001,0,0,0.001,0,0,0.001,0,0,0.001,0,0,0.001,0,0,0.001,0,0,0.001,0,0,0.001,0,0.001,0,0,0,0.001,0,0,0.001,0.001,0,0.001,0.001,0.002,0.002,0.003,0.002,0.003,0.004,0.003,0.002,0.002,0.002,0.002,0.002,0.003,0.002,0.003,0.003,0.002,0.003,0.002,0.003,0.004,0.003,0.003,0.003,0.006,0.005,0.006,0.005,0.003,0.004,0.003,0.006,0.002,0.002,0.014,0.017,0.016,0.016,0.015,0.016,0.016,0.016,0.016,0.017,0.002,0.001,0,0.001,0.002,0.008,0,0,0,0.001,0,0,0.001,0,0.001,0.001,0,0,0.001,0,0.001,0,0.001,0.001,0,0,0.001,0.001,0,0,0,0,0,0,0,0,0.102,0.061,0.039,0.042,0.028,0.047,0.036,0.045,0.062,0.066,0.07,0.076,0.073,0.071,0.079,0.076,0.065,0.056,0.049,0.034,0.026,0.022,0.009,0.007,0.002,0.002,0.002,0.001,0.001,0.001,0.001,0.001,0,0,0.001,0,0,0,0,0,0.001,0,0,0,0,0.001,0,0,0.315,0.475,0.471,0.471,0.464,0.446,0.447,0.447,0.456,0.465,0.463,0.46,0.452,0.452,0.438,0.457,0.458,0.461,0.465,0.462,0.463,0.463,0.463,0.467,0.473,0.48,0.476,0.476,0.478,0.474,0.474,0.475,0.388,0.314,0,0.001,0,0,0,0,0,0,0.001,0,0,0,0,0.001,0,0,0,0.001,0,0,0,0.001,0,0.001,0,0,0.001,0,0.001,0,0,0.001,0,0.001,0,0,0.001,0,A,16.976
20260622,0,0.001,0,0.001,0,0.001,0,0,0.001,0,0,0.001,0,0,0.001,0,0,0.001,0.001,0,0,0,0.001,0,0.001,0,0.001,0,0,0.001,0,0.001,0,0,0.001,0,0,0.001,0,0,0.001,0,0,0.001,0,0,0.001,0,0,0,0.001,0,0,0.001,0,0,0,0.001,0,0,0.001,0,0,0.001,0,0,0.001,0,0,0.001,0,0,0,0.001,0,0.001,0,0,0,0.001,0,0.002,0.001,0.001,0.002,0.001,0.002,0.002,0.002,0.003,0.002,0.003,0.002,0.003,0.004,0.002,0.004,0.002,0.003,0.003,0.002,0.003,0.004,0.006,0.005,0.005,0.006,0.007,0.005,0.005,0.008,0.003,0.004,0.003,0.004,0.005,0.004,0.005,0.005,0.005,0.003,0.003,0.004,0.003,0.004,0.003,0.004,0.003,0.002,0.003,0.002,0.004,0,0,0,0,0.001,0,0,0,0.001,0,0,0,0.002,0,0,0,0,0,0,0,0,0,0,0,0.032,0,0.046,0.025,0,0,0.001,0,0,0,0.06,0.049,0.201,0.178,0.15,0.128,0.101,0.093,0.102,0.074,0.097,0.083,0.075,0.078,0.075,0.068,0.065,0.058,0.047,0.045,0.036,0.029,0.009,0.01,0.002,0.002,0.002,0.001,0.002,0.002,0.002,0.001,0.001,0,0.001,0,0.001,0,0,0,0,0.001,0,0,0,0.001,0,0,0,0.001,0.347,0.392,0.386,0.448,0.469,0.467,0.464,0.46,0.452,0.448,0.447,0.449,0.465,0.456,0.462,0.46,0.459,0.46,0.46,0.457,0.457,0.458,0.458,0.459,0.461,0.465,0.468,0.399,0.408,0.475,0.475,0.385,0.377,0.459,0.321,0,0,0,0,0,0,0,0,0.001,0,0,0,0,0,0,0.001,0,0,0,0,0.001,0.001,0,0,0,0.001,0,0,0.001,0,0,0.001,0,0.001,0,0,0.001,A,17.685
20260623,0,0,0.001,0,0.001,0,0.001,0,0,0.001,0,0,0.001,0,0.001,0,0,0,0.001,0.001,0,0,0.001,0,0.001,0,0,0.001,0,0,0.001,0,0,0.001,0,0,0.001,0,0,0.001,0,0,0.001,0,0,0,0.001,0,0,0.001,0,0,0.001,0,0,0.001,0,0,0,0.001,0,0,0.001,0,0,0,0.001,0,0,0.001,0,0,0,0.001,0,0.001,0,0,0,0.001,0,0,0.001,0,0,0.001,0.002,0.001,0.001,0.002,0.001,0.002,0.003,0.003,0.003,0.002,0.002,0.002,0.002,0.003,0.003,0.002,0.002,0.002,0.002,0.006,0.002,0.002,0.003,0.004,0.002,0.002,0.002,0.003,0.005,0.008,0.005,0.004,0.003,0.006,0.005,0.002,0.002,0.003,0.002,0.002,0.002,0.002,0.003,0.003,0.003,0.003,0.018,0.027,0.018,0,0,0.034,0.007,0,0.002,0,0.001,0.01,0.001,0,0.001,0,0,0,0,0,0.002,0.001,0,0,0,0,0.002,0,0,0,0,0,0,0,0.019,0,0.067,0.039,0.071,0.085,0.075,0.134,0.147,0.149,0.151,0.128,0.128,0.131,0.098,0.09,0.081,0.067,0.053,0.048,0.049,0.045,0.028,0.011,0.003,0.003,0.002,0.002,0.002,0.001,0,0.001,0.001,0,0.001,0,0,0,0.001,0,0,0,0,0,0.001,0,0.008,0.017,0.015,0.014,0.317,0.464,0.463,0.464,0.468,0.474,0.462,0.451,0.446,0.443,0.457,0.457,0.455,0.457,0.462,0.452,0.462,0.459,0.461,0.463,0.462,0.462,0.464,0.463,0.465,0.471,0.473,0.473,0.475,0.475,0.474,0.474,0.475,0.471,0.041,0.001,0.001,0,0,0,0,0,0.001,0,0,0.001,0,0,0,0.001,0,0,0,0.001,0,0.001,0,0,0.001,0,0,0.001,0,0,0,0.001,0,0.001,0,0,0,0.001,A,17.915
20260624,0,0,0.001,0,0,0.001,0,0.001,0,0,0.001,0,0.001,0,0,0,0.001,0,0.001,0,0,0.001,0,0.001,0,0,0,0.001,0,0,0,0,0.001,0,0,0.001,0,0,0,0.001,0,0,0.001,0,0,0,0,0.001,0,0,0.001,0,0,0.001,0,0,0.001,0,0,0.001,0,0,0,0,0.001,0,0,0,0.001,0,0,0.001,0.001,0,0,0.001,0,0,0,0.001,0,0,0,0,0.001,0.001,0.001,0.002,0.002,0.002,0.002,0.002,0.002,0.003,0.003,0.004,0.004,0.007,0.005,0.005,0.005,0.002,0.003,0.003,0.002,0.002,0.003,0.002,0.002,0.003,0.001,0.003,0.001,0.001,0.001,0.004,0.004,0.002,0.003,0.007,0.004,0.004,0.002,0.002,0.003,0.003,0.002,0.003,0.003,0.003,0.003,0.003,0,0,0,0,0,0,0.001,0.001,0,0,0,0,0.001,0.001,0.02,0.001,0,0,0.002,0.001,0,0,0,0,0.001,0,0.001,0,0,0,0,0,0,0,0,0,0.1,0.125,0.097,0.066,0.063,0.072,0.078,0.074,0.068,0.057,0.048,0.052,0.054,0.051,0.051,0.049,0.039,0.033,0.026,0.018,0.005,0.003,0.002,0.002,0.002,0.002,0.002,0.001,0.001,0.001,0.001,0.001,0,0,0,0.001,0,0,0,0.001,0,0,0,0.001,0,0,0.001,0,0.383,0.466,0.466,0.467,0.477,0.478,0.475,0.464,0.458,0.457,0.463,0.47,0.394,0.46,0.462,0.463,0.462,0.461,0.462,0.462,0.465,0.465,0.466,0.466,0.426,0.359,0.413,0.475,0.477,0.475,0.473,0.472,0.375,0.353,0,0,0,0,0,0,0.001,0,0,0,0,0,0,0,0,0.001,0,0,0,0.001,0,0.001,0,0.001,0,0,0.001,0,0.001,0,0.001,0,0,0.001,0,0.001,0,0,A,16.758
20260625,0.001,0,0.001,0,0.001,0,0,0.001,0.001,0,0,0.001,0,0,0.001,0,0.001,0,0.001,0,0,0.001,0,0.001,0,0.001,0,0,0.001,0,0,0.001,0,0.001,0,0,0.001,0,0,0.001,0,0,0.001,0,0.001,0,0,0.001,0,0,0.001,0,0,0.001,0,0,0.001,0,0,0.001,0,0.001,0,0,0,0.001,0,0,0.001,0,0,0.001,0,0,0.001,0,0.001,0,0,0.001,0,0,0.001,0,0,0.001,0.002,0.001,0.001,0.001,0.001,0.002,0.001,0.002,0.001,0.003,0.002,0.003,0.002,0.003,0.003,0.002,0.003,0.003,0.003,0.005,0.007,0.006,0.006,0.004,0.004,0.003,0.003,0.005,0.003,0.002,0.003,0.003,0.002,0.003,0.004,0.004,0.003,0.004,0.007,0.003,0.003,0.004,0.004,0.005,0.003,0.004,0,0.002,0.001,0,0,0,0.001,0,0,0,0,0.001,0,0,0,0.002,0,0.001,0.001,0,0,0.001,0,0.001,0,0,0,0,0,0,0,0,0,0,0,0,0.004,0.012,0.1,0.124,0.115,0.102,0.094,0.079,0.094,0.079,0.071,0.064,0.066,0.046,0.062,0.071,0.055,0.048,0.039,0.019,0.026,0.015,0.014,0.003,0.003,0.005,0.004,0.021,0.007,0.001,0.001,0.001,0,0.001,0,0,0,0.001,0,0,0,0,0.001,0,0,0,0.001,0.001,0.447,0.463,0.459,0.46,0.459,0.457,0.456,0.45,0.45,0.448,0.459,0.461,0.458,0.457,0.457,0.46,0.459,0.45,0.461,0.457,0.459,0.46,0.461,0.463,0.467,0.466,0.466,0.463,0.453,0.347,0.338,0.385,0.461,0.462,0.39,0.001,0.001,0,0,0.001,0,0,0,0,0,0,0,0,0,0.001,0,0,0,0.001,0,0,0.001,0,0,0.001,0,0.001,0,0.001,0,0,0.001,0,0.001,0,0,0.001,A,17.321
20260626,0,0,0.001,0,0.001,0,0,0.001,0,0.001,0,0,0.001,0,0,0.001,0,0.001,0,0,0.001,0,0.001,0,0,0.001,0,0,0.001,0,0.001,0,0,0.001,0,0,0.001,0,0.001,0,0,0,0.001,0,0,0.001,0,0,0,0.001,0,0,0.001,0,0,0.001,0,0,0,0.001,0,0,0.001,0,0,0,0.001,0,0,0.001,0,0,0,0.001,0,0.001,0,0,0.001,0,0,0.001,0,0,0.001,0,0.001,0.002,0.001,0.003,0.002,0.002,0.002,0.002,0.002,0.003,0.004,0.005,0.005,0.007,0.005,0.003,0.003,0.003,0.002,0.003,0.004,0.003,0.003,0.004,0.004,0.005,0.007,0.006,0.004,0.006,0.007,0.008,0.005,0.004,0.002,0.003,0.003,0.002,0.002,0.002,0.002,0.002,0.003,0.002,0.001,0.002,0.001,0,0.034,0.003,0,0,0,0,0,0,0,0.001,0,0,0.001,0,0,0,0,0.001,0.009,0,0,0.001,0.001,0,0,0,0,0.001,0,0,0,0,0,0.001,0.004,0.003,0.002,0.003,0.07,0.086,0.09,0.096,0.102,0.124,0.054,0.057,0.034,0.037,0.038,0.012,0.009,0.042,0.046,0.028,0.003,0.004,0.003,0.022,0.017,0.003,0.003,0.002,0.001,0.002,0.001,0.001,0.001,0,0,0,0.001,0,0,0,0,0,0,0.001,0,0,0,0.001,0.405,0.466,0.467,0.47,0.464,0.461,0.448,0.447,0.45,0.452,0.464,0.463,0.46,0.449,0.455,0.457,0.458,0.461,0.461,0.462,0.458,0.454,0.456,0.333,0.346,0.408,0.466,0.465,0.468,0.43,0.38,0.452,0.472,0.472,0.425,0,0,0,0,0,0,0,0.001,0,0,0,0,0,0,0.001,0,0,0,0.001,0,0.001,0,0,0.001,0,0,0.001,0,0,0.001,0,0,0.001,0,0.001,0,0,A,16.856
20260627,0.001,0,0,0.001,0,0.001,0,0,0,0.001,0,0,0.001,0,0,0,0.001,0,0.001,0,0,0.001,0,0,0.001,0,0,0.001,0,0,0.001,0,0,0,0.001,0,0,0,0.001,0,0,0,0.001,0,0,0,0.001,0,0,0,0.001,0,0,0.001,0,0,0,0.001,0,0,0.001,0,0,0,0.001,0,0,0.001,0,0,0,0.001,0,0,0.001,0,0.001,0,0.001,0,0,0,0.001,0,0,0.001,0,0.001,0.002,0.002,0.002,0.002,0.002,0.003,0.002,0.003,0.003,0.004,0.005,0.003,0.003,0.003,0.003,0.004,0.007,0.005,0.006,0.007,0.005,0.005,0.006,0.006,0.004,0.005,0.005,0.007,0.005,0.005,0.004,0.004,0.006,0.008,0.007,0.006,0.007,0.007,0.008,0.01,0.011,0.006,0.007,0.008,0.002,0,0,0,0,0,0.001,0,0,0.001,0,0.006,0,0,0.002,0.001,0,0,0.001,0,0,0,0.003,0,0,0,0,0,0,0,0.001,0,0,0,0,0.026,0.023,0.011,0.027,0.064,0.056,0.052,0.061,0.055,0.053,0.052,0.051,0.047,0.044,0.023,0.012,0.003,0.002,0.001,0.001,0.002,0.001,0.001,0.001,0.001,0.001,0.002,0.001,0.002,0.002,0.001,0.001,0.001,0,0.001,0,0,0,0,0.001,0,0,0,0,0,0,0,0.001,0,0.407,0.462,0.464,0.464,0.442,0.443,0.438,0.442,0.452,0.451,0.455,0.456,0.459,0.459,0.46,0.442,0.46,0.457,0.457,0.46,0.462,0.462,0.467,0.466,0.467,0.443,0.352,0.468,0.293,0.248,0.427,0.47,0.42,0.26,0,0,0,0,0.001,0,0,0,0,0,0,0,0.001,0,0,0,0,0.001,0,0,0,0.001,0,0,0,0.001,0,0,0,0.001,0,0,0.001,0,0,0.001,0,0,A,15.696
20260628,0.001,0,0,0.001,0,0,0.001,0,0,0.001,0,0,0,0.001,0,0,0.001,0,0.001,0,0,0,0.001,0,0,0.001,0,0,0,0.001,0,0,0.001,0,0,0,0.001,0,0,0,0.001,0,0,0,0.001,0,0,0.001,0,0,0,0.001,0,0,0,0,0.001,0,0,0,0.001,0,0,0,0,0.001,0,0,0,0.001,0,0,0,0,0.001,0,0,0.001,0,0,0.001,0,0.001,0,0,0,0.001,0.001,0.001,0.002,0.002,0.002,0.002,0.003,0.003,0.003,0.003,0.004,0.003,0.003,0.003,0.004,0.006,0.005,0.003,0.004,0.003,0.004,0.004,0.004,0.003,0.003,0.004,0.004,0.003,0.003,0.007,0.006,0.008,0.006,0.003,0.003,0.004,0.005,0.005,0.003,0.004,0.003,0.003,0.006,0.004,0.004,0,0.002,0.014,0.005,0,0,0,0.009,0.028,0.012,0,0,0.001,0.001,0,0,0,0,0.001,0,0,0,0,0,0.001,0,0,0,0,0,0.001,0,0,0,0,0,0.005,0.003,0.003,0.005,0.006,0.006,0.003,0.054,0.101,0.153,0.179,0.148,0.146,0.116,0.105,0.083,0.076,0.077,0.033,0.017,0.017,0.004,0.003,0.002,0.002,0.003,0.002,0.001,0.002,0,0.001,0,0,0.001,0,0,0,0,0,0.009,0.016,0.018,0.015,0.015,0.014,0.016,0.016,0.009,0.396,0.537,0.549,0.553,0.55,0.535,0.535,0.53,0.531,0.543,0.545,0.536,0.535,0.536,0.535,0.533,0.54,0.541,0.543,0.545,0.548,0.543,0.548,0.548,0.549,0.542,0.542,0.536,0.134,0,0,0,0.001,0,0,0,0,0.001,0,0,0,0.001,0,0,0,0.001,0,0.001,0.001,0,0.001,0,0,0.001,0,0,0,0.001,0,0,0.001,0,0,0.001,0,0,0,0.001,0,0,0.001,0,A,16.902
20260629,0,0,0.001,0,0,0,0.001,0,0,0,0.001,0,0.001,0,0,0,0.001,0,0,0,0.001,0,0,0.001,0,0,0.001,0,0,0.001,0,0,0.001,0,0,0,0.001,0,0,0,0.001,0,0,0,0.001,0,0,0,0.001,0,0,0,0.001,0,0,0.001,0,0,0,0,0.001,0,0,0.001,0,0,0,0.001,0,0.001,0,0,0,0,0.001,0,0,0,0.001,0,0,0,0,0.001,0,0,0.001,0.001,0.001,0.002,0.001,0.002,0.002,0.002,0.002,0.002,0.002,0.002,0.003,0.003,0.002,0.003,0.002,0.004,0.003,0.003,0.004,0.004,0.006,0.004,0.004,0.003,0.005,0.004,0.003,0.004,0.006,0.006,0.005,0.006,0.003,0.007,0.006,0.008,0.007,0.006,0.004,0.004,0.004,0.003,0.002,0.002,0.001,0,0,0.001,0.002,0,0,0,0,0.002,0,0,0,0,0.001,0,0.001,0,0,0,0,0,0,0.002,0.012,0,0,0.001,0.001,0,0,0,0,0,0,0,0.048,0.08,0.048,0.014,0.004,0.007,0.022,0.027,0.039,0.091,0.14,0.183,0.135,0.03,0.005,0.003,0.008,0.024,0.034,0.008,0.004,0.005,0.007,0.022,0.02,0.027,0.028,0.011,0.002,0.001,0.002,0.001,0,0.001,0,0,0,0,0.001,0,0,0,0,0,0.001,0,0,0,0.444,0.493,0.503,0.54,0.54,0.529,0.528,0.526,0.53,0.539,0.537,0.536,0.536,0.536,0.539,0.539,0.539,0.541,0.54,0.538,0.539,0.537,0.539,0.541,0.543,0.549,0.469,0.419,0.51,0.47,0,0,0,0,0.001,0,0,0,0,0,0,0,0,0,0,0,0.001,0,0,0,0,0,0.001,0,0,0.001,0,0.001,0,0,0,0.001,0,0,0.001,0,0,0.001,0,0,0,0.001,A,16.971
20260630,0,0,0.001,0,0,0.001,0,0,0,0.001,0,0,0.001,0,0,0,0,0.001,0,0.001,0,0,0.001,0,0,0.001,0,0,0,0,0.001,0,0,0,0,0.001,0,0,0,0,0.001,0,0,0,0.001,0,0,0,0.001,0,0,0,0.001,0,0,0,0,0.001,0,0,0.001,0,0,0,0.001,0,0,0,0.001,0,0,0,0,0.001,0,0,0.001,0,0,0,0.001,0,0,0,0.001,0,0.001,0.002,0.002,0.002,0.003,0.003,0.002,0.002,0.003,0.003,0.004,0.002,0.004,0.003,0.003,0.004,0.002,0.004,0.006,0.007,0.007,0.008,0.009,0.008,0.004,0.01,0.003,0.003,0.003,0.003,0.002,0.002,0.004,0.005,0.006,0.008,0.008,0.008,0.004,0.003,0.004,0.003,0.002,0.003,0.003,0.003,0.001,0.001,0,0,0,0.001,0.001,0,0,0,0,0.001,0,0,0,0,0,0,0,0.002,0,0,0,0,0,0,0.001,0,0,0,0.001,0,0,0,0,0,0.022,0.036,0.048,0.051,0.051,0.048,0.062,0.069,0.061,0.058,0.056,0.05,0.055,0.057,0.067,0.066,0.054,0.041,0.02,0.011,0.006,0.004,0.004,0.002,0.002,0.002,0.002,0.002,0.002,0.001,0.001,0.001,0.001,0,0,0,0,0.001,0,0,0,0,0,0.001,0,0,0,0,0.38,0.555,0.552,0.551,0.553,0.553,0.555,0.557,0.554,0.553,0.553,0.552,0.553,0.553,0.554,0.558,0.556,0.552,0.546,0.542,0.541,0.544,0.544,0.545,0.545,0.541,0.543,0.542,0.334,0.001,0,0,0,0,0.001,0,0.001,0,0,0,0,0,0,0,0.001,0,0,0,0,0,0,0.001,0,0,0,0.001,0,0,0.001,0,0,0.001,0,0,0.001,0,0,0,0.001,0,0,0.001,A,16.806
20260701,0,0,0.001,0,0.001,0,0,0,0.001,0,0,0,0.001,0,0,0,0.001,0,0,0.001,0,0,0.001,0,0,0.001,0,0,0.001,0,0,0.001,0,0,0,0.001,0,0,0,0.001,0,0,0,0.001,0,0,0,0,0.001,0,0,0.001,0,0,0,0.001,0,0,0.001,0,0,0,0.001,0,0,0,0.001,0,0,0.001,0,0,0,0.001,0,0.001,0,0,0,0.001,0,0,0,0.001,0,0.001,0.002,0.002,0.002,0.002,0.002,0.003,0.003,0.003,0.004,0.003,0.002,0.002,0.002,0.003,0.003,0.003,0.003,0.003,0.004,0.003,0.006,0.007,0.007,0.006,0.004,0.005,0.005,0.007,0.004,0.003,0.004,0.005,0.009,0.01,0.004,0.003,0.004,0.003,0.004,0.003,0.004,0.004,0.004,0.006,0.004,0.004,0,0,0,0,0,0,0.001,0,0,0.001,0,0,0.001,0.001,0,0,0,0,0.001,0,0.001,0,0,0,0.001,0,0.001,0,0,0.001,0,0,0,0,0,0.004,0.118,0.036,0.054,0.089,0.089,0.086,0.069,0.054,0.037,0.027,0.014,0.004,0.008,0.01,0.017,0.022,0.022,0.013,0.005,0.002,0.001,0.002,0.003,0.001,0.002,0.003,0.002,0.003,0.002,0.001,0.001,0.001,0,0.001,0,0,0,0.001,0,0,0,0,0,0.001,0.001,0.001,0.002,0.001,0.395,0.52,0.535,0.544,0.537,0.537,0.527,0.531,0.533,0.539,0.546,0.513,0.516,0.539,0.54,0.54,0.54,0.542,0.543,0.545,0.545,0.547,0.546,0.545,0.546,0.546,0.552,0.54,0.345,0.001,0,0,0.001,0,0,0,0,0,0,0,0,0,0.001,0,0,0,0,0,0,0,0.001,0,0,0.001,0,0,0,0.001,0,0,0.001,0,0.001,0,0,0.001,0,0,0.001,0,0.001,0,A,16.312
20260702,0,0.001,0,0,0.001,0,0,0.001,0,0,0.001,0,0,0.001,0,0,0.001,0,0,0.001,0,0,0.001,0,0.001,0,0,0.001,0,0,0.001,0,0,0.001,0,0,0.001,0,0,0,0.001,0,0,0.001,0,0,0.001,0,0,0,0.001,0,0,0,0.001,0,0,0.001,0,0,0.001,0,0,0.001,0,0,0,0.001,0,0,0.001,0,0.001,0,0,0.001,0,0,0,0.001,0,0,0.001,0,0,0.001,0,0.001,0.001,0.002,0.003,0.003,0.008,0.003,0.002,0.003,0.003,0.003,0.002,0.003,0.003,0.003,0.003,0.003,0.003,0.004,0.003,0.005,0.005,0.005,0.003,0.003,0.005,0.008,0.007,0.005,0.004,0.003,0.007,0.004,0.003,0.004,0.004,0.003,0.004,0.003,0.003,0.004,0.003,0.004,0.002,0.004,0.002,0.017,0.009,0.003,0.026,0.023,0.019,0.016,0,0.002,0,0,0,0,0.001,0.001,0,0.001,0,0.001,0,0,0,0,0,0,0.001,0,0,0,0,0,0,0,0.045,0.03,0.106,0.127,0.103,0.077,0.081,0.095,0.092,0.067,0.059,0.054,0.054,0.058,0.066,0.059,0.052,0.053,0.041,0.037,0.03,0.03,0.013,0.008,0.003,0.002,0.001,0.002,0.001,0.002,0.001,0.001,0.001,0,0.001,0.001,0,0,0,0,0,0.001,0,0,0,0.001,0,0,0,0,0.496,0.553,0.551,0.554,0.555,0.557,0.554,0.554,0.551,0.549,0.549,0.55,0.553,0.555,0.556,0.549,0.529,0.527,0.528,0.534,0.545,0.544,0.543,0.543,0.544,0.549,0.477,0.549,0.461,0.001,0,0,0.001,0,0,0,0,0.001,0,0,0,0.001,0,0,0,0,0,0.001,0,0,0,0.001,0,0,0,0.001,0,0,0,0.001,0,0,0.001,0,0,0,0.001,0,0,0.001,0,0,A,17.439
20260703,0,0.001,0,0,0.001,0,0,0.001,0,0,0,0.001,0,0,0.001,0,0,0,0.001,0,0,0.001,0,0,0.001,0,0,0,0.001,0,0,0.001,0,0,0,0.001,0,0,0,0.001,0,0,0,0.001,0,0,0,0,0.001,0,0,0,0.001,0,0,0,0.001,0,0,0,0,0.001,0,0,0,0.001,0,0,0,0,0,0.001,0,0,0.001,0,0,0.001,0,0,0,0,0.001,0,0.001,0,0.001,0.002,0.002,0.001,0.002,0.003,0.003,0.003,0.001,0.003,0.002,0.002,0.002,0.003,0.003,0.003,0.003,0.002,0.003,0.003,0.009,0.005,0.006,0.007,0.003,0.003,0.003,0.005,0.003,0.003,0.002,0.003,0.008,0.005,0.004,0.006,0.003,0.002,0.003,0.002,0.003,0.003,0.003,0.004,0.003,0.003,0.006,0.001,0.008,0.012,0.001,0.045,0.002,0,0.002,0,0.001,0.001,0.001,0,0,0,0,0,0.001,0,0.001,0.001,0,0,0,0,0.002,0,0,0.016,0.006,0,0,0,0,0.027,0.09,0.127,0.086,0.037,0.027,0.031,0.022,0.022,0.05,0.055,0.051,0.058,0.064,0.056,0.054,0.05,0.039,0.036,0.03,0.025,0.012,0.004,0.003,0.002,0.002,0.001,0.002,0.001,0.002,0.001,0,0.001,0.001,0,0.001,0,0,0,0,0,0.001,0,0,0,0,0,0.001,0.001,0.469,0.5,0.523,0.539,0.525,0.526,0.527,0.534,0.543,0.542,0.537,0.535,0.537,0.538,0.539,0.541,0.545,0.545,0.417,0.539,0.54,0.544,0.55,0.548,0.548,0.547,0.545,0.548,0.502,0.227,0,0,0,0,0.001,0,0,0,0,0.001,0,0,0,0.001,0,0,0,0,0,0,0.001,0,0,0,0.001,0,0,0,0.001,0,0,0.001,0,0,0.001,0,0,0.001,0,0,0.001,0,A,16.964
20260704,0,0.001,0,0,0.001,0,0,0.001,0,0,0,0.001,0,0,0,0.001,0,0,0.001,0,0,0.001,0,0.001,0,0,0,0.001,0,0,0,0.001,0,0,0,0.001,0,0,0,0.001,0,0,0,0.001,0,0,0.001,0,0,0,0.001,0,0,0,0,0.001,0,0,0,0.001,0,0,0,0,0.001,0,0,0,0,0.001,0,0,0,0,0.001,0,0,0,0,0,0.001,0,0,0,0.001,0.001,0,0.001,0.002,0.002,0.002,0.003,0.003,0.003,0.003,0.003,0.002,0.003,0.002,0.003,0.003,0.003,0.003,0.002,0.003,0.002,0.003,0.003,0.003,0.005,0.006,0.007,0.006,0.003,0.003,0.002,0.005,0.004,0.004,0.004,0.003,0.003,0.003,0.003,0.003,0.003,0.003,0.003,0.003,0.018,0.014,0.016,0.006,0,0.005,0,0.002,0,0,0,0,0.001,0,0.002,0.001,0.001,0.001,0,0,0,0.001,0.001,0,0,0,0,0.001,0,0.002,0.001,0,0,0.001,0,0,0,0.009,0.01,0.132,0.139,0.104,0.079,0.063,0.057,0.065,0.066,0.061,0.061,0.054,0.057,0.062,0.06,0.055,0.05,0.041,0.032,0.019,0.019,0.008,0.003,0.002,0.002,0.002,0.002,0.001,0.001,0.001,0.001,0.001,0.001,0,0.001,0,0,0,0,0,0,0.001,0,0,0,0,0.001,0,0,0.51,0.552,0.554,0.558,0.558,0.545,0.544,0.54,0.538,0.555,0.553,0.55,0.552,0.553,0.553,0.555,0.554,0.555,0.547,0.539,0.536,0.496,0.469,0.539,0.541,0.538,0.54,0.542,0.492,0,0,0,0,0.001,0,0,0,0,0.002,0.001,0.001,0,0.004,0.001,0.001,0,0,0,0,0.001,0,0,0,0.001,0,0,0.001,0,0,0,0.001,0,0,0,0.001,0,0,0.001,0,0,0,0.001,A,17.229
20260705,0,0,0,0.001,0,0.001,0,0,0,0.001,0,0,0,0.001,0,0,0,0,0.001,0,0.001,0,0,0.001,0,0,0,0.001,0,0,0,0.001,0,0,0,0.001,0,0,0,0.001,0,0,0,0,0,0,0.001,0,0,0,0.001,0,0,0,0.001,0,0,0,0.001,0,0,0,0.001,0,0,0,0,0.001,0,0,0.001,0,0,0,0.001,0,0,0,0.001,0,0,0,0,0.001,0,0,0.001,0.001,0.001,0.001,0.002,0.001,0.002,0.001,0.002,0.002,0.003,0.002,0.003,0.002,0.003,0.003,0.004,0.005,0.002,0.003,0.003,0.003,0.002,0.006,0.004,0.004,0.003,0.003,0.003,0.004,0.005,0.005,0.007,0.006,0.005,0.007,0.008,0.003,0.005,0.003,0.002,0.004,0.004,0.003,0.004,0.004,0,0,0,0.001,0,0.001,0.001,0,0.001,0,0,0.001,0.002,0,0,0.001,0,0,0.001,0,0.002,0,0,0,0,0,0,0.001,0,0,0,0,0,0,0,0,0.09,0.126,0.102,0.111,0.097,0.052,0.023,0.029,0.043,0.031,0.028,0.056,0.117,0.11,0.125,0.075,0.049,0.003,0.003,0.005,0.005,0.008,0.002,0.022,0.012,0.001,0.002,0.001,0.002,0.002,0.002,0.001,0,0.001,0,0,0,0.001,0,0,0,0,0,0,0,0.001,0,0,0.39,0.539,0.539,0.537,0.536,0.455,0,0,0,0,0,0.384,0,0,0,0.001,0,0,0,0,0,0,0,0,0.001,0,0,0,0,0,0.001,0,0.002,0,0.001,0,0,0,0,0.001,0,0,0,0,0,0,0.001,0,0,0,0,0,0.001,0,0,0.001,0,0,0,0.001,0,0,0.001,0,0,0,0.001,0,0,0.001,0,0,A,4.919
20260706,0,0,0.001,0,0.001,0,0,0,0.001,0,0,0,0,0.001,0,0,0,0.001,0,0.001,0,0,0.001,0,0,0.001,0,0,0.001,0,0,0.001,0,0,0.001,0,0,0,0.001,0,0,0,0.001,0,0,0.001,0,0.001,0,0,0,0.001,0,0,0.001,0,0,0.001,0,0,0.001,0,0,0,0.001,0,0,0.001,0,0,0.001,0,0,0,0.001,0,0,0.001,0,0.002,0.001,0.001,0.002,0.001,0.001,0.002,0.001,0.002,0.002,0.002,0.002,0.002,0.003,0.002,0.002,0.002,0.003,0.003,0.002,0.004,0.002,0.004,0.004,0.005,0.003,0.005,0.005,0.003,0.005,0.005,0.002,0.002,0.005,0.005,0.006,0.007,0.004,0.003,0.006,0.005,0.004,0.004,0.005,0.005,0.005,0.003,0.004,0.004,0.004,0.003,0.002,0.003,0.001,0,0,0,0,0,0,0.003,0,0,0,0,0.001,0,0,0.001,0.003,0.008,0.006,0,0,0,0,0.001,0.002,0,0.002,0,0,0,0,0,0,0,0,0,0.002,0.003,0.003,0.005,0.005,0.004,0.004,0.004,0.005,0.005,0.005,0.003,0.003,0.004,0.075,0.13,0.049,0.055,0.119,0.091,0.002,0.002,0.003,0.002,0.002,0.001,0.002,0.003,0.003,0.002,0.002,0.001,0.001,0,0.001,0,0,0.001,0,0,0,0.001,0,0.001,0,0,0,0,0.379,0.457,0.545,0.544,0.545,0.545,0.544,0.545,0.545,0.547,0.54,0.537,0.535,0.533,0.534,0.532,0.545,0.546,0.547,0.545,0.545,0.546,0.535,0.533,0.537,0.545,0.554,0.552,0.453,0.001,0,0,0,0.001,0.001,0,0,0,0.001,0,0,0,0,0,0,0.001,0,0,0,0,0.001,0,0,0.001,0,0.001,0,0,0.001,0,0,0.001,0,0,0.001,0,0,0.001,0,0.001,0,0,A,16.233
20260707,0,0.001,0,0,0.001,0,0.001,0,0,0,0.001,0,0,0.001,0,0,0.001,0,0,0.001,0,0,0.001,0,0.001,0,0,0.001,0,0,0.001,0,0,0.001,0,0,0.001,0,0,0,0.001,0,0,0,0.001,0,0,0,0.001,0,0,0,0.001,0,0,0,0.001,0,0,0.001,0,0,0,0.001,0,0,0,0.001,0,0,0,0.001,0,0,0.001,0,0,0.001,0,0,0,0.001,0,0,0.001,0,0.001,0.001,0.002,0.002,0.002,0.003,0.002,0.003,0.003,0.003,0.002,0.003,0.003,0.004,0.004,0.003,0.003,0.003,0.002,0.005,0.007,0.007,0.005,0.003,0.006,0.002,0.003,0.002,0.005,0.003,0.006,0.003,0.004,0.004,0.003,0.003,0.002,0.002,0.003,0.002,0.003,0.002,0.003,0.002,0.004,0.004,0,0,0.002,0,0,0,0.001,0,0.001,0,0,0,0.001,0,0.003,0,0.004,0,0,0,0,0.002,0,0,0.001,0,0,0,0,0,0.001,0,0,0,0.004,0.012,0.14,0.109,0.067,0.092,0.093,0.106,0.1,0.114,0.105,0.139,0.118,0.109,0.101,0.062,0.044,0.034,0.023,0.051,0.056,0.008,0.003,0.002,0.002,0.002,0.002,0.002,0.002,0.002,0,0.001,0.002,0.001,0,0.001,0,0.001,0,0,0,0,0,0,0,0,0.001,0,0,0,0.39,0.502,0.545,0.546,0.55,0.548,0.547,0.543,0.544,0.543,0.541,0.539,0.538,0.539,0.54,0.539,0.537,0.538,0.526,0.54,0.538,0.538,0.541,0.541,0.546,0.548,0.549,0.548,0.338,0.001,0,0.001,0,0,0.001,0,0,0,0,0,0,0,0,0.001,0,0,0,0,0,0,0.001,0,0,0.001,0,0,0,0.001,0,0,0.001,0,0.001,0,0,0.001,0,0,0.001,0,0,0.001,A,17.234
20260708,0,0,0.001,0,0.001,0,0,0.001,0,0,0.001,0,0,0.001,0,0,0.001,0,0.001,0,0,0.001,0,0,0.001,0,0,0,0.001,0,0,0,0.001,0,0,0,0.001,0,0,0,0.001,0,0,0.001,0,0,0.001,0,0,0,0.001,0,0,0.001,0,0,0.001,0,0,0,0.001,0,0,0.001,0,0,0,0,0.001,0,0,0.001,0,0,0.001,0,0,0.001,0,0,0.001,0,0,0,0.001,0,0,0.001,0.001,0.002,0.002,0.002,0.002,0.002,0.003,0.003,0.002,0.004,0.003,0.002,0.003,0.005,0.004,0.004,0.003,0.004,0.007,0.007,0.007,0.005,0.003,0.005,0.006,0.006,0.003,0.003,0.004,0.003,0.003,0.003,0.003,0.004,0.006,0.004,0.004,0.005,0.006,0.005,0.005,0.009,0.003,0.004,0.001,0.017,0.069,0.021,0,0,0,0,0.002,0.005,0,0.001,0,0,0,0,0,0.001,0,0,0,0.001,0,0,0,0,0,0.001,0.001,0,0,0,0,0,0,0.002,0.123,0.066,0.065,0.023,0.072,0.151,0.088,0.098,0.117,0.116,0.046,0.061,0.045,0.012,0.016,0.011,0.009,0.011,0.012,0.002,0.002,0.001,0.002,0.002,0.002,0.002,0.001,0.001,0.002,0.001,0.001,0.001,0.001,0.001,0.001,0,0,0,0,0,0.001,0,0,0,0,0.001,0,0,0.393,0.494,0.542,0.542,0.543,0.545,0.546,0.547,0.532,0.525,0.526,0.528,0.541,0.543,0.541,0.539,0.539,0.538,0.54,0.543,0.544,0.545,0.544,0.545,0.543,0.542,0.544,0.316,0.363,0.457,0,0.001,0.001,0,0,0.001,0,0,0,0,0,0,0,0,0,0,0.001,0,0,0,0,0.001,0,0,0,0.001,0,0,0,0.001,0,0,0.001,0,0,0.001,0,0.001,0,0,0,0.001,A,17.031
20260709,0.001,0,0,0,0.001,0,0.001,0,0,0.001,0,0,0,0.001,0,0,0.001,0,0.001,0,0,0.001,0,0,0.001,0,0,0.001,0,0,0,0.001,0,0,0.001,0,0,0,0.001,0,0,0,0.001,0,0,0,0.001,0,0,0,0.001,0,0,0,0,0.001,0,0,0.001,0,0,0,0,0.001,0,0,0,0.001,0,0,0,0.001,0,0,0,0.001,0,0,0,0.001,0,0.001,0,0.001,0,0.001,0,0.001,0.002,0.002,0.003,0.002,0.004,0.005,0.002,0.004,0.003,0.003,0.003,0.003,0.003,0.004,0.003,0.004,0.003,0.005,0.004,0.006,0.003,0.004,0.005,0.005,0.004,0.004,0.005,0.003,0.002,0.003,0.003,0.004,0.005,0.003,0.003,0.003,0.004,0.006,0.003,0.004,0.005,0.006,0.003,0.004,0,0.036,0.05,0.012,0.05,0.055,0.078,0.04,0.053,0.011,0.002,0.05,0.006,0,0.003,0.002,0,0,0.001,0,0.008,0,0,0.008,0,0,0,0.001,0,0.003,0,0,0,0,0,0,0.006,0.006,0.004,0.064,0.074,0.058,0.061,0.032,0.06,0.133,0.123,0.088,0.024,0.055,0.11,0.19,0.191,0.101,0.09,0.071,0.058,0.066,0.063,0.063,0.043,0.031,0.025,0.013,0.002,0.002,0.001,0.001,0.001,0.001,0,0.001,0,0,0,0.001,0,0,0,0,0.001,0,0,0,0.5,0.551,0.548,0.552,0.553,0.555,0.556,0.555,0.554,0.552,0.545,0.53,0.542,0.547,0.541,0.536,0.536,0.465,0.543,0.545,0.539,0.539,0.54,0.54,0.543,0.547,0.548,0.546,0.381,0.001,0,0,0.001,0,0,0.001,0,0,0,0,0.001,0,0,0,0,0,0,0,0,0.001,0,0,0,0.001,0,0,0,0.001,0,0,0,0.001,0,0,0.001,0,0,0.001,0,0,0,0.001,A,18.112
20260710,0,0,0,0.001,0,0,0.001,0,0,0.001,0,0,0,0.001,0,0,0.001,0,0,0.001,0,0,0.001,0,0,0.001,0,0,0,0.001,0,0,0,0.001,0,0,0,0.001,0,0,0,0.001,0,0,0,0.001,0,0,0,0.001,0,0,0,0.001,0,0,0,0.001,0,0,0,0.001,0,0,0,0,0.001,0,0,0,0.001,0,0,0,0.001,0,0,0.001,0,0.001,0.001,0.001,0.002,0.001,0.002,0.002,0.001,0.001,0.002,0.001,0.002,0.002,0.002,0.002,0.002,0.002,0.003,0.004,0.002,0.003,0.002,0.004,0.003,0.003,0.003,0.005,0.006,0.006,0.006,0.005,0.003,0.002,0.003,0.005,0.003,0.004,0.003,0.003,0.005,0.004,0.004,0.003,0.003,0.003,0.004,0.002,0.003,0.002,0.004,0.003,0.003,0.002,0.001,0,0,0,0,0,0.001,0,0.002,0.001,0,0.001,0,0,0.006,0,0,0.002,0,0,0,0.001,0.001,0,0,0,0,0,0,0,0.001,0,0,0,0,0.003,0.171,0.202,0.184,0.169,0.14,0.139,0.175,0.127,0.121,0.1,0.08,0.062,0.044,0.035,0.038,0.028,0.02,0.013,0.009,0.006,0.005,0.003,0.004,0.004,0.003,0.002,0.003,0.002,0.003,0.001,0.002,0.001,0.001,0.001,0,0,0.001,0,0,0,0,0,0,0.001,0.001,0.01,0.001,0.01,0.39,0.506,0.538,0.539,0.539,0.54,0.54,0.468,0.526,0.525,0.531,0.541,0.541,0.539,0.539,0.539,0.535,0.536,0.537,0.535,0.536,0.543,0.543,0.543,0.547,0.549,0.55,0.548,0.321,0,0,0,0,0.001,0,0,0,0,0.001,0,0,0,0,0,0,0,0,0,0,0.001,0,0,0,0.001,0,0,0.001,0,0,0.001,0,0,0.001,0,0.001,0,0,0,0.001,0,0,0.001,A,17.290
20260711,0,0,0,0.001,0,0.001,0,0,0,0.001,0,0,0,0.001,0,0,0.001,0,0,0,0.001,0,0.001,0,0,0,0.001,0,0,0.001,0,0,0.001,0,0,0,0.001,0,0,0,0.001,0,0,0,0,0.001,0,0,0,0.001,0,0,0,0,0,0.001,0,0,0,0.001,0,0,0,0,0.001,0,0,0,0,0,0.001,0,0,0,0.001,0,0,0,0,0.001,0,0,0,0,0,0.001,0.001,0.001,0.002,0.002,0.002,0.002,0.002,0.002,0.004,0.004,0.003,0.004,0.004,0.006,0.004,0.002,0.002,0.003,0.003,0.003,0.003,0.002,0.004,0.007,0.008,0.005,0.004,0.003,0.004,0.005,0.003,0.003,0.005,0.004,0.012,0.009,0.008,0.015,0.017,0.017,0.016,0.015,0.014,0.016,0.017,0.005,0.001,0.001,0.029,0.001,0.001,0.001,0,0,0.002,0,0,0.001,0.003,0,0.002,0.001,0.002,0.009,0.001,0,0,0,0,0,0.001,0,0.002,0,0,0,0.001,0,0,0,0,0.001,0.031,0.053,0.109,0.065,0.082,0.051,0.038,0.045,0.043,0.049,0.072,0.07,0.065,0.065,0.059,0.058,0.053,0.041,0.024,0.013,0.01,0.006,0.003,0.002,0.003,0.001,0.002,0.002,0.002,0.001,0.001,0.002,0.001,0.001,0,0.001,0,0,0,0,0.001,0,0,0,0,0.001,0,0.001,0.431,0.538,0.542,0.54,0.527,0.524,0.524,0.523,0.535,0.537,0.54,0.541,0.542,0.541,0.543,0.54,0.542,0.544,0.516,0.486,0.485,0.486,0.49,0.492,0.491,0.49,0.484,0.482,0.481,0.34,0.003,0.002,0.003,0.003,0.002,0.003,0.002,0.003,0.002,0.002,0.002,0.003,0.002,0.003,0.002,0.002,0.002,0,0,0,0,0,0.001,0,0,0.001,0,0,0,0.001,0,0,0.001,0,0,0,0.001,0,0,0.001,0,0,A,16.809
20260712,0.001,0,0,0.001,0,0,0.001,0,0,0.001,0,0,0.001,0,0,0,0.001,0,0.001,0,0,0.001,0,0,0.001,0,0.001,0,0,0,0.001,0,0,0.001,0,0.001,0,0,0,0.001,0,0,0.001,0,0.001,0,0,0.001,0,0,0,0.001,0,0,0.001,0,0,0.001,0,0,0.001,0,0,0.001,0,0,0.001,0,0,0.001,0,0,0,0.001,0,0.001,0,0,0,0.001,0,0.001,0.001,0,0,0.001,0,0.001,0.002,0.002,0.003,0.002,0.002,0.002,0.001,0.002,0.003,0.003,0.003,0.003,0.003,0.003,0.003,0.003,0.003,0.004,0.003,0.003,0.003,0.003,0.002,0.004,0.003,0.004,0.005,0.005,0.006,0.008,0.01,0.008,0.009,0.005,0.004,0.004,0.018,0.02,0.016,0.015,0.016,0.016,0.014,0.016,0.01,0,0,0,0,0.006,0.007,0.008,0.006,0.003,0,0.001,0.001,0,0.015,0.019,0.001,0.077,0.011,0,0,0,0,0.001,0.001,0,0.001,0.001,0,0,0,0,0,0,0,0,0.048,0.059,0.046,0.057,0.056,0.036,0.028,0.039,0.021,0.043,0.065,0.072,0.072,0.07,0.068,0.061,0.054,0.041,0.034,0.032,0.025,0.024,0.019,0.01,0.002,0.002,0.001,0.002,0.002,0.001,0.001,0.001,0.001,0.001,0,0,0.001,0,0,0,0,0,0,0,0,0.001,0,0,0.508,0.543,0.542,0.509,0.515,0.536,0.547,0.547,0.547,0.546,0.545,0.546,0.548,0.55,0.553,0.552,0.538,0.549,0.518,0.49,0.489,0.487,0.488,0.494,0.497,0.495,0.498,0.496,0.492,0.304,0.002,0.002,0.003,0.002,0.001,0.001,0.001,0.002,0.001,0.001,0.002,0.001,0.001,0.002,0.002,0.002,0.001,0,0,0.001,0,0,0,0.001,0,0,0.001,0,0,0.001,0,0.001,0,0,0.001,0,0,0.001,0,0.001,0,0,A,17.067
20260713,0.001,0,0,0,0.001,0,0.001,0,0,0.001,0,0,0,0.001,0,0,0,0,0.001,0,0,0.001,0,0.001,0,0,0.001,0,0,0,0,0,0.001,0,0,0.001,0,0,0,0,0,0.001,0,0,0,0.001,0,0,0.001,0,0,0,0,0,0.001,0,0,0.001,0,0,0,0.001,0,0,0,0,0,0,0.001,0,0,0,0,0,0.001,0,0,0.001,0,0,0,0.001,0,0,0.001,0.002,0.002,0.002,0.002,0.003,0.003,0.004,0.004,0.003,0.003,0.003,0.005,0.006,0.006,0.003,0.003,0.003,0.003,0.004,0.003,0.003,0.003,0.004,0.003,0.006,0.007,0.006,0.006,0.003,0.003,0.004,0.008,0.009,0.007,0.003,0.002,0.002,0.004,0.005,0.005,0.005,0.004,0.003,0.002,0.003,0.004,0.003,0.001,0,0,0,0,0.001,0,0,0.002,0,0,0.002,0,0,0,0.001,0.001,0.014,0,0,0.019,0.008,0,0,0.001,0,0.016,0.003,0,0.001,0,0,0,0,0,0.024,0.092,0.102,0.104,0.087,0.079,0.067,0.083,0.069,0.058,0.058,0.067,0.066,0.061,0.059,0.052,0.041,0.036,0.033,0.023,0.018,0.018,0.017,0.002,0.004,0.002,0.002,0.001,0.002,0.001,0.001,0.001,0.001,0.001,0.001,0,0,0.001,0,0,0,0,0,0,0.001,0,0,0,0,0.45,0.545,0.549,0.55,0.548,0.543,0.543,0.541,0.54,0.54,0.541,0.541,0.545,0.546,0.519,0.535,0.369,0,0.002,0.002,0.001,0.002,0.003,0.002,0.002,0.002,0.003,0.002,0.003,0.002,0.002,0.003,0.002,0.002,0.003,0.002,0.002,0.002,0.002,0.002,0.002,0.001,0.002,0.003,0.002,0.002,0.002,0,0,0,0.001,0,0,0.001,0,0,0.001,0,0,0.001,0,0.001,0,0,0.001,0,0,0,0.001,0,0.001,0,A,10.626
20260714,0,0.001,0,0,0.001,0,0.001,0,0,0.001,0,0,0.001,0,0.001,0,0,0.001,0,0,0.001,0,0.001,0,0,0.001,0,0.001,0,0,0,0.001,0,0,0.001,0,0,0.001,0,0,0,0,0,0.001,0,0,0.001,0,0,0.001,0,0,0.001,0,0,0,0.001,0,0,0.001,0,0,0,0,0,0.001,0,0,0.001,0,0,0,0.001,0,0,0.001,0,0,0,0,0.001,0,0,0.001,0.002,0.002,0.002,0.002,0.002,0.003,0.003,0.004,0.003,0.003,0.003,0.003,0.003,0.004,0.003,0,0,0,0,0,0,0,0,0,0,0,0,0,0,0,0,0,0,0,0,0,0,0,0,0,0,0,0,0,0,0,0,0,0,0,0,0,0,0,0,0,0,0,0,0,0,0,0,0,0,0,0,0,0,0,0,0,0,0,0,0,0,0,0,0,0,0,0,0,0,0,0,0,0,0,0,0,0,0,0,0,0,0,0,0,0,0,0,0,0,0,0,0,0,0,0,0,0,0,0,0,0,0,0,0,0,0,0,0,0,0,0,0,0,0,0,0,0,0,0,0,0,0,0,0,0,0,0,0,0,0,0,0,0,0,0,0,0,0,0,0,0,0,0,0,0,0,0,0,0,0,0,0,0,0,0,0,0,0,0,0,0,0,0,0,0,0,0,0,0,0,0,0,0,0,0,0,0,0,0,0,0,0,0,0,0,0,0,0,A,0.068
20260715,0,0,0,0,0,0,0,0,0,0,0,0,0,0,0,0,0,0,0,0,0,0,0,0,0,0,0,0,0,0,0,0,0,0,0,0,0,0,0,0,0,0,0,0,0,0,0,0,0,0,0,0,0,0,0,0,0,0,0,0,0,0,0,0,0,0,0,0,0,0,0,0,0,0,0,0,0,0,0,0,0,0,0,0,0,0,0,0,0,0,0,0,0,0,0,0.005,0.021,0.015,0.022,0.05,0.054,0.063,0.067,0.077,0.087,0.099,0.109,0.123,0.098,0.107,0.117,0.11,0.005,0,0,0.016,0.075,0.077,0.508,0.706,0.017,0.259,0.823,0.897,0.897,0.901,0.253,0.041,0.037,0.033,0.005,0,0.006,0.002,0,0.015,0.03,0.013,0,0,0.013,0,0,0.003,0,0.027,0.011,0,0,0,0.005,0,0,0,0,0,0,0,0,0,0,0,0.004,0,0.044,0.021,0.116,0.066,0.154,0.152,0.094,0.006,0.137,0.181,0.161,0.163,0.142,0.141,0.154,0.116,0.093,0.057,0.099,0.084,0.098,0.098,0.099,0.098,0.096,0.096,0.098,0.099,0.053,0.05,0.089,0.097,0.099,0.098,0.096,0.095,0.083,0.024,0.049,0.094,0.093,0.086,0.083,0.083,0.085,0.086,0.085,0.083,0.083,0.083,0.08,0.069,0.807,0.809,0.807,0.806,0.809,0.811,0.817,0.703,0.397,0.394,0.355,0.304,0.305,0.308,0.31,0.254,0.303,0.305,0.305,0.279,0.222,0.221,0.224,0.222,0.25,0.443,0.187,0.147,0.132,0.14,0.211,0.52,0.534,0.345,0.272,0.298,0.072,0.083,0.088,0.084,0.084,0.086,0.085,0.049,0.017,0.004,0,0,0.048,0.07,0.051,0,0.004,0.071,0.073,0.069,0.067,0.067,0.067,0.067,0.068,0.067,0.066,0.066,0.067,0.072,0.073,0.073,0.042,0,0,0,A,28.248
20260716,0,0,0,0,0,0,0,0,0,0,0,0,0,0,0,0,0,0,0,0,0,0,0,0,0,0,0,0,0,0,0,0,0,0,0,0,0,0,0,0,0,0,0,0,0,0,0,0,0,0,0,0,0,0,0,0,0,0,0,0,0,0,0,0,0,0,0,0,0,0,0,0,0,0,0,0,0,0,0,0,0,0,0,0.029,0.058,0.076,0.079,0.036,0.012,0.073,0.088,0.079,0.096,0.098,0.1,0.097,0.097,0.098,0.099,0.099,0.099,0.097,0.096,0.094,0.088,0.089,0.087,0.091,0.071,0.063,0.051,0.046,0.042,0.042,0.041,0.04,0.039,0.041,0.038,0.035,0.034,0.031,0.034,0.032,0.031,0.029,0.03,0.033,0.032,0.018,0.015,0.014,0,0,0,0,0,0,0,0,0,0,0,0,0,0,0,0,0,0,0,0,0,0,0,0,0,0,0,0,0,0,0,0,0,0,0,0,0.073,0.072,0.043,0.052,0.04,0.047,0.045,0.04,0.029,0.028,0.013,0.028,0.042,0.047,0.037,0.009,0.104,0.101,0.031,0.012,0.018,0.026,0.028,0.021,0.01,0.066,0.073,0.077,0.079,0.027,0.029,0.031,0.037,0.037,0.038,0.036,0.029,0.017,0.016,0.017,0.019,0.02,0.027,0.03,0.03,0.029,0.027,0.027,0.481,0.496,0.495,0.493,0.488,0.485,0.48,0.476,0.475,0.473,0.473,0.473,0.471,0.467,0.464,0.461,0.455,0.456,0.455,0.453,0.454,0.448,0.444,0.438,0.437,0.427,0.431,0.425,0.404,0.4,0.399,0.385,0.298,0.231,0.213,0.409,0.172,0.089,0.091,0.042,0.035,0.024,0.023,0.024,0.039,0.038,0.031,0.032,0.029,0.033,0.036,0.041,0.039,0.023,0.022,0.021,0.021,0.021,0.021,0.023,0.024,0.023,0.022,0.022,0.022,0.023,0.021,0.022,0.021,0.023,0.022,0.025,A,21.704
Total for Period,,,,,,,,,,,,,,,,,,,,,,,,,,,,,,,,,,,,,,,,,,,,,,,,,,,,,,,,,,,,,,,,,,,,,,,,,,,,,,,,,,,,,,,,,,,,,,,,,,,,,,,,,,,,,,,,,,,,,,,,,,,,,,,,,,,,,,,,,,,,,,,,,,,,,,,,,,,,,,,,,,,,,,,,,,,,,,,,,,,,,,,,,,,,,,,,,,,,,,,,,,,,,,,,,,,,,,,,,,,,,,,,,,,,,,,,,,,,,,,,,,,,,,,,,,,,,,,,,,,,,,,,,,,,,,,,,,,,,,,,,,,,,,,,,,998.867
Stream ID,"Meter 213294978,213294978,213294978,213294978",E1,E1,KWH,CONSUMPTION
LOCAL TIME,AEST
Date/Time,0:00,0:05,0:10,0:15,0:20,0:25,0:30,0:35,0:40,0:45,0:50,0:55,1:00,1:05,1:10,1:15,1:20,1:25,1:30,1:35,1:40,1:45,1:50,1:55,2:00,2:05,2:10,2:15,2:20,2:25,2:30,2:35,2:40,2:45,2:50,2:55,3:00,3:05,3:10,3:15,3:20,3:25,3:30,3:35,3:40,3:45,3:50,3:55,4:00,4:05,4:10,4:15,4:20,4:25,4:30,4:35,4:40,4:45,4:50,4:55,5:00,5:05,5:10,5:15,5:20,5:25,5:30,5:35,5:40,5:45,5:50,5:55,6:00,6:05,6:10,6:15,6:20,6:25,6:30,6:35,6:40,6:45,6:50,6:55,7:00,7:05,7:10,7:15,7:20,7:25,7:30,7:35,7:40,7:45,7:50,7:55,8:00,8:05,8:10,8:15,8:20,8:25,8:30,8:35,8:40,8:45,8:50,8:55,9:00,9:05,9:10,9:15,9:20,9:25,9:30,9:35,9:40,9:45,9:50,9:55,10:00,10:05,10:10,10:15,10:20,10:25,10:30,10:35,10:40,10:45,10:50,10:55,11:00,11:05,11:10,11:15,11:20,11:25,11:30,11:35,11:40,11:45,11:50,11:55,12:00,12:05,12:10,12:15,12:20,12:25,12:30,12:35,12:40,12:45,12:50,12:55,13:00,13:05,13:10,13:15,13:20,13:25,13:30,13:35,13:40,13:45,13:50,13:55,14:00,14:05,14:10,14:15,14:20,14:25,14:30,14:35,14:40,14:45,14:50,14:55,15:00,15:05,15:10,15:15,15:20,15:25,15:30,15:35,15:40,15:45,15:50,15:55,16:00,16:05,16:10,16:15,16:20,16:25,16:30,16:35,16:40,16:45,16:50,16:55,17:00,17:05,17:10,17:15,17:20,17:25,17:30,17:35,17:40,17:45,17:50,17:55,18:00,18:05,18:10,18:15,18:20,18:25,18:30,18:35,18:40,18:45,18:50,18:55,19:00,19:05,19:10,19:15,19:20,19:25,19:30,19:35,19:40,19:45,19:50,19:55,20:00,20:05,20:10,20:15,20:20,20:25,20:30,20:35,20:40,20:45,20:50,20:55,21:00,21:05,21:10,21:15,21:20,21:25,21:30,21:35,21:40,21:45,21:50,21:55,22:00,22:05,22:10,22:15,22:20,22:25,22:30,22:35,22:40,22:45,22:50,22:55,23:00,23:05,23:10,23:15,23:20,23:25,23:30,23:35,23:40,23:45,23:50,23:55,Quality,Total
20260517,0,0,0,0.001,0,0,0,0,0,0,0,0,0,0,0,0,0,0,0,0,0,0,0,0,0,0,0,0,0,0,0,0,0,0,0,0,0,0,0,0,0,0,0,0,0,0,0,0,0,0,0,0,0,0,0,0,0,0,0,0.001,0,0,0,0,0,0,0,0,0,0,0,0,0,0,0,0,0,0,0,0,0,0,0,0.001,0.001,0.001,0,0.001,0.002,0.001,0.002,0.002,0.002,0.001,0.002,0.003,0.003,0.003,0.002,0.004,0.004,0.003,0.002,0.002,0.002,0.002,0.002,0.001,0.003,0.003,0.004,0.005,0.006,0.005,0.005,0.007,0.006,0.006,0.006,0.005,0.003,0.003,0.003,0.004,0.002,0.009,0.017,0.014,0.015,0.01,0.014,0.015,0.127,0.24,0.232,0.077,0.069,0.777,0.955,0.95,0.95,0.95,0.948,0.949,0.908,0.864,0.491,0.592,0.965,0.961,0.964,0.962,0.963,0.965,0.967,0.968,0.966,0.968,0.974,0.975,0.974,0.978,0.975,0.973,0.704,0.233,0.09,0.158,0.001,0,0,0,0,0,0,0,0,0,0,0,0,0,0,0,0,0,0,0,0,0,0.001,0.001,0.003,0.003,0.002,0.001,0.001,0.001,0.001,0.001,0.001,0,0.001,0,0,0,0,0,0,0,0,0,0,0.001,0.003,0,0,0,0,0,0,0,0,0,0,0,0,0,0,0,0,0,0,0,0,0,0,0,0.001,0,0,0,0,0,0,0,0,0,0,0,0,0,0,0,0.001,0,0,0,0,0,0,0,0,0,0,0,0,0,0,0,0,0,0,0,0,0,0,0.001,0,0,0,0,0,0,0,0,0,0,A,27.008
20260518,0,0,0,0,0,0,0,0,0,0,0,0,0,0,0,0,0,0,0,0,0,0,0.001,0,0,0,0,0,0,0,0,0,0,0,0,0,0,0,0,0,0,0,0,0,0,0,0,0,0,0,0,0,0,0,0,0,0,0,0,0,0,0,0,0,0,0,0,0,0,0,0,0,0,0,0.001,0,0,0,0,0,0,0,0,0,0.001,0,0,0,0.001,0,0.001,0.001,0,0.001,0.002,0.001,0.001,0.001,0.002,0.003,0.001,0.002,0.003,0.002,0.003,0.002,0.003,0.002,0.003,0.002,0.003,0.003,0.003,0.002,0.002,0.003,0.003,0.004,0.003,0.005,0.006,0.005,0.004,0.003,0.002,0.003,0.004,0.004,0.004,0.004,0.004,0.006,0.037,0.058,0.912,0.846,0.852,0.85,0.843,0.842,0.837,0.837,0.842,0.846,0.838,0.84,0.833,0.285,0.963,0.962,0.965,0.967,0.968,0.968,0.963,0.967,0.967,0.97,0.971,0.972,0.968,0.97,0.97,0.971,0.832,0.207,0.102,0.142,0.002,0.003,0,0,0,0,0,0,0,0,0,0,0.001,0.001,0.001,0.001,0.002,0.001,0.001,0.001,0.001,0.001,0.001,0.001,0.001,0.001,0,0,0.001,0.001,0,0.001,0,0.006,0.009,0.01,0.009,0.009,0.009,0.008,0.007,0,0,0.002,0.01,0.008,0.009,0.01,0,0,0,0,0,0,0,0,0,0,0,0,0,0,0,0,0,0,0,0,0.009,0.01,0.006,0.01,0.008,0.01,0.006,0.007,0,0,0,0,0,0,0,0,0,0,0,0,0,0,0,0,0,0,0,0,0,0,0,0,0,0,0,0,0,0,0,0,0,0.001,0,0,0,0,0,0,0,0,0,0,A,28.479
20260519,0,0,0,0,0,0,0,0,0,0,0,0,0,0,0,0,0,0,0.001,0,0,0,0,0,0,0,0,0,0,0,0,0,0,0,0,0,0,0,0,0,0,0,0,0,0,0,0,0,0,0,0,0,0,0,0,0,0,0,0,0,0,0,0,0,0,0,0,0,0,0,0,0.001,0,0,0,0,0,0,0,0,0,0,0,0,0,0.001,0,0.001,0.002,0.002,0.001,0.002,0.001,0.001,0.002,0.001,0.001,0.002,0,0.003,0.005,0.007,0.01,0.014,0.011,0.01,0.011,0.01,0.01,0.009,0.01,0.01,0.01,0.01,0.01,0.01,0.011,0.01,0.012,0.011,0.01,0.01,0.009,0.011,0.009,0.009,0.008,0.011,0.007,0.011,0.009,0.008,0.005,0.003,0.001,0.35,0.635,0.577,0.618,0.398,0.381,0.637,0.196,0.639,0.649,0.211,0.625,0.758,0.385,0.617,0.816,0.906,0.373,0.877,0.911,0.797,0.98,0.98,0.983,0.965,0.98,0.985,0.983,0.972,0.323,0,0,0.062,0.001,0.002,0.002,0.001,0.001,0,0.001,0.002,0.001,0.002,0.002,0.002,0.003,0.003,0.002,0.002,0.002,0.002,0.002,0.001,0.002,0.002,0.002,0.002,0.001,0.002,0.002,0.002,0,0.001,0,0,0,0,0,0,0,0,0,0,0,0,0,0,0.001,0,0,0,0,0,0,0,0,0,0,0,0,0,0,0,0,0,0,0,0,0,0,0,0,0,0,0,0,0,0,0,0,0,0,0,0,0,0,0,0,0,0,0,0,0,0,0,0,0,0,0,0,0,0.001,0,0,0,0,0,0,0,0,0,0,0,0,0,0,0,0,0,0,0,0,0,A,20.965
20260520,0,0,0,0,0.001,0,0,0,0,0,0,0,0,0,0,0,0,0,0,0,0,0,0,0,0,0,0,0,0,0,0,0,0,0,0,0,0.001,0,0,0,0,0,0,0,0,0,0,0,0,0,0,0,0,0,0,0,0,0,0,0,0,0,0,0,0,0,0,0,0,0,0,0,0,0,0,0,0,0,0,0,0,0,0.001,0,0.001,0.001,0.001,0.003,0.002,0.002,0.001,0.002,0.002,0.004,0.003,0.001,0.001,0.002,0.001,0.001,0.002,0.002,0.003,0.002,0.003,0.004,0.004,0.004,0.001,0.001,0.001,0.001,0.002,0.001,0.001,0.001,0.002,0.001,0.001,0.002,0,0.001,0.001,0.001,0.001,0.001,0.001,0.001,0.002,0.001,0.002,0.001,0.002,0.002,0.003,0.008,0.012,0.012,0.011,0.013,0.595,0.54,0.564,0.762,0.883,0.793,0.763,0.917,0.822,0.003,0.029,0.716,0.793,0.78,0.874,0.916,0.913,0.792,0.776,0.754,0.762,0.793,0.857,0.211,0,0,0,0.019,0,0,0,0,0,0,0,0,0,0,0,0,0,0,0,0,0,0,0,0,0,0,0,0,0.001,0.001,0.001,0.001,0,0.001,0,0.001,0.001,0,0,0,0,0,0,0,0,0.001,0,0.001,0.001,0,0,0,0,0,0,0,0,0,0,0,0,0,0,0,0,0,0,0,0,0,0,0,0,0,0,0,0,0,0,0,0,0,0,0,0,0,0,0,0.001,0,0,0,0,0.001,0,0,0,0,0.001,0,0,0,0.001,0,0,0,0,0,0,0,0,0,0,0,0,0,0,0,0,0,0,0,0,0,A,16.787
20260521,0,0,0,0,0,0,0,0.001,0,0,0,0,0,0,0,0,0,0,0,0,0,0,0,0,0,0,0,0,0,0,0,0,0,0,0,0,0,0,0,0,0.001,0,0,0,0,0,0,0,0,0,0,0,0,0,0,0,0,0,0,0,0,0,0,0,0,0,0,0,0,0,0,0,0,0,0,0,0,0,0,0,0,0,0,0,0.001,0.001,0.002,0.003,0.002,0.002,0.002,0.003,0.002,0.004,0.004,0.004,0.002,0.005,0.002,0.004,0.004,0.005,0.005,0.005,0.006,0.007,0.008,0.007,0.005,0.003,0.003,0.006,0.007,0.008,0.005,0.002,0.002,0.003,0.004,0.003,0.008,0.003,0.002,0.003,0.002,0.003,0.003,0.003,0.001,0.003,0.003,0.002,0.002,0.006,0.044,0.876,0.918,0.733,0.724,0.854,0.636,0.644,0.302,0.002,0.003,0.711,0.57,0.701,0.68,0.949,0.98,0.99,0.978,0.984,0.979,0.978,0.978,0.98,0.981,0.979,0.982,0.988,0.987,0.983,0.575,0.151,0.048,0.25,0.005,0.004,0.001,0,0,0,0,0,0,0,0,0.001,0.003,0.002,0.003,0.003,0.001,0,0.002,0,0.002,0.002,0.002,0.002,0.001,0.002,0.001,0.001,0.001,0,0.001,0,0.001,0,0,0.001,0,0,0,0,0,0,0,0,0,0,0,0,0,0,0,0,0,0,0,0,0,0,0,0,0,0,0,0,0,0,0,0,0,0,0,0,0,0,0,0,0,0,0,0,0,0,0,0,0,0,0,0,0,0.001,0,0,0,0,0,0,0,0,0,0,0,0,0,0,0,0,0,0,0,0.001,0,0,0,0,0,0,0,0,0,0,A,24.349
20260522,0,0,0,0,0,0,0,0,0,0,0,0,0,0,0.001,0,0,0,0,0,0,0,0,0,0,0,0,0,0,0,0,0,0,0,0,0,0,0,0,0,0,0,0,0,0,0,0.001,0,0,0,0,0,0,0,0,0,0,0,0,0,0,0,0,0,0,0,0,0,0,0,0,0,0,0,0,0,0,0,0,0,0,0,0,0,0.001,0,0.001,0,0.001,0.001,0.001,0.001,0.001,0.001,0.002,0.002,0.002,0.003,0.003,0.004,0.004,0.003,0.005,0.004,0.005,0.009,0.007,0.002,0.003,0.004,0.007,0.007,0.003,0.003,0.004,0.003,0.006,0.006,0.006,0.007,0.006,0.007,0.005,0.004,0.005,0.007,0.004,0.007,0.003,0.003,0.004,0.004,0.005,0.803,0.909,0.884,0.892,0.8,0.827,0.956,0.831,0.549,0.809,0.796,0.668,0.967,0.972,0.922,0.945,0.306,0.033,0.968,0.977,0.982,0.969,0.88,0.979,0.98,0.982,0.982,0.978,0.981,0.987,0.987,0.757,0.202,0.012,0.111,0.001,0,0,0,0,0,0,0,0,0,0,0,0,0,0,0,0,0,0.001,0.002,0.001,0,0.002,0.002,0.001,0,0,0.001,0.001,0,0.001,0,0.001,0,0,0,0,0,0,0,0,0,0,0,0,0,0,0,0,0,0,0,0,0,0,0,0,0,0,0,0,0,0,0,0,0,0,0,0,0,0,0,0,0,0,0,0,0,0,0,0,0,0,0,0,0.001,0,0,0,0,0,0,0,0,0,0,0,0,0,0,0,0,0,0,0,0,0,0,0,0,0,0,0,0,0,0.001,0,0,0,0,A,27.787
20260523,0,0,0,0,0,0,0,0,0,0,0,0,0,0,0,0,0,0,0,0,0,0,0,0,0,0,0,0,0,0,0,0,0,0,0,0,0,0,0,0,0,0,0.001,0,0,0,0,0,0,0,0,0,0,0,0,0,0,0,0,0,0,0,0,0,0,0,0,0,0,0,0,0,0,0,0,0,0,0,0,0,0,0,0,0.001,0,0.001,0.001,0.001,0.002,0.002,0.001,0.002,0.001,0.001,0.002,0.001,0.003,0.001,0.002,0.003,0.002,0.003,0.002,0.002,0.002,0.003,0.002,0.004,0.007,0.005,0.003,0.003,0.002,0.006,0.003,0.002,0.003,0.002,0.003,0.003,0.001,0.003,0.002,0.002,0.003,0.005,0.009,0.007,0.005,0.006,0.009,0.006,0.103,0.135,0.288,0.766,0.962,0.952,0.978,0.947,0.751,0.926,0.795,0.973,0.95,0.744,0.965,0.959,0.967,0.984,0.984,0.982,0.975,0.958,0.964,0.968,0.974,0.959,0.922,0.851,0.852,0.316,0.86,0.888,0.484,0.086,0.082,0.147,0.003,0.002,0.001,0.003,0.001,0.002,0.001,0.002,0.002,0.002,0.001,0.001,0,0,0,0.001,0,0.001,0.001,0.001,0.001,0,0,0,0.002,0,0,0.001,0,0,0,0.001,0,0,0,0,0,0,0,0,0,0,0,0,0,0,0,0,0,0,0,0,0,0,0,0,0,0,0,0,0,0,0,0,0,0,0,0,0,0,0,0,0,0,0,0,0,0,0,0,0,0,0.001,0,0,0,0,0,0,0.001,0,0,0,0,0,0,0,0,0,0,0,0.001,0,0,0,0,0,0,0,0,0,0,0,0,0,0,0,0,0,0,A,27.576
20260524,0,0,0,0,0,0,0,0,0,0,0,0.001,0,0,0,0,0,0,0,0,0,0,0,0,0,0,0,0,0,0,0,0,0,0,0,0,0,0,0,0,0,0,0,0,0.001,0,0,0,0,0,0,0,0,0,0,0,0,0,0,0,0,0,0,0,0,0,0,0,0,0,0,0,0,0,0,0,0,0,0,0,0,0,0,0,0.001,0,0.001,0.001,0.002,0.002,0.002,0.003,0.001,0.002,0.001,0.002,0.001,0.002,0.003,0.002,0.001,0.002,0.004,0.004,0.004,0.002,0.002,0.004,0.002,0.003,0.002,0.004,0.004,0.006,0.006,0.007,0.003,0.006,0.009,0.005,0.002,0.002,0.002,0.001,0.003,0.002,0.001,0.005,0.002,0.003,0.006,0.005,0.023,0.115,0.085,0.107,0.245,0.205,0.517,0.971,0.978,0.925,0.833,0.7,0.329,0.854,0.896,0.567,0.648,0.75,0.81,0.83,0.487,0.684,0.943,0.921,0.903,0.859,0.751,0.223,0.754,0.922,0.9,0.773,0.137,0.078,0.143,0.16,0.001,0.002,0.002,0.002,0.002,0.002,0.004,0.001,0.002,0.002,0,0,0,0,0,0,0,0,0,0.001,0.001,0.001,0.001,0.001,0.003,0.001,0.002,0.002,0.003,0.001,0,0.001,0,0,0,0,0,0,0,0,0,0.001,0,0,0,0.001,0.001,0,0,0,0,0,0,0,0,0,0,0,0,0,0,0,0,0,0,0,0,0,0,0,0,0,0,0,0,0,0,0,0,0,0,0,0,0,0,0.001,0,0,0,0,0,0,0,0,0,0,0,0,0,0,0,0,0,0,0,0,0,0,0,0,0,0,0,0.001,0,0,0,0,0,0,A,21.211
20260525,0,0,0,0,0,0,0,0,0,0,0,0,0,0,0,0,0,0,0,0,0,0,0.001,0,0,0,0,0,0,0,0,0,0,0,0,0,0,0,0,0,0,0,0,0,0,0,0,0,0,0,0,0,0,0,0,0,0,0,0,0,0,0,0,0,0,0,0,0,0,0,0,0,0,0,0,0,0,0,0,0,0,0,0,0.001,0,0.001,0.002,0.001,0.001,0.002,0.001,0.002,0.001,0.001,0.001,0.002,0.002,0.002,0.002,0.002,0.002,0.002,0.001,0.003,0.002,0.002,0.003,0.006,0.005,0.005,0.004,0.002,0.001,0.004,0.003,0.004,0.007,0.006,0.004,0.004,0.005,0.005,0.006,0.005,0.004,0.004,0.005,0.018,0.015,0.016,0.015,0.016,0.275,0.174,0.044,0.045,0.233,0.978,0.975,0.951,0.942,0.968,0.97,0.922,0.383,0.816,0.716,0.796,0.786,0.925,0.711,0.521,0.92,0.947,0.908,0.893,0.909,0.903,0.921,0.906,0.345,0.906,0.924,0.882,0.224,0.039,0.076,0.184,0.006,0.005,0.005,0.004,0,0,0,0,0,0,0,0,0,0,0,0,0,0,0,0.001,0,0.004,0.001,0,0,0,0.001,0.001,0.001,0.001,0.001,0,0,0,0,0,0,0,0,0,0,0,0,0,0,0.001,0,0,0,0,0,0,0,0,0,0,0,0,0,0,0,0,0,0,0,0,0,0,0,0,0,0,0,0,0,0,0,0,0,0,0,0,0,0,0,0,0,0,0,0,0,0,0,0,0,0,0,0,0,0,0,0.001,0,0,0,0,0,0,0,0,0,0,0,0,0,0,0,0,0,0,A,24.260
20260526,0,0,0,0,0,0,0,0,0.001,0,0,0,0,0,0,0,0,0,0,0,0,0,0,0,0,0,0,0,0,0,0,0,0,0,0,0,0,0,0,0,0,0,0,0,0,0,0,0,0,0,0,0,0,0,0,0,0,0,0,0,0,0,0,0,0,0,0,0,0,0,0,0,0.001,0,0,0,0,0,0,0,0,0,0,0,0.001,0.001,0.001,0.001,0.002,0.001,0.001,0,0.001,0.001,0.001,0.001,0.002,0.001,0.002,0.003,0.002,0.003,0.002,0.002,0.003,0.001,0.002,0.002,0.002,0.001,0.002,0.002,0.002,0.004,0.005,0.006,0.006,0.004,0.003,0.002,0.003,0.004,0.003,0.003,0.003,0.005,0.005,0.003,0.003,0.003,0.002,0.003,0.027,0.036,0.785,0.918,0.884,0.945,0.946,0.948,0.955,0.978,0.588,0.789,0.798,0.864,0.843,0.9,0.295,0.762,0.973,0.97,0.978,0.96,0.979,0.965,0.95,0.837,0.852,0.832,0.869,0.929,0.944,0.146,0.061,0,0,0.02,0,0,0,0,0.001,0.001,0.001,0,0.001,0,0,0,0,0,0,0,0,0,0,0,0,0.001,0.002,0.001,0.001,0.002,0.001,0.001,0.001,0.001,0,0,0,0,0,0,0,0,0,0,0,0,0,0.001,0,0,0,0,0,0,0,0,0,0,0,0,0,0,0,0,0,0,0,0,0,0,0,0,0,0,0,0,0,0,0,0,0,0,0,0,0,0,0,0,0,0,0,0,0,0,0,0,0,0,0,0,0,0,0,0,0,0,0,0,0,0,0,0.001,0,0,0,0,0,0,0,0,0,0,0,0,A,25.661
20260527,0,0,0,0,0,0,0,0,0,0,0,0,0,0,0,0,0,0,0,0,0,0,0.001,0,0,0,0,0,0,0,0,0,0,0,0,0,0,0,0,0,0,0,0,0,0,0,0,0,0,0,0,0,0,0,0,0,0,0,0,0,0,0,0,0,0,0,0,0,0,0,0,0,0,0,0,0,0,0,0,0,0,0.001,0,0,0,0,0.001,0.001,0.002,0.001,0.001,0.002,0.001,0.002,0.003,0.001,0.002,0.002,0.002,0.003,0.002,0.004,0.002,0.002,0.003,0.002,0.003,0.002,0.002,0.001,0.002,0.002,0.003,0.002,0.003,0.003,0.003,0.083,0.028,0.004,0.005,0.004,0.004,0.004,0.005,0.002,0.003,0.003,0.006,0.005,0.003,0.004,0.101,0.007,0.003,0.515,0.871,0.894,0.898,0.907,0.332,0.953,0.955,0.907,0.801,0.296,0.626,0.758,0.803,0.363,0.95,0.751,0.787,0.941,0.453,0.832,0.945,0.972,0.904,0.905,0.768,0.478,0.668,0.85,0.471,0.047,0.003,0.036,0,0,0,0,0,0,0,0,0,0,0,0,0.002,0.001,0.002,0.001,0.001,0.001,0.001,0.001,0.002,0.001,0,0.003,0.002,0.002,0.002,0.001,0.001,0.001,0,0.001,0,0,0,0,0,0.001,0,0,0,0,0,0,0,0,0.001,0,0,0,0,0,0,0,0,0,0,0,0,0,0,0,0,0,0,0,0,0,0,0,0,0,0,0,0,0,0,0,0,0,0,0,0,0,0,0,0,0,0,0,0,0,0,0,0.001,0,0,0,0,0,0,0,0,0,0,0,0,0.001,0,0,0,0,0,0,0,0,0,0,0,0,A,23.011
20260528,0,0.001,0,0,0,0,0,0,0,0,0,0,0,0,0,0,0,0,0.001,0,0,0,0,0,0,0,0,0,0,0,0,0.001,0,0,0,0,0,0,0,0,0,0,0,0,0,0,0,0,0,0,0,0,0,0,0,0,0,0,0.001,0,0,0,0,0,0,0,0,0,0,0,0,0,0,0.001,0,0,0,0,0,0,0,0,0,0,0,0.001,0,0,0,0.001,0.002,0.001,0.002,0.002,0.003,0.005,0.003,0.002,0.001,0.004,0.005,0.004,0.003,0.002,0.004,0.003,0.007,0.005,0.007,0.005,0.002,0.005,0.003,0.005,0.007,0.008,0.008,0.004,0.005,0.003,0.004,0.005,0.002,0.002,0.002,0.001,0.002,0.003,0.005,0.004,0.004,0.005,0.05,0.224,0.208,0.247,0.21,0.203,0.153,0.189,0.571,0.981,0.983,0.981,0.977,0.978,0.979,0.974,0.976,0.981,0.984,0.982,0.982,0.979,0.981,0.98,0.981,0.983,0.985,0.964,0.977,0.977,0.944,0.897,0.885,0.876,0.272,0.14,0.002,0.002,0.001,0.002,0.001,0.003,0.001,0.001,0.002,0.002,0.001,0.002,0.001,0,0,0,0,0.001,0,0,0,0.001,0.001,0.001,0.002,0.002,0.002,0.002,0,0.001,0.001,0,0.001,0,0,0,0,0,0,0.001,0,0,0,0,0,0.001,0,0,0,0,0,0,0,0,0,0,0,0,0,0,0,0,0,0,0,0,0,0,0,0,0,0,0,0,0,0,0,0,0,0,0,0,0,0,0,0.001,0,0,0,0,0,0,0,0,0,0,0,0,0,0,0,0,0,0.001,0,0,0,0,0,0,0,0,0,0,0,0,0,0,0,0,A,26.840
20260529,0,0,0,0,0,0,0,0,0,0,0,0,0,0,0,0,0,0,0.001,0,0,0,0,0,0,0,0,0,0,0,0,0,0,0,0,0,0,0,0,0,0,0,0,0,0,0,0,0,0,0,0,0,0,0,0,0,0,0,0,0,0,0,0,0,0,0,0,0,0,0,0,0,0.001,0,0,0,0,0,0,0,0,0,0,0,0,0,0.001,0,0,0,0.001,0,0,0.001,0.001,0,0.001,0.001,0.001,0.001,0.002,0.001,0.001,0.002,0.001,0.002,0.001,0.002,0.003,0.002,0.002,0.002,0.002,0.002,0.002,0.003,0.005,0.004,0.005,0.003,0.003,0.003,0.003,0.005,0.003,0.004,0.003,0.003,0.004,0.004,0.005,0.006,0.958,0.958,0.967,0.958,0.957,0.967,0.972,0.968,0.969,0.97,0.973,0.972,0.978,0.93,0.901,0.902,0.906,0.892,0.899,0.894,0.885,0.947,0.89,0.907,0.88,0.903,0.905,0.891,0.9,0.867,0.865,0.871,0.814,0.216,0.011,0.045,0.001,0.004,0.003,0,0,0,0,0,0,0,0,0,0,0,0,0.001,0.002,0.003,0.001,0.001,0.003,0.003,0.004,0.001,0.002,0.001,0.002,0.001,0.001,0.001,0.001,0.001,0.001,0,0.001,0,0,0,0,0,0,0,0,0,0,0.001,0,0,0,0,0,0,0,0,0,0,0,0,0,0,0,0,0,0,0,0,0,0,0,0,0,0,0,0,0,0,0,0,0,0,0,0,0,0.001,0,0,0,0,0.001,0,0.001,0,0,0,0,0,0,0,0,0,0,0.001,0,0,0,0,0,0,0,0,0,0,0,0,0,0,0,0,0,0,A,30.835
20260530,0,0,0,0,0.001,0,0,0,0,0,0,0,0,0,0,0,0,0,0,0,0,0,0,0,0,0,0,0,0,0,0,0,0,0,0,0,0,0,0,0,0,0,0,0,0,0,0,0,0,0,0,0,0,0,0,0,0,0,0,0,0,0,0,0,0,0,0,0.001,0,0,0,0,0,0,0,0,0,0,0,0,0.001,0,0,0,0,0.001,0.001,0.002,0.001,0.001,0.002,0.002,0.001,0.002,0.002,0.002,0.005,0.005,0.005,0.004,0.003,0.005,0.005,0.006,0.005,0.007,0.007,0.005,0.006,0.01,0.01,0.01,0.007,0.008,0.006,0.005,0.004,0.005,0.003,0.004,0.002,0.003,0.005,0.002,0.005,0.006,0.002,0.001,0.002,0.002,0.004,0.002,0.947,0.891,0.775,0.825,0.908,0.692,0.681,0.69,0.694,0.699,0.656,0.629,0.35,0.983,0.913,0.354,0.965,0.886,0.878,0.865,0.827,0.874,0.978,0.984,0.99,0.378,0.958,0.872,0.828,0.846,0.372,0.966,0.37,0.039,0.146,0.158,0.003,0.001,0,0,0,0,0,0,0,0,0,0,0,0,0,0,0,0,0,0.001,0.001,0.001,0,0.002,0.002,0.002,0.001,0.001,0.001,0,0.001,0,0,0,0,0,0,0,0,0.001,0,0,0,0,0,0,0,0,0,0,0,0,0,0,0,0,0,0,0,0,0,0,0,0,0,0,0,0,0,0,0,0,0,0,0,0,0,0,0,0,0,0,0,0,0.001,0,0,0.001,0,0,0,0.001,0,0,0,0,0.001,0,0,0,0,0,0,0,0,0,0,0,0.001,0,0,0,0,0,0,0,0,0,0,0,A,26.086
20260531,0,0,0,0,0,0,0,0,0,0,0.001,0,0,0,0,0,0,0,0,0,0,0,0,0,0,0,0,0,0,0,0,0,0,0,0,0,0,0,0,0,0,0,0.001,0,0,0,0,0,0,0,0,0,0,0,0,0,0,0,0,0,0,0,0,0,0,0,0,0,0,0,0,0,0,0,0,0,0,0,0,0,0,0,0,0.001,0.001,0.001,0.002,0.002,0.002,0.002,0.002,0.004,0.002,0.002,0.003,0.002,0.002,0.002,0.002,0.001,0.003,0.003,0.001,0.003,0.004,0.006,0.004,0.004,0.002,0.004,0.004,0.005,0.005,0.008,0.008,0.007,0.006,0.004,0.004,0.003,0.003,0.002,0.002,0.001,0.001,0,0.001,0.001,0,0.001,0.001,0.002,0.002,0.001,0.001,0.002,0.001,0.202,0.722,0.272,0.631,0.631,0.228,0.625,0.248,0.616,0.628,0.249,0.622,0.56,0.309,0.629,0.681,0.276,0.774,0.807,0.85,0.845,0.496,0.65,0.806,0.814,0.838,0.899,0.207,0.016,0.003,0.028,0,0,0,0,0,0,0,0,0,0,0,0,0,0,0,0,0,0,0,0,0,0,0.001,0.002,0.001,0.002,0.001,0,0.001,0.001,0.001,0,0.001,0,0,0,0,0,0,0,0.001,0.004,0.001,0,0,0,0.001,0,0,0,0,0,0,0,0,0,0,0,0,0,0,0,0,0,0,0,0,0,0,0,0,0,0,0,0,0,0,0,0,0,0,0,0,0,0,0,0,0.001,0,0.001,0,0.001,0,0,0,0.001,0,0,0,0,0,0,0,0,0,0,0,0,0,0,0,0,0,0,0,0.001,0,0,0,0,A,16.330
20260601,0,0,0,0,0,0,0,0,0,0,0,0,0,0,0,0,0,0,0,0,0,0,0,0,0,0,0,0,0,0,0,0,0,0,0,0.001,0,0,0,0,0,0,0,0,0,0,0,0,0,0,0,0,0,0,0,0,0,0,0,0,0,0,0,0,0,0,0,0,0,0,0,0,0,0.001,0,0,0,0,0,0,0,0,0,0,0.001,0.001,0.001,0.001,0.002,0.003,0.002,0.001,0.002,0.002,0.002,0.005,0.005,0.003,0.002,0.003,0.003,0.005,0.005,0.008,0.009,0.01,0.007,0.004,0.004,0.005,0.005,0.006,0.006,0.007,0.005,0.004,0.003,0.004,0.004,0.005,0.004,0.004,0.002,0.002,0,0.001,0.002,0.001,0.002,0.002,0.002,0.002,0.744,0.734,0.294,0.724,0.435,0.598,0.825,0.447,0.97,0.966,0.792,0.403,0.756,0.792,0.556,0.528,0.776,0.749,0.266,0.649,0.687,0.429,0.647,0.926,0.988,0.98,0.586,0.724,0.85,0.841,0.87,0.879,0.281,0.025,0.05,0.168,0.003,0.002,0.001,0.002,0.001,0,0,0,0,0,0,0,0,0,0,0.001,0.001,0.001,0,0.001,0.002,0.001,0.001,0.002,0.001,0.001,0.001,0,0.001,0.001,0,0.001,0,0,0,0,0.001,0,0,0,0,0,0,0,0,0,0,0,0,0,0,0,0,0,0,0,0,0,0,0,0,0,0,0,0,0,0,0,0,0,0,0,0,0,0,0,0,0,0,0,0,0,0,0.001,0,0,0,0.001,0,0,0,0.001,0,0,0,0.001,0,0,0,0,0,0,0,0,0,0,0,0,0,0.001,0,0,0,0,0,0,0,0,0,0,A,23.137
20260602,0,0,0,0,0,0,0,0,0,0,0,0,0,0,0,0,0,0,0.001,0,0,0,0,0,0,0,0,0,0,0,0,0,0,0,0,0,0,0,0,0,0,0,0,0,0,0,0,0,0,0,0,0,0,0,0,0,0,0,0,0,0,0,0,0,0,0,0,0,0,0,0,0,0,0,0,0,0,0,0,0,0,0,0,0.001,0,0.001,0,0,0.001,0,0,0,0.001,0.001,0.001,0.001,0.004,0.005,0.005,0.003,0.002,0.002,0.003,0.003,0.003,0.003,0.004,0.004,0.003,0.003,0.003,0.003,0.003,0.002,0.003,0.003,0.007,0.004,0.005,0.004,0.003,0.003,0.004,0.005,0.003,0.003,0.003,0.003,0.004,0.003,0.004,0.004,0.97,0.981,0.967,0.982,0.976,0.983,0.982,0.977,0.975,0.97,0.975,0.97,0.974,0.97,0.971,0.973,0.971,0.97,0.972,0.971,0.974,0.976,0.97,0.97,0.969,0.974,0.976,0.978,0.979,0.978,0.979,0.98,0.979,0.979,0.978,0.901,0.006,0.002,0.001,0.001,0.002,0.002,0.005,0.003,0.004,0.003,0.003,0.007,0.005,0.003,0.002,0.003,0.004,0.001,0.001,0.003,0.004,0.002,0.003,0.002,0.002,0.001,0.002,0.001,0.001,0.002,0.001,0,0.001,0,0,0,0,0,0,0,0,0,0,0,0.001,0,0,0,0,0,0,0,0,0,0,0,0,0,0,0,0,0,0,0,0,0,0,0,0,0,0,0,0,0,0,0,0,0,0,0,0,0,0,0.001,0.001,0,0,0.001,0,0,0.001,0,0,0,0.001,0,0,0,0,0,0,0,0,0.001,0,0,0,0,0,0,0,0,0,0,0,0,0,0,0,0,A,35.244
20260603,0,0,0,0,0,0,0,0,0,0,0,0,0.001,0,0,0,0,0,0,0,0,0,0,0,0,0,0,0,0,0,0,0,0,0,0,0,0,0,0,0,0,0,0,0,0,0,0,0.001,0,0,0,0,0,0,0,0,0,0,0,0,0,0,0,0,0,0,0,0,0,0,0,0,0,0,0,0,0,0,0,0,0,0,0,0,0.001,0.003,0.002,0.002,0.002,0.003,0.003,0.002,0.002,0.003,0.002,0.003,0.005,0.006,0.002,0.004,0.002,0.001,0.003,0.003,0.004,0.006,0.006,0.005,0.006,0.006,0.007,0.007,0.004,0.005,0.003,0.005,0.004,0.003,0.003,0.002,0.002,0.003,0.003,0.002,0.002,0.001,0,0.002,0.001,0.001,0.001,0.001,0.655,0.641,0.136,0.787,0.885,0.701,0.651,0.747,0.695,0.686,0.33,0.77,0.706,0.682,0.532,0.821,0.719,0.648,0.769,0.795,0.936,0.977,0.974,0.956,0.962,0.836,0.973,0.862,0.845,0.886,0.833,0.174,0,0.002,0,0.087,0,0,0,0,0,0,0.001,0,0,0,0,0,0,0,0,0,0,0,0,0,0,0,0.002,0.001,0.002,0,0.001,0.001,0,0.001,0,0.001,0,0,0,0,0,0,0,0,0.001,0,0,0,0,0,0,0,0,0,0,0,0,0,0,0,0,0,0,0,0,0,0,0,0,0,0,0,0,0,0,0,0,0,0,0,0,0,0,0,0,0,0,0,0,0.001,0,0,0,0,0,0,0,0,0,0,0,0,0,0,0,0,0,0.001,0,0,0,0,0,0,0,0,0,0,0,0,0,0,0,0,A,23.823
20260604,0,0,0,0,0,0,0,0,0,0,0,0,0,0,0,0,0,0,0.001,0,0,0,0,0,0,0,0,0,0,0,0,0,0,0,0,0,0,0,0,0,0,0,0,0,0,0,0,0,0,0,0,0,0,0,0,0,0,0,0,0,0,0,0,0,0,0,0,0,0,0,0,0,0,0,0,0,0,0,0,0,0,0,0,0.001,0,0,0.001,0.002,0.001,0.002,0.004,0.004,0.004,0.003,0.003,0.004,0.004,0.003,0.004,0.004,0.003,0.002,0.004,0.002,0.003,0.003,0.003,0.003,0.006,0.003,0.003,0.004,0.003,0.005,0.005,0.006,0.006,0.006,0.004,0.003,0.002,0.003,0.003,0.002,0.001,0.001,0.002,0.002,0.002,0.003,0.002,0.002,0.01,0.005,0.001,0.002,0.069,0.045,0.555,0.845,0.844,0.881,0.902,0.955,1.022,1.027,0.987,1.086,1.021,1.025,0.987,1.019,1.025,1.018,1.006,1.066,1.084,1.048,1.001,0.961,0.881,0.783,0.31,0.18,0.035,0.047,0.073,0.142,0.001,0,0,0,0,0,0,0,0,0,0,0,0,0,0,0,0,0,0,0,0,0.004,0.002,0,0,0,0.001,0.001,0.001,0.001,0,0.001,0,0,0,0,0,0,0.001,0,0,0,0,0.001,0,0,0,0,0,0,0,0,0,0,0,0,0,0,0,0,0,0,0,0,0,0,0,0,0,0,0,0,0,0,0,0,0,0,0,0,0,0,0,0,0,0,0.001,0,0,0,0,0.001,0,0,0,0.001,0,0,0,0,0,0,0,0.001,0,0,0,0,0,0,0,0,0,0,0,0,0,0,0,0,A,24.113
20260605,0,0,0,0,0,0,0,0,0,0,0,0,0,0,0.001,0,0,0,0,0,0,0,0,0,0,0,0,0,0,0,0,0,0,0,0,0,0,0,0,0,0,0,0,0,0,0,0,0,0,0,0,0.001,0,0,0,0,0,0,0,0,0,0,0,0,0,0,0,0,0,0,0,0,0,0,0,0,0,0.001,0,0,0,0,0,0,0,0.002,0.001,0.001,0.002,0.001,0.002,0.003,0.001,0.002,0.002,0.003,0.002,0.003,0.003,0.004,0.005,0.003,0.005,0.004,0.004,0.003,0.004,0.005,0.003,0.004,0.004,0.004,0.007,0.008,0.006,0.006,0.003,0.004,0.003,0.004,0.005,0.006,0.007,0.004,0.003,0.003,0.003,0.003,0.003,0.002,0.001,0.002,0.59,0.747,0.796,0.748,0.741,0.741,0.706,0.62,0.63,0.751,0.744,0.702,0.897,0.966,0.746,0.736,0.739,0.751,0.737,0.848,0.883,0.971,0.954,0.871,0.879,0.948,0.909,0.942,0.777,0.052,0.016,0,0.019,0.002,0,0.002,0,0,0,0,0,0,0.001,0.001,0,0.001,0,0.001,0,0,0,0,0.001,0.002,0.001,0.002,0.002,0.002,0.002,0.001,0.002,0.002,0.001,0.001,0.001,0.001,0.001,0,0.001,0,0,0,0,0,0,0,0,0,0,0,0,0,0,0,0,0,0,0,0,0,0,0,0,0,0,0,0,0,0,0,0,0,0,0,0,0,0,0,0,0,0,0,0,0,0,0,0,0,0,0,0.001,0,0,0,0,0,0,0,0.001,0,0,0,0,0,0,0,0,0,0,0,0,0,0,0,0,0.001,0,0,0,0,0,0,0,0,0,0,A,23.357
20260606,0,0,0,0,0,0,0,0,0,0,0,0,0,0,0,0,0,0,0.001,0,0,0,0,0,0,0,0,0,0,0,0,0,0,0,0,0,0,0,0,0,0,0,0,0,0,0,0,0,0,0,0,0,0,0,0,0,0,0,0,0,0,0,0,0,0,0,0,0,0,0,0,0,0,0.001,0,0,0,0.001,0,0,0,0,0,0,0,0.001,0,0.001,0.002,0.001,0.003,0.002,0.003,0.002,0.002,0.003,0.004,0.005,0.003,0.002,0.003,0.002,0.003,0.002,0.001,0.003,0.007,0.008,0.007,0.004,0.003,0.001,0.003,0.005,0.002,0.001,0.002,0,0.002,0.002,0.001,0.002,0.002,0.002,0.002,0.001,0.002,0.002,0.001,0.002,0.002,0.002,0.002,0.001,0.002,0.002,0.002,0.003,0.002,0.002,0.003,0.002,0.003,0.001,0.001,0.375,0.707,0.702,0.734,0.875,0.894,0.922,0.756,0.974,1.099,1.055,0.98,0.887,1.145,1.142,1.038,1.016,0.385,0.149,0.114,0.11,0.057,0.064,0,0,0,0,0,0,0,0,0,0,0,0,0,0,0,0,0,0,0,0,0,0.001,0.001,0.001,0.002,0.001,0.002,0.002,0.001,0.002,0.001,0.001,0,0,0,0,0,0,0,0,0,0,0,0,0,0,0.001,0,0,0,0,0,0,0,0,0,0,0,0,0,0,0,0,0,0,0,0,0,0,0,0,0,0,0,0,0,0,0,0,0,0,0,0,0.002,0,0,0,0.001,0,0,0,0.001,0,0,0,0.001,0,0,0,0,0,0,0,0,0,0,0,0,0,0.001,0,0,0,0,0,0,0,0,0,0,A,16.347
20260607,0,0,0,0,0,0,0,0,0,0,0,0,0,0,0,0,0,0,0,0,0,0,0.001,0,0,0,0,0,0,0,0,0,0,0,0,0,0,0,0,0,0,0,0,0,0,0,0,0,0,0,0,0,0,0,0,0,0,0,0,0,0,0,0,0,0,0,0,0,0,0,0,0,0,0,0,0,0,0,0.001,0,0,0,0,0,0,0.001,0.001,0.001,0.001,0.001,0.002,0.002,0.001,0.003,0.004,0.001,0.006,0.004,0.004,0.004,0.003,0.004,0.004,0.004,0.005,0.005,0.005,0.006,0.003,0.007,0.005,0.005,0.007,0.007,0.004,0.003,0.004,0.003,0.013,0.003,0.003,0.002,0.006,0.008,0.011,0.011,0.012,0.011,0.011,0.01,0.003,0.004,0.836,0.864,0.928,0.927,0.87,0.663,0.649,0.651,0.906,0.845,0.856,0.824,0.856,0.775,0.642,0.705,0.822,0.826,0.834,0.734,0.729,0.82,0.924,0.883,0.907,0.813,0.805,0.817,0.516,0.014,0.013,0.001,0,0,0,0.015,0,0,0,0,0,0,0,0,0,0,0,0,0,0,0,0,0,0,0,0,0,0,0.001,0.001,0.001,0.001,0,0.001,0.001,0,0.001,0,0,0,0,0,0,0,0,0,0,0,0,0,0,0,0,0,0,0,0,0,0,0,0,0,0,0,0,0,0,0,0,0,0,0,0,0,0,0,0,0,0,0,0,0,0,0,0,0,0,0,0.001,0,0,0,0.001,0,0,0.001,0,0.001,0,0,0.001,0.001,0,0,0,0.001,0,0,0,0,0,0,0,0,0,0.001,0,0,0,0,0,0,0,0,0,0,A,23.515
20260608,0,0,0,0,0,0,0,0,0,0,0,0,0,0,0,0,0,0,0.001,0,0,0,0,0,0,0,0,0,0,0,0,0,0,0,0,0,0,0,0,0,0,0,0,0,0,0,0,0,0,0,0,0,0,0,0,0,0,0,0,0,0,0,0,0,0,0,0,0,0,0,0,0,0,0,0,0,0,0.001,0,0,0,0,0,0,0,0,0.001,0.001,0.002,0.002,0.003,0.003,0.004,0.002,0.003,0.002,0.001,0.002,0.002,0.002,0.002,0.003,0.005,0.005,0.004,0.003,0.003,0.006,0.007,0.005,0.006,0.006,0.005,0.005,0.006,0.003,0.005,0.004,0.003,0.003,0.004,0.004,0.003,0.008,0.004,0.003,0.003,0.003,0.004,0.004,0.003,0.003,0.007,0.013,0.031,0.005,0.005,0.305,0.974,1.101,0.912,0.849,1.02,1.063,1.039,1.041,0.965,0.97,0.974,0.979,0.979,1.021,1.178,1.12,0.961,0.951,0.912,0.835,0.841,0.853,0.856,0.443,0.209,0.043,0.057,0.031,0.119,0.29,0.004,0.006,0,0,0,0,0,0,0,0,0,0,0.001,0,0,0,0,0,0,0.002,0,0.001,0.001,0,0.001,0,0.001,0.001,0.001,0,0.001,0,0.001,0,0,0,0,0,0,0,0,0,0,0.001,0,0,0,0.003,0,0,0,0,0,0,0,0,0,0,0,0,0,0,0,0,0,0,0,0,0,0,0,0,0,0,0,0,0,0,0,0,0,0,0,0,0,0,0,0,0,0,0.001,0,0,0,0,0,0,0,0,0,0,0,0,0,0,0,0,0,0,0,0,0,0,0,0,0,0,0,0,0,A,24.145
20260609,0.001,0,0,0,0,0,0,0,0,0,0,0,0,0,0,0,0,0,0,0,0,0,0,0,0,0,0,0,0,0,0,0.001,0,0,0,0,0,0,0,0,0,0,0,0,0,0,0,0,0,0,0,0,0,0,0,0,0,0,0,0,0,0,0,0,0,0,0,0,0,0,0,0,0,0,0,0,0,0,0,0,0,0,0,0,0,0.001,0,0.002,0.001,0.001,0.001,0.002,0.002,0.004,0.004,0.006,0.005,0.006,0.008,0.005,0.005,0.003,0.004,0.003,0.004,0.007,0.006,0.006,0.005,0.003,0.004,0.004,0.004,0.003,0.003,0.005,0.006,0.007,0.003,0.004,0.001,0.003,0.004,0.003,0.003,0.002,0.002,0.002,0.002,0.002,0.002,0.002,0.002,0.003,0.003,0.003,0.002,0.566,0.686,0.672,0.681,0.707,0.759,0.79,0.788,0.809,0.728,0.677,0.803,0.816,0.703,0.746,0.725,0.911,0.908,0.899,1.011,0.995,1.009,1.136,1.087,0.198,0,0.019,0.015,0.024,0.04,0.057,0,0,0,0,0,0,0,0,0,0,0,0,0,0,0,0,0,0,0,0.001,0.001,0.001,0.001,0.002,0.001,0.001,0.001,0.001,0.001,0.001,0.001,0.001,0,0,0,0,0,0,0,0,0,0,0,0,0,0.001,0,0,0,0,0,0,0,0,0,0,0,0,0,0,0,0,0,0,0,0,0,0,0,0,0,0,0,0,0,0,0,0,0,0,0,0,0,0,0.001,0,0,0,0,0,0,0,0,0,0,0,0,0,0.001,0,0,0,0,0,0,0,0,0,0,0,0,0,0,0,0,0.001,0,0,0,0,A,20.163
20260610,0,0,0,0,0,0,0,0,0,0,0,0,0,0,0,0,0,0,0,0,0,0,0,0,0,0,0,0,0,0,0,0,0,0,0,0,0,0,0,0,0,0,0,0,0,0,0,0,0,0,0,0,0,0,0.001,0,0,0,0,0,0,0,0,0,0,0,0,0,0,0,0,0,0,0,0,0,0,0,0,0,0,0,0,0,0,0,0,0.001,0.001,0.001,0.001,0.002,0.002,0.002,0.002,0.001,0.001,0.005,0.003,0.004,0.002,0.001,0.002,0.002,0.004,0.004,0.004,0.001,0.002,0.002,0.002,0.002,0.001,0.001,0.001,0.001,0.001,0.003,0.007,0.007,0.005,0.009,0.012,0.013,0.013,0.015,0.014,0.013,0.014,0.006,0.002,0.002,0.033,0.006,0.019,0.004,0.003,0.005,0.003,0.002,0.002,0.004,0.605,0.832,0.849,0.823,0.803,0.809,0.987,1.064,0.961,0.806,0.928,0.913,0.955,0.88,0.732,0.673,0.705,0.733,0.746,0.755,0.092,0,0,0,0.037,0.047,0,0,0,0,0,0,0,0,0,0,0,0,0,0,0,0,0.001,0.001,0.002,0.002,0.001,0.002,0.002,0,0,0,0.001,0,0.001,0.002,0,0.001,0,0.001,0,0,0,0.001,0.012,0.012,0.012,0.013,0.012,0.013,0.012,0.013,0.003,0.012,0,0,0,0,0,0,0,0,0,0,0,0,0,0,0,0,0,0,0,0,0,0,0,0,0,0,0,0,0,0,0,0,0,0,0,0,0,0,0,0.001,0,0,0,0,0,0,0,0,0,0,0.001,0,0,0,0,0,0,0,0,0,0,0,0,0,0,0,0,0.001,0,0,0,0,A,17.146
20260611,0,0,0,0,0,0,0,0,0,0,0,0,0,0,0,0,0,0,0,0,0,0,0,0,0,0,0,0,0,0,0,0,0,0,0,0,0,0,0,0,0,0,0,0,0,0,0,0,0,0,0,0,0,0,0,0,0,0,0,0.001,0,0,0,0,0,0,0,0,0,0,0,0,0,0,0,0,0,0,0,0,0,0,0,0,0,0,0.001,0,0,0.001,0,0.001,0.001,0.001,0.001,0.002,0.001,0.001,0.001,0.001,0.003,0.004,0.005,0.003,0.003,0.002,0.005,0.002,0.002,0.004,0.006,0.006,0.006,0.003,0.003,0.002,0.006,0.004,0.002,0.004,0.006,0.007,0.003,0.004,0.004,0.004,0.004,0.005,0.004,0.004,0.003,0.003,0.01,0.753,0.908,0.898,0.878,0.905,0.916,0.909,0.892,1.047,1.117,1.168,1.199,1.187,1.149,1.073,1.006,0.954,0.929,0.795,0.932,0.955,1.032,1.064,1.061,1.069,1.035,0.989,0.994,0.48,0.035,0.034,0.003,0.065,0.027,0.001,0,0,0,0,0,0,0,0,0,0,0,0,0,0,0,0,0,0,0,0,0,0,0,0,0.001,0,0.001,0,0.001,0.001,0,0.001,0,0,0,0,0,0,0,0,0,0,0,0,0,0,0,0,0,0,0,0,0,0,0,0,0,0,0,0,0,0,0,0,0,0,0,0,0,0,0,0,0,0,0,0,0,0,0,0,0,0,0,0,0,0.001,0,0,0,0,0,0,0,0,0,0,0,0,0,0,0,0,0,0,0,0,0,0,0,0,0,0,0,0,0,0.001,0,0,0,0,A,28.615
20260612,0,0,0,0,0,0,0,0,0,0,0,0,0,0,0,0,0,0,0,0,0,0,0,0,0,0,0,0,0.001,0,0,0,0,0,0,0,0,0,0,0,0,0,0,0,0,0,0,0,0,0,0,0,0,0,0,0,0,0,0,0,0,0,0,0,0,0,0,0,0,0,0,0,0,0,0,0,0,0,0,0,0,0,0,0,0.001,0,0,0,0,0.001,0.001,0.001,0.001,0.002,0.002,0.002,0.002,0.002,0.002,0.002,0.002,0.003,0.003,0.002,0.003,0.003,0.002,0.002,0.005,0.004,0.005,0.005,0.003,0.004,0.003,0.004,0.004,0.003,0.004,0.005,0.002,0.003,0.008,0.003,0.002,0.002,0.004,0.003,0.002,0.003,0.003,0.003,0.075,0.246,0.167,0.078,0.084,0.341,0.926,0.923,0.927,0.92,0.918,0.927,0.953,1.001,0.992,0.946,0.883,0.975,1.133,1.154,1.204,1.208,1.171,1.117,1.197,1.193,1.188,1.093,1.17,1.021,0.896,0.834,0.278,0.018,0.053,0.018,0,0,0,0,0,0,0,0,0,0,0,0,0.002,0,0.001,0,0,0,0,0,0.001,0.001,0.002,0.001,0.001,0.002,0.001,0.001,0.001,0.001,0,0.001,0,0,0,0,0,0,0,0,0,0,0,0,0,0,0,0.001,0,0,0,0,0,0,0,0,0,0,0,0,0,0,0,0,0,0,0,0,0,0,0,0,0,0,0,0,0,0,0,0,0,0,0,0,0,0,0,0.001,0,0,0,0,0,0,0,0,0,0,0.001,0,0,0,0,0,0,0,0,0,0,0,0,0,0,0,0,0,0,0,0,0,A,28.374
20260613,0,0,0,0,0.001,0,0,0,0,0,0,0,0,0,0,0,0,0,0,0,0,0,0,0,0,0,0,0,0,0,0,0,0,0,0,0,0,0,0,0,0,0,0,0,0,0,0,0,0.001,0,0,0,0,0,0,0,0,0,0,0,0,0,0,0,0,0,0,0,0,0,0,0,0,0,0,0,0,0.001,0,0,0,0.001,0,0,0,0.001,0,0.001,0.002,0.001,0.001,0.001,0.002,0.001,0.002,0.002,0.002,0.002,0.002,0.005,0.002,0.003,0.006,0.003,0.002,0.003,0.005,0.004,0.002,0.003,0.002,0.004,0.005,0.006,0.006,0.005,0.006,0.008,0.006,0.002,0.002,0.001,0.002,0.003,0.001,0.001,0.001,0.003,0.005,0.003,0.001,0.002,0.003,0.034,0.04,0.028,0.034,0.067,0.01,0.004,0.003,0.011,0.666,0.852,0.749,0.746,0.742,0.71,0.678,0.689,0.687,0.675,0.675,0.695,0.784,0.847,0.883,0.901,0.932,0.969,0.95,0.93,0.304,0.03,0.023,0.012,0.006,0.18,0.003,0,0,0,0,0,0,0,0,0,0,0,0,0,0,0,0,0,0,0,0,0,0,0.001,0.001,0.001,0,0.002,0.001,0,0.005,0.011,0.013,0.012,0.013,0.013,0.012,0.012,0.006,0,0,0,0,0,0,0,0.004,0.007,0,0,0,0,0,0,0,0,0,0,0,0,0,0,0,0,0,0,0,0,0,0,0,0,0,0,0,0,0,0,0,0,0,0,0.001,0,0,0,0.001,0,0,0,0,0,0,0,0,0,0,0,0.001,0,0,0,0,0,0,0,0,0,0,0,0,0,0,0,0,0,0,0,0,0,A,16.806
20260614,0,0,0,0,0.001,0,0,0,0,0,0,0,0,0,0,0,0,0,0,0,0,0,0,0,0,0,0,0,0,0,0,0,0,0,0,0,0,0,0,0,0,0,0,0,0,0,0,0,0,0,0,0,0,0,0,0,0,0,0,0,0,0,0,0,0,0,0,0,0,0,0.001,0,0,0,0,0,0,0,0,0,0.002,0,0,0,0,0,0,0,0,0,0,0.002,0.001,0,0.001,0.001,0.003,0.004,0.001,0.002,0.002,0.002,0.002,0.003,0.003,0.004,0.004,0.004,0.004,0.005,0.002,0.004,0.002,0.003,0.004,0.002,0.002,0.003,0.003,0.003,0.003,0.01,0.013,0.013,0.016,0.017,0.014,0.014,0.005,0.005,0.004,0.003,0.063,0.154,0.086,0.59,0.901,1.098,1.059,1.048,1.047,0.939,0.937,0.934,0.942,0.948,0.954,1.041,1.065,1.188,1.197,1.198,1.187,1.175,1.17,1.066,1.012,1.073,1.079,1.045,1.077,1.185,1.037,0.43,0.199,0.105,0.006,0.038,0,0,0,0,0,0,0,0,0,0,0,0,0,0,0,0,0.001,0.001,0,0,0,0.001,0.002,0.002,0.001,0.001,0,0.001,0.001,0,0.001,0,0,0,0,0,0.001,0,0,0,0,0,0,0,0,0,0,0,0,0,0,0,0,0,0,0,0,0,0,0,0,0,0,0,0,0,0,0,0,0,0,0,0,0,0,0,0,0,0,0,0,0,0,0,0,0,0,0,0,0.001,0,0,0,0,0,0,0.001,0,0,0,0,0,0,0,0,0,0,0,0,0,0,0,0,0,0,0.001,0,0,0,0,A,30.486
20260615,0,0,0,0,0,0,0,0,0,0,0,0,0,0,0,0,0,0,0,0,0,0,0.001,0,0,0,0,0,0,0,0,0,0,0,0,0,0,0,0,0,0,0,0,0,0,0,0,0,0,0,0,0,0,0,0,0,0,0,0,0,0,0,0,0,0,0,0,0,0,0,0,0,0,0,0,0,0,0,0,0,0,0,0,0,0,0,0.001,0,0,0.001,0,0.001,0.001,0,0.001,0.001,0,0.002,0.001,0.001,0.002,0.002,0.001,0.002,0.002,0.002,0.002,0.002,0.002,0.004,0.002,0.003,0.005,0.005,0.005,0.005,0.002,0.002,0.003,0.005,0.003,0.004,0.002,0.003,0.002,0.004,0.006,0.005,0.009,0.009,0.009,0.01,0.42,0.759,1.208,1.199,1.212,1.212,1.146,1.05,0.983,1.112,0.959,0.934,0.945,1.027,1.046,1.086,1.103,1.047,1.008,1.003,0.994,0.984,0.893,0.881,0.757,0.767,0.777,0.916,0.975,0.997,0.712,0.27,0.03,0,0.044,0.002,0,0,0,0,0,0,0,0,0.001,0,0.001,0,0,0.001,0,0,0,0,0,0,0,0,0,0.001,0.001,0,0,0,0,0.001,0,0.001,0,0,0,0,0,0,0,0,0,0,0,0,0.001,0.002,0.002,0.001,0,0,0,0,0,0,0,0,0,0,0,0,0,0,0,0,0,0,0,0,0,0,0,0,0,0,0,0,0,0,0,0,0,0,0,0,0,0,0.001,0,0.001,0,0,0,0,0,0,0,0.001,0,0,0,0,0,0,0,0,0,0,0,0,0,0,0,0,0,0,0.001,0,0,0,0,A,30.610
20260616,0,0,0,0,0,0,0,0,0,0,0,0,0,0,0,0,0,0,0,0,0,0,0,0,0,0,0,0,0,0,0,0,0,0,0,0,0,0,0,0,0,0,0,0,0,0,0,0.001,0,0,0,0,0,0,0,0,0,0,0,0,0,0,0,0,0,0,0,0,0,0,0,0,0,0,0,0,0,0,0,0,0,0,0.001,0,0,0,0.001,0.002,0.003,0.004,0.004,0.004,0.005,0.004,0.007,0.009,0.008,0.01,0.01,0.008,0.004,0.002,0.003,0.003,0.003,0.003,0.002,0.002,0.003,0.003,0.002,0.004,0.003,0.002,0.002,0.001,0.004,0.004,0.002,0.004,0.003,0.002,0.003,0.002,0.001,0.002,0.001,0.001,0.003,0.002,0.002,0.002,0.69,0.745,0.894,0.694,0.68,0.678,0.673,0.66,0.765,0.773,0.759,0.67,0.67,0.68,0.679,0.677,0.712,0.836,0.821,0.786,0.744,0.884,0.92,0.982,0.898,0.864,0.882,0.896,0.597,0.036,0,0,0,0,0.001,0.078,0,0,0,0,0,0,0,0,0,0,0,0,0,0,0,0,0,0,0,0,0,0.001,0.001,0.002,0.001,0.001,0.001,0.001,0,0.001,0,0,0,0.001,0,0,0,0,0,0,0,0.006,0.005,0.005,0.01,0.012,0.012,0.011,0.001,0,0,0,0,0,0,0,0,0,0,0,0,0,0,0,0,0,0,0,0,0,0,0,0,0,0,0,0,0,0,0,0,0,0,0,0,0,0,0,0,0,0,0,0.001,0,0,0,0,0,0,0,0,0,0,0,0,0,0,0,0,0,0,0,0,0,0,0.001,0,0,0,0,A,22.559
20260617,0,0,0,0,0,0,0,0,0,0,0,0,0,0,0,0,0,0,0,0,0,0,0,0,0,0,0,0,0,0,0,0,0,0,0,0,0,0,0,0.001,0,0,0,0,0,0,0,0,0,0,0,0,0,0,0,0,0,0,0,0,0,0,0,0,0,0,0,0,0,0,0,0,0,0,0,0,0,0,0,0,0,0.001,0,0,0,0,0.001,0.002,0.001,0.001,0.001,0.001,0.001,0.001,0.001,0.001,0.002,0.005,0.003,0.004,0.004,0.005,0.006,0.005,0.005,0.003,0.003,0.005,0.008,0.008,0.008,0.004,0.005,0.005,0.004,0.005,0.005,0.006,0.006,0.004,0.004,0.004,0.002,0.004,0.002,0.003,0.003,0.003,0.004,0.003,0.004,0.008,0.035,0.036,0.078,1.013,0.9,0.901,0.899,0.901,0.903,0.907,0.893,0.888,0.878,0.876,0.846,0.731,0.674,0.778,0.803,0.767,0.664,0.642,0.839,0.858,0.819,0.825,0.841,0.84,0.83,0.493,0.032,0,0,0,0,0.038,0,0,0,0,0.003,0.001,0,0,0,0,0,0,0,0,0,0,0,0,0,0,0,0,0,0,0,0,0.001,0.002,0.002,0.002,0,0.001,0,0,0,0,0.001,0,0,0,0,0,0,0,0,0,0,0.001,0,0,0,0,0,0,0,0,0,0,0,0,0,0,0,0,0,0,0,0,0,0,0,0,0,0,0,0,0,0,0,0,0,0,0,0,0,0.001,0,0,0,0,0,0,0,0,0,0,0,0,0,0,0,0,0,0.001,0,0,0,0,0,0,0,0,0,0,0,0,0,0,0,0,A,22.619
20260618,0,0,0,0,0,0,0,0,0,0,0,0,0,0,0,0,0,0,0.001,0,0,0,0,0,0,0,0,0,0,0,0,0,0,0,0,0,0,0,0,0,0,0,0,0,0,0,0,0,0,0,0,0,0,0,0,0,0,0,0,0,0,0,0,0,0,0,0,0,0,0,0,0,0,0,0.001,0,0,0,0,0,0,0.001,0,0,0,0,0.001,0,0.001,0.002,0.002,0.002,0.002,0.002,0.001,0.016,0.021,0.025,0.026,0.004,0,0,0,0,0,0,0,0,0,0,0,0,0,0,0,0,0,0,0,0,0,0,0,0,0,0,0,0,0,0,0,0,0,0,0,0,0,0,0,0,0,0,0,0,0,0,0,0.014,0,0,0.018,0,0,0.041,0.069,0,0.05,0.1,0.088,0.112,0.002,0.163,0.224,0.165,0.457,0.916,0.884,0.897,0.009,0.009,0.009,0.008,0.026,0.003,0.003,0.003,0.002,0.003,0.005,0.003,0.004,0.003,0.003,0.003,0.003,0.003,0.003,0.003,0.003,0.003,0.004,0.003,0.002,0.002,0.001,0.001,0.002,0,0.001,0.001,0.001,0,0.001,0.001,0,0.001,0,0,0.001,0,0.001,0,0.001,0.001,0.001,0,0,0,0,0,0,0,0,0,0,0,0,0,0,0.001,0,0.001,0.001,0,0.001,0,0.001,0,0.001,0,0.001,0,0.001,0,0.001,0,0.002,0.001,0.001,0.001,0.001,0.001,0.001,0.001,0.001,0.001,0.001,0.001,0.001,0,0.001,0.001,0.001,0,0,0.001,0,0,0.001,0,0,0.001,0,0,0,0,0.001,0,0,0.001,0,0,0,0.001,0,0,0,0,A,4.480
20260619,0,0,0,0.001,0,0,0,0,0,0.001,0,0,0,0,0,0.001,0,0,0,0,0.001,0,0,0.001,0,0,0,0,0,0.001,0,0,0,0,0,0.001,0,0,0,0,0,0.001,0,0,0,0,0,0,0.001,0,0,0,0,0,0.001,0,0,0,0,0.001,0,0,0,0,0.001,0,0,0,0,0,0,0.001,0,0,0,0,0.001,0,0,0.001,0,0,0,0,0.001,0,0.001,0,0.001,0.001,0.001,0.001,0.001,0.001,0,0.002,0.001,0.001,0.002,0.002,0.002,0.002,0.002,0.003,0.002,0.003,0.003,0.002,0.003,0.003,0.003,0.003,0.006,0.006,0.006,0.007,0.003,0.002,0.003,0.004,0.004,0.002,0.003,0.005,0.003,0.003,0.004,0.004,0.009,0.017,0.02,0.009,0.048,0.738,0.956,0.893,0.899,0.899,0.886,0.898,0.829,0.851,0.862,0.878,0.882,0.894,0.905,0.864,0.914,0.957,1.092,1.123,0.963,0.924,1.061,1.167,1.065,1.107,1.044,0.931,0.946,1.113,0.231,0.006,0.003,0.71,0.871,1.153,0.179,0.001,0.003,0.002,0.001,0.003,0.002,0.003,0.003,0.002,0.004,0.003,0.002,0.004,0.003,0.002,0.001,0.002,0.002,0.002,0.001,0.003,0.002,0.001,0.002,0.002,0.001,0.001,0,0.001,0.001,0.001,0,0.001,0.001,0.001,0,0.001,0,0.001,0.001,0,0.001,0.001,0,0.001,0.001,0,0.001,0,0,0,0,0,0,0,0,0,0,0,0,0,0,0,0,0,0,0,0,0,0,0,0,0,0.001,0.001,0,0.001,0.002,0.001,0.001,0.001,0.001,0.001,0.001,0.001,0.001,0,0.001,0.001,0.001,0,0.001,0.001,0,0.001,0.001,0,0.001,0,0.001,0,0.001,0,0,0.001,0,0,0.001,0,0,0.001,0,0,0,0.001,0,0,0.001,0,A,31.024
20260620,0,0,0,0.001,0,0,0.001,0,0,0,0.001,0,0,0,0,0.001,0,0,0.001,0,0.001,0,0,0.001,0,0,0,0.001,0,0,0,0.001,0,0,0,0.001,0,0,0,0.001,0,0,0,0.001,0,0,0,0.001,0,0,0,0.001,0,0,0,0.001,0,0,0.001,0,0,0.001,0,0,0.001,0,0,0.001,0,0.001,0,0,0.001,0,0,0.001,0,0,0.001,0,0,0.001,0,0,0.001,0,0.001,0.002,0.002,0.003,0.002,0.002,0.002,0.003,0.002,0.004,0.005,0.006,0.006,0.005,0.006,0.005,0.004,0.005,0.006,0.003,0.005,0.004,0.005,0.006,0.003,0.006,0.009,0.01,0.009,0.006,0.005,0.003,0.006,0.004,0.002,0.002,0.006,0.018,0.016,0.016,0.015,0.014,0.015,0.014,0.014,0.014,0.907,0.952,0.852,0.853,0.836,0.808,0.73,0.716,0.688,0.691,0.738,0.804,0.81,0.928,0.701,0.743,0.76,0.704,0.698,0.696,0.692,0.734,0.887,0.293,0.27,0.051,0.1,0.772,0.94,0.66,1.173,0.866,0.247,0.955,1.116,1.135,0.11,0.003,0.002,0.002,0.002,0.001,0.002,0.001,0.001,0.002,0.002,0.001,0.002,0.001,0.001,0,0,0,0,0.001,0.003,0.002,0.001,0.002,0.002,0.001,0.002,0.002,0.002,0.002,0.001,0.001,0.001,0,0.001,0.001,0,0,0.001,0,0.001,0,0.001,0,0.001,0,0,0.001,0,0,0,0,0,0,0,0,0,0,0,0,0,0,0,0,0,0,0,0,0,0,0,0,0,0,0,0,0,0,0,0,0,0,0.001,0,0.001,0,0.001,0.001,0.001,0.001,0.001,0.001,0.001,0.001,0.001,0.001,0.001,0.001,0.001,0.001,0.001,0,0,0.001,0,0,0.001,0,0,0,0,0.001,0,0,0.001,0,0,0,0.001,0,A,27.017
20260621,0,0,0,0,0.001,0,0,0.001,0,0,0.001,0,0,0,0,0,0.001,0,0,0.001,0,0,0,0.001,0,0,0,0,0.001,0,0,0,0.001,0,0,0,0,0.001,0,0,0,0.001,0,0,0,0,0.001,0,0,0.001,0,0,0.001,0,0,0,0.001,0,0,0,0.001,0,0,0,0.001,0,0,0.001,0,0,0,0,0.001,0,0,0.001,0,0,0,0.001,0,0,0,0.001,0,0.001,0.001,0.001,0.002,0.002,0.001,0.003,0.003,0.007,0.004,0.003,0.003,0.004,0.003,0.004,0.004,0.003,0.004,0.004,0.004,0.005,0.005,0.004,0.006,0.005,0.005,0.005,0.007,0.008,0.008,0.006,0.004,0.006,0.004,0.007,0.004,0.004,0.016,0.017,0.017,0.018,0.017,0.017,0.016,0.015,0.016,0.017,0.906,0.321,0.137,0.71,0.715,0.056,0.742,0.761,0.712,0.764,0.677,0.109,0.677,0.695,0.318,0.532,0.683,0.679,0.802,0.79,0.402,0.513,0.599,0.08,0.801,0.917,0.494,0.742,0.94,0.942,0.904,0.941,0.945,0.956,0.613,0.191,0.009,0,0,0,0.002,0,0,0,0,0,0,0,0,0,0,0,0,0,0,0,0,0,0,0,0.003,0.001,0.002,0.001,0.001,0.001,0.001,0.001,0,0.001,0.001,0,0.001,0,0.001,0,0.001,0,0.001,0.001,0,0.001,0.001,0,0,0,0,0,0,0,0,0,0,0,0,0,0,0,0,0,0,0,0,0,0,0,0,0,0,0,0,0,0,0,0,0,0,0.001,0.001,0.001,0.001,0.001,0.001,0.001,0.001,0.001,0.001,0.001,0.001,0.002,0.001,0.001,0,0.001,0,0,0.001,0,0.001,0,0,0.001,0,0,0,0.001,0,0,0.001,0,0,0,0.001,0,0,0,A,23.161
20260622,0.001,0,0,0,0.001,0,0,0,0.001,0,0,0.001,0,0,0,0.001,0,0,0,0.001,0,0,0.001,0,0,0,0,0.001,0,0,0,0.001,0,0,0,0,0.001,0,0,0,0,0.001,0,0,0,0.001,0,0,0,0.001,0,0,0.001,0,0,0,0.001,0,0,0,0.001,0,0,0,0.001,0,0,0,0.001,0,0,0,0.001,0,0,0.001,0,0,0.001,0,0.001,0.001,0.001,0.002,0.003,0.004,0.003,0.003,0.003,0.003,0.004,0.004,0.004,0.003,0.005,0.004,0.004,0.004,0.003,0.005,0.003,0.005,0.005,0.007,0.006,0.006,0.007,0.008,0.006,0.006,0.009,0.005,0.005,0.003,0.005,0.005,0.005,0.005,0.005,0.003,0.003,0.002,0.002,0.002,0.002,0.002,0.002,0.001,0.004,0.004,0.004,0.005,0.373,0.258,0.401,1.004,0.932,0.277,0.792,0.825,0.413,0.598,0.829,0.831,0.833,0.724,0.32,0.618,0.632,0.134,0.747,0.801,0.403,0.647,0.701,0.656,0.461,0.693,0.352,0.53,0.716,0.688,0.643,0.789,0.809,0.715,0.043,0.059,0,0,0,0,0,0,0,0,0,0,0,0,0,0,0,0,0,0,0,0,0,0,0.001,0.001,0.001,0.001,0.001,0.002,0.001,0.001,0.001,0,0.001,0.001,0,0,0.001,0,0.001,0,0.001,0,0.001,0,0,0.001,0,0.001,0,0,0,0,0,0,0,0,0,0,0,0,0,0,0,0,0,0,0,0,0,0,0,0,0,0,0,0,0,0,0,0,0,0,0.001,0.001,0,0.001,0.002,0,0.001,0.001,0.001,0.001,0.001,0.001,0.001,0.001,0.001,0,0.001,0,0.001,0,0,0.001,0,0.001,0,0.001,0,0,0.001,0,0,0.001,0,0,0.001,0,0,0,A,21.514
20260623,0,0.001,0,0,0.001,0,0,0,0.001,0,0,0,0,0.001,0,0,0,0.001,0,0,0.001,0,0,0.001,0,0,0,0.001,0,0.001,0,0,0.001,0,0,0,0,0.001,0,0,0.001,0,0,0,0.001,0,0,0,0.001,0,0,0,0.001,0,0,0,0.001,0,0,0.001,0,0,0,0.001,0,0,0,0.001,0,0,0,0.001,0,0.001,0,0.001,0,0,0.001,0,0,0.001,0,0,0.001,0.001,0.004,0.002,0.003,0.003,0.004,0.004,0.004,0.005,0.003,0.004,0.003,0.004,0.003,0.004,0.005,0.004,0.002,0.003,0.003,0.006,0.003,0.004,0.005,0.004,0.003,0.003,0.003,0.003,0.006,0.008,0.006,0.006,0.005,0.007,0.007,0.005,0.004,0.005,0.004,0.004,0.003,0.003,0.002,0.002,0.002,0.002,0.001,0,0.004,0.845,0.901,0.043,0.552,0.828,0.399,0.533,0.652,0.049,0.853,0.99,0.767,1.082,1.202,1.171,1.147,1.087,0.608,0.903,0.895,1.14,1.114,1.061,0.626,1.16,1.175,1.019,0.84,0.778,0.903,0.75,0.087,0.066,0.002,0,0,0,0,0,0,0,0,0,0,0,0,0,0,0,0,0,0,0,0,0.001,0.003,0.001,0.002,0.002,0.002,0.001,0.001,0,0.001,0.001,0,0.001,0.001,0,0.001,0,0.001,0.001,0,0.001,0,0.001,0.007,0.017,0.014,0.013,0.005,0,0,0,0,0,0,0,0,0,0,0,0,0,0,0,0,0,0,0,0,0,0,0,0,0,0,0,0,0,0,0,0,0,0.002,0.002,0.002,0.001,0.001,0.001,0.001,0.001,0.001,0.001,0,0.001,0.001,0.001,0.001,0.001,0,0.001,0,0.001,0.001,0,0,0.001,0,0.001,0,0.001,0,0,0.001,0,0,0.001,0,0.001,0,0,A,26.546
20260624,0.001,0,0,0.001,0,0.001,0,0,0,0,0.001,0,0,0.001,0,0,0.001,0,0,0.001,0,0,0.001,0,0,0.001,0,0,0.001,0,0.001,0,0,0.001,0,0,0,0.001,0,0,0,0.001,0,0,0.001,0.001,0.001,0,0.001,0,0,0,0.001,0,0,0,0,0.001,0,0.001,0,0.001,0.001,0.001,0,0.001,0,0,0,0.001,0.001,0,0.001,0,0.001,0,0.001,0,0.001,0.001,0.001,0.002,0,0.001,0.002,0.003,0.003,0.004,0.004,0.004,0.004,0.004,0.003,0.003,0.004,0.004,0.005,0.006,0.006,0.005,0.004,0.003,0.002,0.003,0.002,0.002,0.003,0.004,0.003,0.004,0.004,0.002,0.003,0.002,0.003,0.004,0.005,0.004,0.004,0.01,0.006,0.005,0.005,0.004,0.004,0.002,0.001,0.001,0.002,0.001,0.001,0.002,0.81,0.827,0.751,0.865,0.866,0.884,0.87,0.603,0.144,0.704,0.763,0.764,0.75,0.471,0,0.592,0.686,0.756,0.884,0.528,0.07,0.657,0.729,0.893,0.873,0.904,0.466,0.93,1.087,1.189,1.144,1.016,0.916,1.072,0.553,0.353,0.018,0,0,0,0,0,0,0,0,0,0,0,0,0,0,0,0,0,0,0,0,0.001,0.001,0.002,0.002,0.001,0.002,0.001,0.001,0.001,0.001,0.001,0,0.001,0.001,0,0,0.001,0,0.001,0.001,0,0.001,0,0.001,0,0,0.001,0,0,0,0,0,0,0,0,0,0,0,0,0,0,0,0,0,0,0,0,0,0,0,0,0,0,0,0,0,0,0,0,0,0.001,0,0.001,0.001,0.001,0.001,0.001,0.001,0.001,0,0.001,0.001,0.001,0.001,0.001,0,0.001,0,0.001,0,0.001,0,0,0.001,0,0,0,0.001,0,0,0.001,0,0,0,0,0,0.001,0,0,A,26.635
20260625,0,0,0.001,0,0,0,0.001,0,0,0.001,0,0,0,0.001,0,0,0,0,0.001,0,0,0,0.001,0,0,0,0.001,0,0,0,0,0,0.001,0,0,0,0.001,0,0,0,0,0.001,0,0,0,0,0.001,0,0,0,0.001,0,0,0,0.001,0,0,0,0.001,0,0,0,0,0.001,0,0,0.001,0,0,0,0,0.001,0,0,0,0.001,0,0,0.001,0,0,0.001,0,0,0.001,0.002,0.004,0.002,0.002,0.002,0.002,0.003,0.003,0.003,0.002,0.002,0.003,0.003,0.003,0.002,0.003,0.002,0.003,0.003,0.003,0.006,0.006,0.006,0.006,0.005,0.002,0.004,0.004,0.005,0.003,0.003,0.003,0.003,0.003,0.003,0.004,0.004,0.003,0.004,0.006,0.004,0.004,0.003,0.005,0.005,0.003,0.004,0.772,0.707,0.298,1.077,1.203,1.206,1.182,1.209,1.214,1.193,1.131,0.913,0.889,1.08,1.073,1.062,1.103,0.906,0.908,1.072,1.075,1.067,1.094,0.562,0.768,0.802,0.725,0.777,0.752,0.345,0.366,0.497,0.514,0.514,0.517,0.839,0.094,0.003,0,0.001,0,0,0,0,0,0,0,0,0,0,0,0,0,0,0,0,0,0,0,0.002,0.003,0.002,0,0,0,0.002,0.001,0,0.001,0.001,0,0.001,0,0.001,0.001,0,0.001,0,0.001,0,0.001,0.001,0,0.002,0,0,0,0,0,0,0,0,0,0,0,0,0,0,0,0,0,0,0,0,0,0,0,0,0,0,0,0,0,0,0,0,0,0,0.001,0.001,0.002,0,0.001,0,0.001,0.001,0.001,0.001,0.001,0,0.001,0.001,0.002,0,0.001,0,0.001,0,0,0.001,0,0.001,0,0,0.001,0,0,0,0,0.001,0,0.001,0,0,0,0.001,A,31.737
20260626,0,0,0,0,0.001,0,0,0,0.001,0,0,0,0,0,0.001,0,0,0,0.001,0,0,0,0.001,0,0,0,0,0.001,0,0,0,0,0.001,0,0,0,0,0.001,0,0,0.001,0,0,0,0.001,0,0,0,0.001,0,0,0,0,0.001,0,0,0,0.001,0,0,0,0,0.001,0,0,0,0.001,0,0,0,0.001,0,0,0,0.001,0,0,0.001,0,0,0,0.001,0,0.001,0.001,0,0.001,0.002,0.002,0.004,0.003,0.003,0.003,0.003,0.003,0.003,0.005,0.006,0.006,0.007,0.007,0.004,0.003,0.004,0.004,0.004,0.004,0.003,0.003,0.005,0.003,0.006,0.009,0.007,0.005,0.007,0.008,0.009,0.006,0.005,0.004,0.004,0.003,0.004,0.004,0.004,0.003,0.003,0.004,0.003,0.004,0.004,0.064,0.166,0.032,0.709,0.905,0.15,0.693,0.832,0.528,0.681,0.712,0.053,0.552,0.811,0.562,0.781,0.914,0.903,1.058,0.802,0.055,0.7,0.856,0.572,0.734,0.846,0.844,0.743,0.602,0.569,0.602,0.834,0.84,0.855,0.851,0.38,0.002,0.002,0.002,0.002,0,0,0,0,0,0,0.002,0,0,0,0,0,0,0,0,0,0,0.002,0.002,0,0,0.001,0.002,0.001,0.002,0.001,0.001,0.001,0.001,0,0.001,0.001,0,0.001,0,0.001,0.001,0,0.001,0.001,0.001,0,0.001,0.001,0.001,0,0,0,0,0,0,0,0,0,0,0,0,0,0,0,0,0,0,0,0,0,0,0,0,0,0,0,0,0,0,0,0,0,0,0.001,0.001,0.001,0.001,0.001,0.001,0.001,0,0.002,0.001,0.001,0,0.001,0.001,0,0.001,0,0.001,0,0,0.001,0,0,0.001,0,0,0.001,0,0.001,0,0,0,0.001,0,0,0,0.001,A,23.069
20260627,0,0,0,0.001,0,0,0.001,0,0,0,0,0.001,0,0,0,0.001,0,0,0.001,0,0,0,0.001,0,0.001,0,0,0,0.001,0,0,0.001,0,0,0.001,0,0,0.001,0,0,0.001,0,0,0.001,0,0,0.001,0,0,0.001,0,0,0,0.001,0,0,0,0.001,0,0,0,0.001,0,0.001,0,0,0,0.001,0,0,0.001,0,0,0.001,0,0.001,0,0.001,0,0,0.001,0,0.001,0,0.001,0.001,0.001,0.001,0.001,0.002,0.001,0.002,0.002,0.002,0.003,0.003,0.004,0.004,0.004,0.003,0.004,0.004,0.003,0.003,0.007,0.005,0.007,0.007,0.005,0.005,0.007,0.006,0.005,0.005,0.006,0.007,0.005,0.005,0.004,0.005,0.006,0.007,0.008,0.007,0.006,0.008,0.007,0.011,0.012,0.007,0.007,0.007,0.183,0.149,0.081,0.172,0.145,0.122,0.687,0.742,0.771,0.753,0.711,0.301,0.786,0.693,0.089,0.665,0.915,0.939,0.815,0.977,0.878,0.786,0.794,0.248,0.871,0.999,0.907,0.924,0.773,0.678,0.648,0.834,1.041,0.988,0.288,0.089,0.001,0.003,0.003,0.001,0,0,0,0,0,0,0,0,0,0,0,0.001,0.001,0.002,0.001,0.001,0.001,0.001,0.001,0.001,0.001,0.001,0.002,0.002,0.001,0.002,0.001,0,0.001,0.001,0,0,0.001,0,0.001,0.001,0,0.001,0.001,0.001,0,0.001,0.001,0.001,0,0,0,0,0,0,0,0,0,0,0,0,0,0,0,0,0,0,0,0,0,0,0,0,0,0,0,0,0,0,0,0,0,0,0.001,0.001,0.001,0.001,0.001,0.001,0.001,0.001,0.001,0.001,0.001,0.001,0.001,0.001,0.001,0,0.001,0,0.001,0,0.001,0,0.001,0,0,0.001,0,0,0.001,0,0,0.001,0,0,0.001,0,0,0,A,22.763
20260628,0.001,0,0,0,0.001,0,0.001,0,0,0,0.001,0,0,0.001,0,0,0.001,0,0,0.001,0,0,0.001,0,0.001,0,0,0,0.001,0,0,0.001,0,0,0.001,0,0,0.001,0,0.001,0,0,0,0.001,0,0,0.001,0,0.001,0,0,0,0.001,0,0,0.001,0,0,0,0.001,0,0,0,0.001,0,0,0,0.001,0,0,0,0.001,0,0,0.001,0,0,0.001,0,0,0.001,0,0.001,0,0.001,0,0,0.001,0.001,0.003,0.002,0.002,0.002,0.003,0.003,0.002,0.003,0.003,0.003,0.004,0.002,0.004,0.007,0.004,0.004,0.004,0.003,0.004,0.004,0.004,0.003,0.003,0.004,0.004,0.003,0.003,0.005,0.006,0.006,0.005,0.002,0.002,0.002,0.003,0.005,0.002,0.001,0.002,0.002,0.006,0.004,0.004,0.249,0.106,0.016,0.078,0.122,0.079,0.924,0.406,0,0.592,0.864,0.236,0.726,0.514,0.083,0.719,0.977,1,0.974,0.925,0.726,1.072,1.18,1.213,1.145,1.213,1.213,1.194,1.214,1.213,1.103,0.944,0.915,1.025,1.088,0.628,0.009,0.003,0.003,0.005,0.005,0.006,0.002,0,0,0,0,0,0,0,0,0,0,0,0,0,0,0.004,0.002,0.001,0.002,0.001,0.002,0.002,0.001,0.001,0,0.001,0.001,0,0.001,0.001,0,0.001,0.001,0.007,0.017,0.016,0.015,0.015,0.016,0.015,0.015,0.008,0,0,0,0,0,0,0,0,0,0,0,0,0,0,0,0,0,0,0,0,0,0,0,0,0,0,0,0,0.001,0,0.001,0,0.001,0,0.001,0,0,0.001,0,0,0.001,0,0,0.001,0,0.001,0.001,0.003,0,0,0,0.001,0,0.001,0.001,0,0,0.001,0,0.001,0,0.001,0,0.001,0,0.001,0,0,0.001,0,0,0.001,A,27.054
20260629,0,0,0.001,0,0,0.001,0,0.001,0,0,0.001,0,0,0.001,0,0,0.001,0,0.001,0,0,0.001,0,0,0.001,0,0,0,0.001,0,0,0,0,0.001,0,0,0,0.001,0,0,0,0,0.001,0,0,0.001,0,0,0,0,0.001,0,0,0.001,0,0,0.001,0,0,0,0.001,0,0,0.001,0,0,0,0.001,0,0.001,0,0.001,0,0,0.001,0,0,0.001,0,0.001,0,0.001,0,0,0.001,0.001,0,0.001,0.001,0.001,0.001,0.003,0.003,0.002,0.004,0.003,0.002,0.002,0.003,0.003,0.003,0.002,0.004,0.004,0.004,0.004,0.005,0.005,0.007,0.005,0.005,0.005,0.005,0.005,0.003,0.006,0.007,0.006,0.006,0.006,0.004,0.007,0.008,0.009,0.008,0.007,0.006,0.005,0.003,0.003,0.001,0.002,0.806,1,0.939,0.903,0.793,0.244,0.922,0.994,0.956,0.835,0.767,0.827,0.705,0.954,0.408,1.019,0.526,0.185,0.658,0.77,0.658,0.675,0.624,0.627,0.533,0.91,0.961,0.991,0.64,0.124,0.87,1.048,1.07,1.074,0.887,0.214,0,0,0.001,0,0.002,0.001,0.001,0,0,0,0,0,0,0.001,0.003,0.003,0.001,0.001,0,0,0,0,0.001,0,0,0,0,0,0.001,0.002,0.001,0.001,0.001,0.001,0,0,0.001,0.001,0.001,0.001,0.001,0,0.001,0.001,0,0.001,0.001,0.001,0,0,0,0,0,0,0,0,0,0,0,0,0,0,0,0,0,0,0,0,0,0,0,0,0,0,0,0,0,0.001,0.001,0.001,0,0.001,0.001,0.001,0.001,0,0.001,0.001,0.001,0.001,0.001,0,0.002,0.001,0,0.001,0.001,0,0.001,0,0,0.001,0,0.001,0,0.001,0,0,0.001,0,0,0.001,0,0,0,0.001,0,0,0.001,0,A,27.391
20260630,0,0,0,0.001,0,0.001,0,0,0,0,0.001,0,0,0,0.001,0,0,0.001,0,0,0.001,0,0.001,0,0,0.001,0,0,0.001,0,0,0.001,0,0,0.001,0,0,0.001,0,0,0.001,0,0,0.001,0,0,0,0.001,0,0,0.001,0,0,0,0.001,0,0,0,0.001,0,0.001,0,0,0.001,0,0.001,0,0,0.001,0,0,0,0.001,0,0.001,0,0,0.001,0,0,0.001,0,0,0.001,0.001,0,0.002,0.001,0.002,0.002,0.002,0.003,0.002,0.001,0.003,0.005,0.005,0.004,0.004,0.004,0.004,0.006,0.003,0.006,0.006,0.008,0.009,0.01,0.01,0.009,0.006,0.011,0.004,0.005,0.003,0.004,0.002,0.003,0.005,0.007,0.006,0.01,0.009,0.009,0.006,0.005,0.005,0.004,0.003,0.002,0.003,0.002,0.674,0.156,0.191,0.985,1.046,0.833,0.823,1.035,0.816,0.778,0.871,0.327,0.906,0.698,0.199,0.814,1.06,1.073,0.999,0.917,0.983,0.807,0.959,0.962,0.948,0.988,0.963,0.759,0.938,0.943,0.815,0.801,0.821,0.833,0.324,0.165,0.015,0,0,0,0,0,0,0,0,0,0,0,0,0,0,0,0,0,0,0,0,0,0.001,0,0.002,0.002,0.002,0.001,0.002,0.001,0.001,0.001,0.001,0.001,0,0.001,0.001,0.001,0,0.001,0.001,0,0.001,0.001,0.001,0,0.001,0,0.001,0,0,0,0,0,0,0,0,0,0,0,0,0,0,0,0,0,0,0,0,0,0,0,0,0,0,0,0,0.001,0,0.001,0.001,0,0,0.002,0.002,0.001,0.001,0.001,0,0.001,0.001,0.001,0.001,0.001,0.001,0,0.001,0.001,0,0.001,0,0.001,0,0.001,0,0.001,0,0,0,0.001,0.001,0,0,0.001,0,0.001,0,0,0,0.001,A,28.530
20260701,0,0,0,0,0.001,0,0,0.001,0,0,0.001,0,0,0.001,0,0,0,0.001,0,0,0.001,0,0.001,0,0,0,0,0.001,0,0,0,0.001,0,0,0,0.001,0,0,0.001,0,0,0,0,0.001,0,0.001,0,0,0,0.001,0,0,0,0.001,0,0,0.001,0,0,0,0,0.001,0,0,0.001,0,0,0,0.001,0,0,0,0.001,0,0.001,0,0,0.001,0,0,0.001,0,0,0.001,0,0.001,0.001,0.002,0.002,0.002,0.002,0.003,0.003,0.001,0.003,0.003,0.004,0.003,0.003,0.003,0.005,0.004,0.003,0.005,0.004,0.005,0.007,0.009,0.009,0.007,0.007,0.005,0.005,0.007,0.004,0.003,0.004,0.004,0.01,0.011,0.003,0.004,0.003,0.003,0.003,0.002,0.003,0.003,0.004,0.007,0.005,0.004,0.221,0.224,0.196,0.734,1.011,0.951,0.914,0.921,0.728,0.715,0.904,0.999,1.076,0.694,0.283,0.956,1.098,0.964,0.885,0.923,0.682,0.533,0.785,0.778,0.855,0.935,0.65,0.763,0.88,0.211,0.89,0.943,0.902,0.985,0.582,0.237,0.002,0,0,0,0,0,0,0,0,0,0,0.003,0.001,0.001,0,0,0,0,0,0.001,0.002,0.001,0.002,0.001,0.001,0.002,0.002,0.002,0.001,0.001,0.001,0.001,0,0.001,0.001,0,0.001,0,0.001,0,0.001,0,0.001,0.001,0,0.002,0.002,0,0,0,0,0,0,0,0,0,0,0,0,0,0,0,0,0,0,0,0,0,0,0,0,0,0,0,0,0,0.001,0,0,0.001,0.001,0.001,0.001,0.001,0.001,0.001,0.001,0.001,0.001,0,0.001,0.001,0.001,0.001,0,0.001,0.001,0,0.001,0,0,0.001,0,0.001,0,0,0.001,0,0,0,0.001,0,0,0,0,0.001,0,0,0.001,0,A,27.290
20260702,0,0,0.001,0,0,0,0.001,0,0,0,0,0,0.001,0,0,0,0.001,0,0,0,0.001,0,0,0.001,0,0,0,0,0,0.001,0,0,0,0.001,0,0,0,0.001,0,0,0,0.001,0,0,0,0,0.001,0,0,0.001,0,0,0,0,0.001,0,0,0,0,0.001,0,0,0,0,0.001,0,0,0,0.001,0,0,0,0.001,0,0.001,0,0,0.001,0,0,0.001,0,0.001,0,0.001,0,0.001,0.001,0.001,0.002,0.002,0.003,0.009,0.003,0.002,0.003,0.002,0.001,0.002,0.003,0.002,0.002,0.003,0.002,0.002,0.003,0.004,0.003,0.005,0.004,0.002,0.002,0.004,0.007,0.006,0.004,0.003,0.002,0.006,0.003,0.002,0.003,0.002,0.002,0.002,0.003,0.001,0.002,0.002,0.002,0.002,0.001,0.075,0.053,0.074,0.071,0.039,0.041,0.045,0.056,0.028,0.265,0.033,0.048,0.627,0.728,0.208,0.68,0.722,0.322,0.628,0.496,0.04,0.572,0.746,0.796,0.715,0.86,0.516,0.844,0.863,0.783,0.76,0.85,0.883,0.669,0.015,0.058,0,0,0,0,0,0,0,0,0,0,0,0,0,0,0,0,0,0,0,0,0,0,0.001,0.001,0.002,0.001,0.002,0.001,0.001,0.001,0.001,0.001,0.001,0,0.001,0,0.001,0.001,0,0.001,0.001,0,0.001,0,0.001,0,0.001,0,0,0,0,0,0,0,0,0,0,0,0,0,0,0,0,0,0,0,0,0,0,0,0,0,0,0,0,0,0.001,0,0,0.001,0,0.001,0,0.001,0,0,0.001,0,0,0.001,0,0.001,0,0,0.001,0,0.001,0,0.001,0,0,0.001,0,0.001,0,0,0.001,0,0,0.001,0,0,0.001,0,0.001,0,0,0.001,0,0,A,15.397
20260703,0,0.001,0,0,0.001,0,0,0,0.001,0,0,0.001,0,0,0,0.001,0,0,0,0.001,0,0,0.001,0,0,0,0.001,0,0,0,0.001,0,0,0.001,0,0,0.001,0,0,0.001,0,0,0,0.001,0,0,0.001,0,0,0,0.001,0,0,0.001,0,0,0,0.001,0,0,0.001,0,0,0.001,0,0,0,0.001,0,0,0.001,0,0.001,0,0,0.001,0,0,0.001,0,0,0.001,0,0,0.001,0.001,0.001,0.005,0.003,0.003,0.003,0.003,0.005,0.004,0.004,0.002,0.003,0.004,0.002,0.004,0.005,0.003,0.004,0.003,0.003,0.005,0.01,0.008,0.007,0.01,0.005,0.004,0.004,0.006,0.005,0.005,0.004,0.005,0.008,0.007,0.006,0.008,0.004,0.004,0.004,0.003,0.003,0.001,0.003,0.002,0.002,0.002,0.019,0.049,0.039,0.555,0.581,0.003,0.686,0.909,0.416,0.717,0.766,0.091,0.934,1.016,1.014,1.037,0.999,1.118,0.959,0.856,0.63,0.797,0.92,0.96,0.945,0.877,0.579,0.901,0.83,0.06,0.577,0.829,0.929,0.81,0.563,0.06,0.001,0,0,0,0,0,0,0,0,0,0,0,0,0,0,0,0,0,0,0,0.001,0,0.001,0.001,0.002,0.002,0.001,0.001,0.001,0.002,0.001,0,0.001,0.001,0,0.001,0,0.001,0.001,0,0.001,0.001,0.001,0.001,0,0.001,0.001,0.001,0.001,0,0,0,0,0,0,0,0,0,0,0,0,0,0,0,0,0,0,0,0,0,0,0,0,0,0,0,0,0,0.002,0.001,0.001,0.001,0.001,0.001,0.001,0.001,0.001,0.001,0.001,0.002,0.001,0.001,0,0.002,0.001,0.001,0.001,0.001,0,0.001,0,0,0.001,0,0.001,0,0,0.001,0,0,0.001,0,0,0,0.001,0,0,0.001,0,0,A,24.313
20260704,0.001,0,0,0.001,0,0,0.001,0,0,0,0.001,0,0,0.001,0,0,0,0.001,0,0,0.001,0,0.001,0,0,0,0.001,0,0,0,0.001,0,0,0,0.001,0,0,0.001,0,0,0.001,0,0,0.001,0,0,0.001,0,0,0,0.001,0,0.001,0,0,0,0.001,0,0,0.001,0,0,0.001,0,0,0.001,0,0,0.001,0,0.001,0.001,0.002,0,0.001,0,0.001,0,0.001,0,0.001,0.001,0,0.001,0.001,0.001,0,0.001,0.002,0.001,0.003,0.002,0.003,0.003,0.003,0.003,0.002,0.002,0.003,0.003,0.003,0.003,0.004,0.004,0.005,0.005,0.005,0.005,0.007,0.007,0.009,0.008,0.008,0.006,0.002,0.002,0.004,0.003,0.003,0.002,0.002,0.002,0.001,0.002,0.002,0.001,0.002,0.002,0.002,0.019,0.015,0.014,0.552,0.842,0.21,0.757,0.611,0.139,0.712,0.683,0.82,0.812,0.83,0.203,0.626,0.446,0.075,0.575,0.75,0.749,0.737,0.498,0.072,0.577,0.808,0.827,0.858,1.002,0.78,0.703,0.896,0.935,0.737,0.722,0.761,0.717,0.08,0.1,0,0,0,0,0,0,0,0,0,0,0,0,0,0,0,0,0,0,0,0,0,0.002,0.003,0.002,0.001,0.001,0.002,0.001,0.001,0.001,0.001,0.001,0.001,0.001,0.001,0.001,0.001,0,0.001,0.001,0.001,0,0.001,0,0.001,0,0.001,0,0,0,0,0,0,0,0,0,0,0,0,0,0,0,0,0,0,0,0,0,0,0,0,0,0,0,0,0,0.001,0,0.001,0.001,0,0.001,0,0.001,0,0.001,0.002,0.002,0,0,0.004,0.002,0.004,0.001,0.002,0.001,0.001,0.002,0,0.001,0,0.001,0,0.001,0,0.001,0,0,0.001,0,0.001,0,0.001,0,0,0.001,0,0,0.001,0,A,22.489
20260705,0,0.001,0,0,0.001,0,0,0,0.001,0,0,0.001,0,0,0,0.001,0,0,0.001,0,0,0,0.001,0,0.001,0,0.001,0,0,0,0.001,0,0,0.001,0,0,0,0.001,0,0,0.001,0,0,0.002,0.001,0,0.001,0,0,0.001,0,0,0,0.001,0,0,0.001,0,0,0,0.001,0,0,0.001,0,0,0.001,0,0,0.001,0,0,0.001,0,0.001,0,0,0.001,0,0,0.001,0,0,0.001,0,0.001,0,0.001,0.001,0.002,0.002,0.001,0.002,0.001,0.001,0.002,0.003,0.002,0.002,0.003,0.003,0.003,0.004,0.005,0.002,0.003,0.003,0.004,0.002,0.006,0.007,0.006,0.005,0.005,0.006,0.007,0.005,0.007,0.007,0.007,0.005,0.01,0.01,0.004,0.008,0.005,0.005,0.005,0.005,0.003,0.003,0.002,0.732,1.159,1.161,0.964,1.072,0.926,0.78,0.979,0.371,0.886,0.873,0.829,0.592,1.063,0.435,1.129,1.197,1.182,1.166,1.122,0.57,0.927,1.179,1.178,1.191,1.213,1.19,1.148,1.069,1.182,1.191,1.181,1.119,0.977,0.482,0.127,0.002,0,0,0,0,0,0,0,0,0,0,0,0,0,0,0,0,0.001,0.001,0.001,0,0.001,0.002,0.001,0,0.002,0.001,0.001,0.001,0.002,0.001,0.001,0.001,0,0.001,0,0.001,0,0.001,0.001,0,0.001,0.001,0,0.001,0.001,0,0.001,0,0,0,0,0,0.001,0,0.001,0.001,0,0.001,0.001,0.001,0,0.001,0.001,0.001,0.001,0,0.001,0.001,0,0.001,0.001,0.001,0.001,0,0.001,0,0.001,0,0.001,0.004,0.002,0.001,0.001,0.002,0,0.002,0.001,0.001,0.001,0.002,0,0.001,0.002,0.001,0.001,0.001,0,0.001,0,0,0.001,0,0,0.001,0,0,0.001,0,0,0.001,0,0,0,0.001,0,0,0.001,0,0,A,34.834
20260706,0.001,0,0,0.001,0,0.001,0,0.001,0,0,0.001,0,0,0.001,0,0.001,0,0,0.001,0,0,0,0.001,0,0,0.001,0,0,0,0,0.001,0,0,0.001,0,0,0,0,0.001,0,0,0.001,0,0,0,0.001,0,0,0.001,0,0,0,0.001,0,0,0,0,0.001,0,0,0,0.001,0,0,0,0.001,0,0,0,0,0.001,0,0,0.001,0,0,0.001,0,0.001,0.001,0.001,0.001,0.001,0.001,0.002,0.001,0.001,0.002,0.004,0.004,0.005,0.004,0.005,0.004,0.004,0.005,0.004,0.005,0.005,0.005,0.004,0.005,0.006,0.005,0.005,0.006,0.006,0.005,0.007,0.006,0.004,0.003,0.006,0.007,0.007,0.007,0.006,0.004,0.007,0.007,0.006,0.004,0.008,0.006,0.006,0.004,0.004,0.005,0.007,0.004,0.001,0.004,0.354,0.325,0.254,0.246,0.25,0.37,0.354,0.319,0.198,0.217,0.304,0.291,0.835,1.129,1.033,1.093,0.762,0.093,0.451,0.699,0.81,0.624,0.761,0.799,0.685,0.988,0.338,0.913,1.146,0.808,0.571,0.55,0.499,0.542,0.546,0.744,0.087,0.002,0.003,0.004,0.004,0.005,0.003,0.003,0.003,0.003,0.003,0.003,0.002,0.003,0,0,0,0,0,0,0.001,0.002,0.001,0.002,0.002,0.001,0.002,0.002,0.003,0.001,0.001,0.001,0,0.001,0.001,0,0.001,0,0.001,0.001,0.001,0,0.001,0,0.001,0.001,0.001,0.001,0,0,0,0,0,0,0,0,0,0,0,0,0,0,0,0,0,0,0,0,0,0,0,0,0,0,0,0,0,0.001,0,0.001,0,0.002,0.002,0.001,0.001,0.001,0.002,0,0.001,0.002,0.001,0.001,0.001,0,0.002,0.001,0.001,0,0,0.001,0,0,0,0.001,0,0,0,0.001,0,0,0,0.001,0,0,0,0,0.001,0,0,0,A,21.346
20260707,0.001,0,0,0,0.001,0,0,0,0.001,0,0,0,0.001,0,0,0,0.001,0,0,0,0.001,0,0,0.001,0,0,0,0,0.001,0,0,0,0,0.001,0,0,0,0.001,0,0,0,0.001,0,0,0,0.001,0,0,0.001,0,0,0,0.001,0,0,0,0.001,0,0,0,0.001,0,0,0.001,0,0,0,0,0.001,0,0,0,0.001,0,0,0.001,0,0,0,0.001,0,0,0.001,0,0.001,0,0.001,0.001,0.002,0.001,0.003,0.002,0.002,0.003,0.003,0.002,0.003,0.003,0.002,0.004,0.003,0.003,0.003,0.003,0.002,0.005,0.008,0.006,0.004,0.004,0.004,0.004,0.005,0.005,0.007,0.005,0.008,0.006,0.006,0.006,0.006,0.003,0.003,0.003,0.004,0.004,0.004,0.004,0.003,0.003,0.005,0.005,1.016,1.051,0.521,0.699,0.83,0.741,0.867,1.007,0.473,0.733,0.897,0.9,0.849,1.014,0.545,0.938,0.928,0.295,1.052,1.056,1.074,1.016,0.987,1.035,1.132,1.211,0.649,0.914,0.937,1.027,1.073,1.193,1.025,0.856,0.166,0.053,0,0,0,0,0,0,0,0,0,0,0,0,0,0,0,0,0,0,0,0.002,0.003,0.002,0.002,0.001,0.001,0.002,0.002,0.001,0.001,0.001,0.002,0.001,0.001,0,0.001,0.001,0,0.001,0.001,0.001,0,0.001,0.001,0.001,0,0.001,0.001,0,0,0,0,0,0,0,0,0,0,0,0,0,0,0,0,0,0,0,0,0,0,0,0,0,0,0,0,0,0.001,0.001,0.002,0.002,0.001,0.001,0.001,0.001,0.001,0.001,0.001,0,0.002,0.001,0.001,0,0.001,0.001,0.001,0.001,0.001,0,0.001,0,0,0.001,0,0.001,0,0,0,0.001,0,0,0.001,0,0,0,0.001,0,0,0.001,0,0,A,31.020
20260708,0,0,0.001,0,0,0,0.001,0,0,0,0.001,0,0,0,0.001,0,0,0,0.001,0,0,0.001,0,0,0.001,0,0,0.001,0,0,0,0.001,0,0,0,0.001,0,0,0.001,0,0,0,0,0.001,0,0,0,0.001,0,0,0,0,0.001,0,0,0,0.001,0,0,0,0,0.001,0,0,0.001,0,0,0.001,0,0,0,0,0.001,0,0.001,0,0,0.001,0,0,0,0.001,0,0.001,0,0.001,0,0.001,0.001,0.001,0.005,0.004,0.004,0.005,0.005,0.005,0.005,0.005,0.004,0.004,0.002,0.005,0.004,0.004,0.004,0.003,0.008,0.008,0.007,0.005,0.003,0.004,0.005,0.006,0.003,0.003,0.004,0.003,0.003,0.003,0.003,0.004,0.006,0.003,0.004,0.006,0.005,0.004,0.005,0.008,0.002,0.003,0.635,0.42,0,0.467,0.872,0.849,0.89,0.9,0.448,0.764,0.951,0.146,0.806,1.028,1.043,1.013,1.024,0.856,0.855,1.047,0.997,0.998,1.037,1.071,0.895,0.969,0.965,1.043,0.876,0.278,0.814,1.008,0.993,0.939,0.802,0.247,0,0,0,0,0,0,0,0,0,0,0,0,0,0,0,0,0,0,0,0.003,0.001,0.002,0.001,0.001,0.002,0.002,0.001,0.001,0.002,0.001,0.001,0.001,0.001,0.001,0.001,0.001,0,0.001,0.001,0,0.001,0.001,0,0.001,0.001,0.001,0,0.001,0,0,0,0,0,0,0,0,0,0,0,0,0,0,0,0,0,0,0,0,0,0,0,0,0,0,0,0,0,0,0.001,0.002,0.002,0.001,0.001,0.002,0.001,0.001,0.001,0,0.001,0.001,0.001,0,0.001,0.001,0.001,0.001,0.001,0.001,0,0,0.001,0,0.001,0,0,0.001,0,0,0,0.001,0,0,0,0.001,0,0,0.001,0,0,0,A,29.217
20260709,0.001,0,0,0,0.001,0,0,0,0.001,0,0,0,0.001,0,0,0,0,0,0.001,0,0,0.001,0,0,0.001,0,0,0,0.001,0,0,0,0.001,0,0,0,0.001,0,0,0,0.001,0,0,0.001,0,0,0.001,0,0,0,0.001,0,0,0,0.001,0,0,0.001,0,0,0,0.001,0,0,0,0.001,0,0,0.001,0,0,0,0.001,0,0,0.001,0,0,0.001,0,0.001,0.001,0,0.001,0.001,0,0.001,0.001,0.002,0.002,0.002,0.002,0.004,0.004,0.002,0.004,0.003,0.003,0.002,0.003,0.004,0.003,0.003,0.004,0.003,0.005,0.004,0.006,0.004,0.004,0.005,0.005,0.005,0.002,0.004,0.001,0.002,0.001,0.002,0.002,0.004,0.002,0.002,0.002,0.001,0.005,0.003,0.003,0.004,0.006,0.002,0.003,0.186,0.039,0.001,0.007,0.012,0.005,0.002,0.015,0.017,0.638,0.775,0.002,0.489,0.632,0.371,0.486,0.728,0.982,1.017,1.026,0.696,0.967,1.005,0.326,0.928,0.866,0.904,0.988,1.02,0.762,1.176,1.214,1.212,1.209,1.2,0.741,0.015,0.005,0.003,0,0,0,0,0,0,0,0,0,0,0,0,0,0,0,0,0,0,0,0,0,0,0,0,0,0.002,0.002,0.001,0.001,0.001,0.001,0.001,0,0.001,0,0.001,0,0.001,0.001,0,0.001,0.001,0,0.001,0,0,0,0,0,0,0,0,0,0,0,0,0,0,0,0,0,0,0,0,0,0,0,0,0,0,0,0,0,0,0.001,0.001,0.001,0.002,0.001,0.001,0.002,0.001,0.001,0.001,0.001,0.001,0.001,0.001,0.001,0.001,0.001,0.001,0.001,0.001,0.001,0,0,0.001,0,0.001,0,0,0.001,0,0,0.001,0,0,0.001,0,0,0.001,0,0.001,0,0,0.001,A,22.881
20260710,0,0.001,0,0,0.001,0,0,0.001,0,0,0.001,0,0,0,0.001,0,0,0.001,0,0.001,0,0,0.001,0,0,0.001,0,0.001,0,0,0.001,0,0,0,0.001,0,0.001,0,0,0.001,0,0,0.001,0,0.001,0,0,0,0.001,0,0,0.001,0,0.001,0,0,0,0.001,0,0,0.001,0,0,0.001,0,0,0.001,0,0,0.001,0,0,0.001,0,0.001,0,0,0.001,0,0.001,0.001,0.001,0.001,0.003,0.003,0.002,0.001,0.002,0.001,0.002,0.002,0.002,0.001,0.003,0.001,0.002,0.003,0.003,0.003,0.002,0.003,0.004,0.004,0.002,0.003,0.005,0.007,0.006,0.005,0.004,0.002,0.002,0.002,0.004,0.004,0.003,0.001,0.003,0.003,0.004,0.002,0.002,0.002,0.002,0.003,0.005,0.004,0.005,0.005,0.005,0.005,0.004,0.248,0.514,0.439,0.305,0.19,0.193,0.773,0.863,0.332,0.99,1.109,0.844,0.89,0.972,0.314,0.757,0.593,0.034,0.746,0.681,0.687,1.048,0.829,0.312,0.941,1.191,1.175,1.082,1.09,1.05,0.869,0.765,0.799,0.913,0.907,0.362,0,0,0,0,0,0,0,0,0,0,0,0,0,0,0,0,0,0,0,0,0,0,0,0,0.001,0.001,0.002,0.002,0.003,0.002,0.002,0.001,0.001,0.001,0.001,0,0.001,0.001,0.001,0,0.001,0.001,0,0.001,0.001,0.008,0.001,0.009,0.002,0,0,0,0,0,0,0,0,0,0,0,0,0,0,0,0,0,0,0,0,0,0,0,0,0,0,0,0.001,0.001,0.001,0.001,0.001,0.001,0.002,0.001,0,0.001,0.001,0.002,0.001,0,0.001,0.001,0.001,0.001,0.001,0.001,0.001,0,0.001,0,0.001,0,0.001,0,0.001,0,0.001,0,0,0.001,0,0,0,0,0.001,0,0,0.001,0,0,A,26.062
20260711,0,0.001,0,0,0.001,0,0,0,0.001,0,0,0.001,0,0,0,0.001,0,0,0.001,0,0,0.001,0,0,0.001,0,0.001,0,0,0,0.001,0,0,0.001,0,0,0.001,0,0,0,0.001,0,0,0.001,0,0,0.001,0,0,0.001,0,0,0.001,0.002,0,0.001,0,0,0.001,0,0,0.001,0,0,0.001,0,0,0.001,0.001,0.001,0.001,0,0.001,0,0.001,0,0.001,0,0.001,0,0.001,0.002,0.001,0.001,0.001,0,0.001,0.001,0.002,0.001,0.002,0.002,0.002,0.002,0.003,0.005,0.003,0.003,0.004,0.006,0.004,0.002,0.005,0.005,0.005,0.004,0.005,0.003,0.003,0.008,0.007,0.006,0.003,0.003,0.005,0.005,0.006,0.004,0.007,0.008,0.013,0.012,0.011,0.02,0.017,0.016,0.016,0.015,0.015,0.015,0.015,0.003,0.52,0.251,0.013,0.511,0.6,0.119,0.676,0.856,0.418,0.761,0.822,0.637,0.688,0.77,0.062,0.708,0.412,0.01,0.597,0.65,0.758,0.756,0.794,0.805,0.841,0.812,0.016,0.72,0.785,0.831,0.819,0.82,0.813,0.852,0.307,0.12,0.001,0,0,0.001,0,0,0,0,0,0,0,0,0,0,0,0,0,0,0,0,0,0,0.001,0.003,0.001,0.002,0.002,0.001,0.002,0.001,0.001,0.002,0.001,0.001,0.001,0.001,0.001,0,0.001,0.001,0.001,0.001,0.001,0.001,0.001,0.001,0.001,0.001,0.001,0,0,0,0,0,0,0,0,0,0,0,0,0,0,0,0,0,0,0,0,0,0,0,0,0,0,0,0,0,0.003,0.003,0.002,0.003,0.002,0.003,0.002,0.002,0.004,0.004,0.003,0.003,0.003,0.003,0.003,0.004,0.003,0.001,0.001,0.001,0,0.001,0,0.001,0,0,0.001,0,0.001,0,0,0.001,0,0.001,0,0,0,0.001,0,0.001,0,0,A,21.365
20260712,0,0.001,0,0,0.001,0,0.001,0,0,0.001,0,0,0.001,0,0,0,0.001,0,0,0,0.001,0,0.001,0,0,0,0,0.001,0,0,0.001,0,0,0,0,0.001,0,0,0.001,0,0,0,0.001,0,0,0.001,0,0.001,0,0,0,0.001,0,0,0.001,0,0,0,0.001,0,0,0,0.001,0,0,0,0.001,0,0,0,0.001,0,0,0.001,0,0,0.001,0,0,0.001,0,0.001,0,0.001,0,0.001,0,0.002,0.002,0.002,0.002,0.002,0.001,0.002,0.001,0.002,0.002,0.003,0.003,0.004,0.003,0.002,0.003,0.003,0.004,0.003,0.006,0.005,0.004,0.004,0.004,0.004,0.005,0.005,0.006,0.006,0.009,0.009,0.009,0.007,0.008,0.003,0.002,0.003,0.02,0.017,0.017,0.015,0.015,0.014,0.015,0.015,0.1,0.261,0.269,0.782,0.734,0.477,0.396,0.098,0.118,0.592,0.576,0.493,0.506,0.577,0.292,0.45,0.377,0,0.493,0.566,0.584,0.617,0.888,0.723,0.793,1.102,0.935,0.914,1.077,0.998,0.883,0.917,0.917,1.067,0.422,0.141,0.008,0,0,0,0,0,0,0,0,0,0,0,0,0,0,0,0,0,0,0,0,0,0,0.001,0.001,0.002,0.002,0.001,0.002,0.001,0.001,0.001,0.001,0.001,0.001,0.001,0,0.001,0.001,0.001,0.001,0,0.001,0.001,0.001,0.001,0.001,0.001,0.001,0,0,0,0,0,0,0,0,0,0,0,0,0,0,0,0,0,0,0,0,0,0,0,0,0,0,0,0,0.001,0.004,0.003,0.002,0.003,0.002,0.002,0.003,0.002,0.002,0.002,0.002,0.003,0.002,0.003,0.003,0.003,0.003,0.001,0.001,0,0.001,0,0,0.001,0,0,0.001,0,0,0.001,0,0,0.001,0,0,0.001,0,0,0.001,0,0,0,A,21.524
20260713,0,0.001,0,0,0.001,0,0,0,0.001,0,0,0.001,0,0,0,0.001,0.001,0.001,0.001,0,0,0.001,0,0,0.001,0,0,0.001,0.002,0,0.001,0,0,0.001,0,0,0.001,0,0.001,0.002,0,0.001,0,0,0,0.001,0,0,0,0.001,0,0.001,0.002,0,0,0.001,0,0,0,0.001,0,0.001,0.001,0.001,0.001,0,0.001,0,0,0.001,0,0,0.002,0.001,0.001,0.001,0,0.001,0,0,0.001,0,0.001,0,0.002,0.001,0.003,0.002,0.003,0.002,0.004,0.003,0.004,0.004,0.002,0.003,0.005,0.007,0.006,0.003,0.003,0.003,0.002,0.004,0.003,0.002,0.003,0.002,0.002,0.006,0.007,0.005,0.005,0.002,0.002,0.005,0.007,0.007,0.006,0.005,0.004,0.006,0.005,0.007,0.007,0.007,0.007,0.004,0.005,0.006,0.006,0.006,0.908,0.864,0.884,0.848,0.852,0.5,0.772,0.817,0.138,0.634,0.879,0.536,0.549,0.772,0.777,0.749,0.524,0.068,0.711,0.766,0.26,0.472,0.711,0.816,0.777,0.786,0.183,0.738,0.809,0.637,0.616,0.787,0.827,0.89,0.518,0.022,0,0,0,0,0,0,0,0,0,0,0,0,0,0,0,0,0,0,0,0,0,0,0.002,0.004,0.002,0.001,0.002,0.001,0.002,0.001,0.001,0.001,0.001,0.001,0,0.001,0,0.001,0,0.001,0.001,0,0.001,0,0.001,0.001,0,0.001,0,0,0,0,0,0,0,0,0,0,0,0,0,0,0,0,0,0.001,0.001,0.002,0.002,0.002,0.002,0.003,0.002,0.002,0.003,0.002,0.003,0.002,0.003,0.003,0.002,0.003,0.002,0.002,0.002,0.003,0.003,0.003,0.002,0.002,0.003,0.004,0.003,0.002,0.003,0.001,0.001,0,0,0.001,0,0,0.001,0,0.001,0,0,0,0.001,0,0,0.001,0,0,0.001,0,0,0,0.001,0,A,23.751
20260714,0,0.001,0,0,0,0.001,0,0,0,0,0.001,0,0,0.001,0,0,0,0,0.001,0,0.001,0,0,0,0.001,0,0,0.001,0,0,0.001,0,0,0,0,0.001,0,0,0.001,0.002,0.001,0,0,0,0.001,0,0,0.001,0,0,0,0.001,0,0,0.001,0,0,0,0.001,0,0.001,0.001,0.001,0,0.001,0,0,0.001,0,0,0,0.001,0,0.001,0,0,0.001,0,0.001,0.002,0.001,0.001,0,0.002,0.001,0.002,0.002,0.002,0.003,0.003,0.003,0.003,0.003,0.004,0.003,0.003,0.004,0.003,0.024,0.018,0,0,0,0,0,0,0,0,0,0,0,0,0,0,0,0,0,0,0,0,0,0,0,0,0,0,0,0,0,0,0,0,0,0,0,0,0,0,0,0,0,0,0,0,0,0,0,0,0,0,0,0,0,0,0,0,0,0,0,0,0,0,0,0,0,0,0,0,0,0,0,0,0,0,0,0,0,0,0,0,0,0,0,0,0,0,0,0,0,0,0,0,0,0,0,0,0,0,0,0,0,0,0,0,0,0,0,0,0,0,0.007,0.026,0,0.025,0.257,0.767,0,0.008,0.021,0.021,0.106,0.179,0.059,0.06,0.063,0.071,0.058,0.048,0.043,0.044,0.067,0.064,0.051,0.05,0.072,0.098,0.099,0.1,0.101,0.104,0.106,0.106,0.104,0.1,0.095,0.039,0.039,0.041,0.043,0.043,0.039,0.034,0.035,0.034,0.035,0.036,0.198,0.15,0.036,0.03,0.03,0.032,0.036,0.039,0.041,0.04,0.038,0.037,0.035,0.032,0.031,0.021,0.021,0.019,0.018,0.019,0.02,0.022,0.022,0.023,0.021,0.017,0.017,0.017,0.017,0.021,0.023,0.023,A,4.859
20260715,0.02,0.019,0.031,0.033,0.032,0.032,0.017,0.02,0.023,0.024,0.023,0.023,0.021,0.02,0.021,0.021,0.02,0.021,0.02,0.02,0.02,0.02,0.021,0.019,0.018,0.021,0.02,0.02,0.022,0.021,0.023,0.037,0.036,0.036,0.026,0.019,0.026,0.031,0.033,0.031,0.028,0.027,0.027,0.027,0.029,0.025,0.023,0.02,0.018,0.017,0.018,0.018,0.021,0.023,0.023,0.019,0.02,0.017,0.019,0.019,0.02,0.023,0.022,0.021,0.02,0.017,0.018,0.018,0.02,0.021,0.022,0.02,0.02,0.018,0.018,0.019,0.027,0.027,0.093,0.107,0.129,0.106,0.053,0.038,0.076,0.05,0.056,0.047,0.036,0.035,0.036,0.032,0.028,0.058,0.027,0.006,0,0,0,0,0,0,0,0,0,0,0,0,0.001,0,0,0,0.237,0.774,0.69,0.014,0,0.019,0,0,0.066,0.019,0,0,0,0,0,0,0,0,0.002,0,0.017,0.456,0.642,0.412,0.014,0.366,0.787,0.789,0.196,0.223,0.135,0.076,0.242,0.002,0.378,0.663,0.622,0.587,0.506,0.591,0.854,0.88,0.934,0.886,0.764,0.745,0.736,0.842,0.809,0.506,0.063,0.219,0.088,0.086,0.064,0.026,0,0,0.028,0.204,0,0,0,0,0,0,0,0,0,0,0,0,0,0,0,0,0,0,0,0,0,0,0,0,0,0,0,0,0,0,0,0,0,0,0,0,0,0,0,0,0,0,0,0,0,0,0,0,0,0,0,0,0,0,0,0,0,0,0,0,0,0,0,0,0,0,0,0,0,0,0,0,0,0,0,0,0,0,0,0,0,0,0,0,0,0,0,0.051,0.228,0.013,0.014,0.014,0.005,0,0.003,0.015,0.012,0,0,0,0,0,0,0,0,0,0,0,0,0,0,0,0.01,0.029,0.027,0.023,A,21.487
20260716,0.022,0.022,0.022,0.022,0.025,0.021,0.02,0.015,0.015,0.025,0.033,0.036,0.037,0.017,0.018,0.019,0.021,0.02,0.023,0.021,0.018,0.018,0.017,0.017,0.018,0.019,0.017,0.016,0.015,0.014,0.018,0.018,0.024,0.025,0.022,0.021,0.019,0.016,0.019,0.022,0.02,0.017,0.015,0.014,0.015,0.015,0.019,0.021,0.019,0.015,0.015,0.015,0.015,0.016,0.021,0.089,0.21,0.208,0.207,0.208,0.209,0.21,0.214,0.21,0.21,0.097,0.015,0.018,0.019,0.02,0.02,0.019,0.019,0.016,0.017,0.019,0.019,0.018,0.019,0.022,0.032,0.045,0.052,0.024,0,0,0,0,0.012,0.001,0,0.003,0,0,0,0,0,0,0,0,0,0,0,0,0,0,0,0,0,0,0,0,0,0,0,0,0,0,0,0,0,0,0,0,0,0,0,0,0.001,0,0,0,0.961,1.049,1.425,1.33,1.287,1.263,1.281,1.298,1.323,1.328,1.326,1.334,1.33,1.331,1.315,1.305,1.297,1.324,1.408,1.343,1.373,1.336,1.327,1.379,1.411,1.452,1.178,1.156,0.948,0.627,0.405,0.779,0.823,0.769,0.355,0.293,0.002,0,0,0,0,0,0,0,0,0,0.006,0.002,0,0,0,0.004,0,0,0,0,0,0,0,0.014,0.007,0,0,0,0,0.002,0.003,0.004,0.005,0.005,0.005,0.005,0.006,0.007,0.008,0.007,0.007,0.007,0.005,0.004,0.005,0.006,0.006,0.006,0,0,0,0,0,0,0,0,0,0,0,0,0,0,0,0,0,0,0,0,0,0,0,0,0,0,0,0,0,0,0,0,0,0,0,0,0.005,0.006,0.004,0.003,0.002,0.009,0.009,0.009,0,0,0,0,0,0,0,0,0.002,0.008,0.009,0.009,0.01,0.009,0.009,0.008,0.008,0.008,0.009,0.009,0.009,0.009,0.009,0.009,0.009,0.009,0.008,0.049,A,45.444
Total for Period,,,,,,,,,,,,,,,,,,,,,,,,,,,,,,,,,,,,,,,,,,,,,,,,,,,,,,,,,,,,,,,,,,,,,,,,,,,,,,,,,,,,,,,,,,,,,,,,,,,,,,,,,,,,,,,,,,,,,,,,,,,,,,,,,,,,,,,,,,,,,,,,,,,,,,,,,,,,,,,,,,,,,,,,,,,,,,,,,,,,,,,,,,,,,,,,,,,,,,,,,,,,,,,,,,,,,,,,,,,,,,,,,,,,,,,,,,,,,,,,,,,,,,,,,,,,,,,,,,,,,,,,,,,,,,,,,,,,,,,,,,,,,,,,,,1492.444
Stream ID,"Meter 213294978,213294978,213294978,213294978",K1,K1,KVARH,CONSUMPTION
LOCAL TIME,AEST
Date/Time,0:00,0:05,0:10,0:15,0:20,0:25,0:30,0:35,0:40,0:45,0:50,0:55,1:00,1:05,1:10,1:15,1:20,1:25,1:30,1:35,1:40,1:45,1:50,1:55,2:00,2:05,2:10,2:15,2:20,2:25,2:30,2:35,2:40,2:45,2:50,2:55,3:00,3:05,3:10,3:15,3:20,3:25,3:30,3:35,3:40,3:45,3:50,3:55,4:00,4:05,4:10,4:15,4:20,4:25,4:30,4:35,4:40,4:45,4:50,4:55,5:00,5:05,5:10,5:15,5:20,5:25,5:30,5:35,5:40,5:45,5:50,5:55,6:00,6:05,6:10,6:15,6:20,6:25,6:30,6:35,6:40,6:45,6:50,6:55,7:00,7:05,7:10,7:15,7:20,7:25,7:30,7:35,7:40,7:45,7:50,7:55,8:00,8:05,8:10,8:15,8:20,8:25,8:30,8:35,8:40,8:45,8:50,8:55,9:00,9:05,9:10,9:15,9:20,9:25,9:30,9:35,9:40,9:45,9:50,9:55,10:00,10:05,10:10,10:15,10:20,10:25,10:30,10:35,10:40,10:45,10:50,10:55,11:00,11:05,11:10,11:15,11:20,11:25,11:30,11:35,11:40,11:45,11:50,11:55,12:00,12:05,12:10,12:15,12:20,12:25,12:30,12:35,12:40,12:45,12:50,12:55,13:00,13:05,13:10,13:15,13:20,13:25,13:30,13:35,13:40,13:45,13:50,13:55,14:00,14:05,14:10,14:15,14:20,14:25,14:30,14:35,14:40,14:45,14:50,14:55,15:00,15:05,15:10,15:15,15:20,15:25,15:30,15:35,15:40,15:45,15:50,15:55,16:00,16:05,16:10,16:15,16:20,16:25,16:30,16:35,16:40,16:45,16:50,16:55,17:00,17:05,17:10,17:15,17:20,17:25,17:30,17:35,17:40,17:45,17:50,17:55,18:00,18:05,18:10,18:15,18:20,18:25,18:30,18:35,18:40,18:45,18:50,18:55,19:00,19:05,19:10,19:15,19:20,19:25,19:30,19:35,19:40,19:45,19:50,19:55,20:00,20:05,20:10,20:15,20:20,20:25,20:30,20:35,20:40,20:45,20:50,20:55,21:00,21:05,21:10,21:15,21:20,21:25,21:30,21:35,21:40,21:45,21:50,21:55,22:00,22:05,22:10,22:15,22:20,22:25,22:30,22:35,22:40,22:45,22:50,22:55,23:00,23:05,23:10,23:15,23:20,23:25,23:30,23:35,23:40,23:45,23:50,23:55,Quality,Total
20260517,0.092,0.093,0.093,0.087,0.085,0.085,0.085,0.093,0.093,0.094,0.095,0.095,0.096,0.095,0.096,0.095,0.095,0.095,0.096,0.095,0.096,0.095,0.095,0.095,0.095,0.095,0.096,0.096,0.097,0.096,0.096,0.086,0.086,0.087,0.09,0.096,0.097,0.097,0.096,0.096,0.095,0.096,0.096,0.097,0.097,0.097,0.097,0.097,0.097,0.096,0.097,0.096,0.097,0.096,0.096,0.097,0.096,0.096,0.096,0.09,0.087,0.088,0.087,0.097,0.096,0.096,0.097,0.096,0.097,0.097,0.097,0.096,0.097,0.097,0.099,0.098,0.098,0.099,0.098,0.099,0.1,0.106,0.106,0.104,0.105,0.106,0.106,0.105,0.098,0.095,0.086,0.095,0.104,0.104,0.104,0.106,0.105,0.104,0.104,0.106,0.107,0.106,0.107,0.108,0.109,0.109,0.102,0.101,0.099,0.1,0.102,0.096,0.091,0.083,0.09,0.09,0.092,0.083,0.08,0.081,0.081,0.088,0.088,0.091,0.095,0.095,0.094,0.092,0.091,0.083,0.083,0.085,0.085,0.07,0.067,0.072,0.066,0.076,0.064,0.07,0.064,0.079,0.081,0.082,0.073,0.072,0.073,0.074,0.081,0.08,0.081,0.08,0.081,0.081,0.083,0.083,0.084,0.084,0.086,0.077,0.084,0.086,0.086,0.087,0.085,0.084,0.086,0.085,0.083,0.077,0.08,0.081,0.08,0.088,0.09,0.09,0.089,0.089,0.089,0.09,0.091,0.091,0.091,0.088,0.092,0.089,0.091,0.091,0.092,0.092,0.091,0.09,0.091,0.09,0.075,0.086,0.086,0.084,0.092,0.09,0.088,0.088,0.089,0.085,0.082,0.082,0.081,0.082,0.082,0.081,0.082,0.083,0.082,0.082,0.081,0.074,0.082,0.079,0.084,0.076,0.072,0.072,0.072,0.066,0.082,0.082,0.082,0.083,0.086,0.089,0.088,0.088,0.088,0.087,0.088,0.09,0.09,0.091,0.088,0.09,0.09,0.09,0.089,0.089,0.089,0.087,0.08,0.08,0.075,0.078,0.088,0.088,0.089,0.088,0.088,0.087,0.087,0.088,0.088,0.088,0.088,0.087,0.096,0.096,0.097,0.097,0.097,0.098,0.097,0.096,0.095,0.097,0.096,0.09,0.088,0.088,0.089,0.094,0.097,0.096,0.097,0.096,0.097,0.097,0.097,0.097,0.097,0.096,A,25.964
20260518,0.097,0.096,0.097,0.096,0.097,0.095,0.096,0.096,0.097,0.097,0.096,0.097,0.096,0.092,0.088,0.088,0.087,0.092,0.096,0.095,0.096,0.096,0.096,0.097,0.097,0.097,0.097,0.097,0.097,0.097,0.097,0.097,0.098,0.097,0.097,0.097,0.097,0.097,0.098,0.098,0.097,0.098,0.087,0.088,0.088,0.091,0.098,0.098,0.097,0.097,0.097,0.097,0.097,0.097,0.098,0.098,0.099,0.098,0.097,0.097,0.098,0.099,0.098,0.098,0.098,0.098,0.097,0.098,0.098,0.097,0.09,0.09,0.089,0.094,0.088,0.083,0.084,0.088,0.088,0.088,0.088,0.088,0.098,0.1,0.104,0.106,0.106,0.105,0.095,0.103,0.105,0.106,0.105,0.105,0.105,0.104,0.104,0.103,0.095,0.097,0.097,0.096,0.099,0.099,0.099,0.1,0.1,0.101,0.1,0.104,0.105,0.105,0.105,0.104,0.104,0.106,0.104,0.098,0.097,0.097,0.095,0.095,0.096,0.097,0.096,0.098,0.09,0.088,0.087,0.088,0.096,0.097,0.096,0.096,0.094,0.093,0.094,0.093,0.093,0.088,0.092,0.092,0.091,0.088,0.087,0.088,0.088,0.09,0.088,0.088,0.088,0.088,0.087,0.089,0.08,0.08,0.081,0.081,0.089,0.09,0.089,0.088,0.088,0.089,0.089,0.088,0.087,0.089,0.09,0.09,0.09,0.089,0.089,0.089,0.089,0.091,0.091,0.091,0.09,0.089,0.09,0.087,0.082,0.082,0.082,0.088,0.091,0.091,0.091,0.09,0.091,0.092,0.09,0.091,0.091,0.09,0.091,0.092,0.092,0.088,0.085,0.084,0.083,0.083,0.083,0.084,0.084,0.084,0.074,0.073,0.073,0.076,0.078,0.078,0.084,0.084,0.083,0.081,0.081,0.075,0.074,0.074,0.078,0.087,0.087,0.086,0.085,0.087,0.086,0.082,0.086,0.075,0.072,0.069,0.07,0.082,0.088,0.087,0.088,0.087,0.087,0.086,0.085,0.085,0.087,0.08,0.079,0.079,0.081,0.085,0.087,0.086,0.087,0.087,0.086,0.087,0.086,0.087,0.083,0.077,0.078,0.081,0.092,0.096,0.096,0.096,0.096,0.097,0.096,0.097,0.096,0.095,0.096,0.096,0.096,0.096,0.096,0.097,0.096,0.096,0.095,0.097,0.096,0.097,0.097,0.096,0.093,0.087,A,26.400
20260519,0.087,0.087,0.091,0.097,0.097,0.096,0.096,0.097,0.097,0.098,0.098,0.098,0.098,0.097,0.097,0.098,0.098,0.098,0.097,0.098,0.097,0.098,0.098,0.098,0.099,0.098,0.098,0.097,0.088,0.089,0.088,0.091,0.098,0.098,0.098,0.098,0.098,0.097,0.098,0.099,0.098,0.099,0.099,0.099,0.098,0.098,0.099,0.098,0.099,0.098,0.099,0.098,0.099,0.098,0.099,0.099,0.098,0.096,0.089,0.088,0.089,0.093,0.098,0.099,0.099,0.097,0.098,0.099,0.099,0.099,0.1,0.1,0.099,0.1,0.095,0.091,0.098,0.099,0.099,0.1,0.1,0.106,0.106,0.107,0.107,0.106,0.1,0.097,0.099,0.097,0.106,0.106,0.106,0.107,0.103,0.103,0.1,0.102,0.103,0.098,0.102,0.101,0.102,0.1,0.099,0.097,0.098,0.1,0.097,0.099,0.098,0.097,0.096,0.09,0.078,0.077,0.073,0.085,0.093,0.096,0.094,0.094,0.094,0.095,0.094,0.094,0.095,0.094,0.094,0.095,0.094,0.094,0.094,0.095,0.095,0.093,0.092,0.087,0.088,0.088,0.089,0.084,0.079,0.079,0.079,0.082,0.089,0.089,0.089,0.089,0.102,0.109,0.111,0.11,0.101,0.088,0.089,0.09,0.09,0.09,0.088,0.089,0.089,0.09,0.086,0.084,0.082,0.076,0.075,0.076,0.077,0.086,0.087,0.085,0.086,0.086,0.087,0.086,0.087,0.086,0.087,0.087,0.087,0.088,0.088,0.088,0.089,0.089,0.088,0.088,0.088,0.089,0.093,0.091,0.084,0.085,0.085,0.084,0.091,0.085,0.085,0.086,0.085,0.086,0.086,0.086,0.085,0.084,0.084,0.084,0.082,0.073,0.075,0.081,0.072,0.069,0.057,0.077,0.089,0.089,0.083,0.079,0.083,0.081,0.092,0.094,0.091,0.087,0.089,0.088,0.087,0.086,0.086,0.086,0.087,0.087,0.087,0.086,0.087,0.086,0.086,0.086,0.09,0.09,0.091,0.09,0.091,0.09,0.086,0.081,0.081,0.08,0.089,0.091,0.09,0.089,0.09,0.087,0.084,0.085,0.091,0.092,0.09,0.091,0.091,0.091,0.091,0.091,0.092,0.091,0.089,0.1,0.1,0.1,0.1,0.1,0.101,0.096,0.091,0.091,0.091,0.099,0.102,0.101,0.101,0.1,0.101,0.1,A,26.580
20260520,0.1,0.1,0.1,0.101,0.1,0.099,0.101,0.101,0.101,0.101,0.102,0.102,0.102,0.102,0.101,0.102,0.103,0.102,0.102,0.096,0.092,0.091,0.091,0.099,0.102,0.102,0.103,0.102,0.102,0.102,0.101,0.102,0.102,0.103,0.102,0.103,0.103,0.102,0.102,0.102,0.103,0.102,0.103,0.103,0.103,0.102,0.102,0.102,0.103,0.103,0.102,0.103,0.094,0.093,0.092,0.095,0.103,0.102,0.103,0.103,0.102,0.102,0.102,0.102,0.103,0.103,0.102,0.103,0.103,0.103,0.102,0.102,0.103,0.103,0.103,0.102,0.103,0.103,0.1,0.093,0.097,0.102,0.101,0.096,0.089,0.089,0.094,0.097,0.102,0.107,0.108,0.108,0.107,0.104,0.101,0.102,0.107,0.106,0.106,0.108,0.108,0.108,0.108,0.109,0.109,0.109,0.109,0.109,0.108,0.108,0.107,0.107,0.108,0.105,0.097,0.097,0.098,0.103,0.106,0.104,0.106,0.105,0.106,0.106,0.106,0.106,0.106,0.105,0.105,0.106,0.106,0.107,0.099,0.098,0.097,0.095,0.098,0.098,0.1,0.098,0.098,0.096,0.095,0.125,0.127,0.121,0.119,0.117,0.114,0.092,0.091,0.092,0.092,0.098,0.1,0.085,0.076,0.082,0.084,0.095,0.085,0.091,0.089,0.105,0.106,0.106,0.106,0.106,0.107,0.107,0.107,0.107,0.106,0.102,0.096,0.096,0.098,0.101,0.107,0.107,0.107,0.107,0.106,0.107,0.107,0.107,0.107,0.107,0.106,0.107,0.099,0.1,0.101,0.1,0.101,0.1,0.1,0.1,0.1,0.099,0.1,0.098,0.101,0.092,0.076,0.074,0.08,0.09,0.093,0.09,0.086,0.088,0.085,0.072,0.072,0.076,0.08,0.088,0.089,0.089,0.088,0.088,0.088,0.089,0.088,0.089,0.089,0.089,0.09,0.09,0.089,0.086,0.082,0.07,0.075,0.079,0.079,0.087,0.087,0.086,0.086,0.087,0.086,0.087,0.088,0.088,0.086,0.095,0.089,0.078,0.079,0.082,0.1,0.095,0.082,0.082,0.082,0.093,0.094,0.083,0.082,0.083,0.087,0.09,0.077,0.078,0.086,0.088,0.089,0.088,0.088,0.087,0.095,0.097,0.098,0.098,0.097,0.097,0.098,0.097,0.098,0.098,0.098,0.098,0.097,0.098,0.098,0.098,A,28.136
20260521,0.097,0.098,0.097,0.098,0.097,0.097,0.097,0.094,0.088,0.088,0.089,0.096,0.099,0.098,0.099,0.099,0.099,0.1,0.098,0.099,0.098,0.099,0.098,0.099,0.099,0.099,0.099,0.099,0.099,0.099,0.098,0.099,0.098,0.099,0.098,0.099,0.099,0.099,0.098,0.098,0.091,0.089,0.089,0.094,0.1,0.099,0.099,0.099,0.1,0.099,0.1,0.099,0.1,0.099,0.099,0.098,0.098,0.098,0.099,0.099,0.099,0.099,0.098,0.097,0.099,0.099,0.1,0.1,0.1,0.1,0.1,0.1,0.1,0.095,0.091,0.091,0.092,0.099,0.099,0.1,0.1,0.105,0.107,0.107,0.106,0.104,0.111,0.147,0.135,0.117,0.117,0.122,0.11,0.118,0.123,0.103,0.12,0.125,0.11,0.133,0.136,0.138,0.143,0.141,0.143,0.121,0.121,0.119,0.098,0.088,0.096,0.097,0.099,0.099,0.1,0.1,0.1,0.099,0.098,0.097,0.098,0.097,0.098,0.097,0.097,0.097,0.096,0.089,0.088,0.085,0.084,0.084,0.083,0.084,0.083,0.084,0.082,0.082,0.082,0.087,0.09,0.09,0.091,0.091,0.092,0.092,0.092,0.09,0.088,0.102,0.115,0.116,0.113,0.116,0.116,0.093,0.093,0.087,0.079,0.078,0.084,0.111,0.115,0.099,0.084,0.08,0.082,0.091,0.092,0.091,0.093,0.093,0.096,0.098,0.097,0.099,0.098,0.098,0.097,0.096,0.108,0.117,0.113,0.113,0.096,0.096,0.094,0.095,0.095,0.094,0.09,0.081,0.087,0.1,0.109,0.108,0.096,0.096,0.094,0.096,0.097,0.095,0.096,0.087,0.083,0.083,0.084,0.085,0.083,0.083,0.082,0.083,0.081,0.082,0.083,0.082,0.08,0.083,0.08,0.074,0.077,0.078,0.08,0.087,0.088,0.087,0.087,0.088,0.089,0.087,0.087,0.087,0.087,0.087,0.085,0.087,0.087,0.088,0.087,0.088,0.088,0.088,0.086,0.087,0.082,0.078,0.078,0.077,0.08,0.087,0.088,0.087,0.088,0.087,0.081,0.081,0.081,0.08,0.083,0.084,0.085,0.085,0.085,0.085,0.084,0.085,0.085,0.085,0.085,0.084,0.093,0.097,0.094,0.087,0.087,0.088,0.091,0.097,0.098,0.097,0.096,0.098,0.097,0.097,0.098,0.098,0.097,0.097,A,27.562
20260522,0.097,0.097,0.098,0.098,0.098,0.097,0.097,0.097,0.097,0.098,0.098,0.098,0.099,0.098,0.092,0.089,0.09,0.091,0.097,0.099,0.098,0.099,0.098,0.098,0.1,0.099,0.099,0.1,0.099,0.099,0.1,0.1,0.099,0.1,0.1,0.099,0.1,0.099,0.099,0.099,0.1,0.1,0.1,0.099,0.098,0.09,0.09,0.09,0.094,0.1,0.1,0.1,0.099,0.099,0.1,0.1,0.1,0.099,0.098,0.099,0.098,0.099,0.099,0.099,0.1,0.099,0.099,0.1,0.101,0.1,0.099,0.099,0.099,0.098,0.098,0.088,0.088,0.089,0.093,0.098,0.099,0.097,0.104,0.106,0.106,0.105,0.096,0.102,0.106,0.105,0.105,0.105,0.105,0.106,0.106,0.107,0.106,0.105,0.134,0.135,0.137,0.137,0.139,0.14,0.129,0.098,0.095,0.096,0.111,0.125,0.12,0.121,0.122,0.123,0.118,0.098,0.099,0.098,0.098,0.099,0.098,0.114,0.119,0.119,0.114,0.098,0.099,0.093,0.09,0.089,0.092,0.101,0.105,0.085,0.066,0.074,0.065,0.078,0.077,0.075,0.082,0.089,0.09,0.092,0.104,0.11,0.113,0.096,0.095,0.096,0.097,0.096,0.097,0.097,0.098,0.096,0.091,0.093,0.098,0.09,0.087,0.088,0.089,0.096,0.097,0.101,0.112,0.116,0.101,0.097,0.098,0.097,0.098,0.098,0.098,0.098,0.098,0.098,0.097,0.097,0.099,0.098,0.099,0.1,0.098,0.098,0.098,0.093,0.089,0.089,0.09,0.092,0.088,0.099,0.098,0.098,0.097,0.099,0.1,0.098,0.098,0.095,0.093,0.088,0.076,0.07,0.08,0.08,0.08,0.08,0.079,0.079,0.081,0.08,0.08,0.079,0.066,0.059,0.058,0.065,0.071,0.079,0.082,0.087,0.082,0.084,0.086,0.086,0.088,0.089,0.088,0.089,0.089,0.091,0.089,0.086,0.089,0.089,0.092,0.102,0.085,0.082,0.085,0.084,0.08,0.081,0.081,0.087,0.091,0.091,0.09,0.091,0.09,0.089,0.089,0.09,0.09,0.091,0.091,0.091,0.09,0.091,0.092,0.092,0.092,0.091,0.09,0.099,0.099,0.098,0.099,0.096,0.09,0.09,0.089,0.095,0.099,0.1,0.1,0.1,0.1,0.099,0.099,0.099,0.099,0.1,0.099,0.099,A,27.641
20260523,0.099,0.099,0.098,0.099,0.099,0.099,0.099,0.1,0.099,0.099,0.099,0.099,0.097,0.091,0.091,0.091,0.096,0.101,0.099,0.099,0.099,0.1,0.1,0.101,0.101,0.1,0.1,0.101,0.101,0.101,0.1,0.101,0.101,0.101,0.101,0.1,0.101,0.102,0.101,0.102,0.102,0.101,0.094,0.091,0.092,0.092,0.102,0.102,0.102,0.102,0.101,0.102,0.102,0.102,0.102,0.102,0.102,0.102,0.102,0.102,0.101,0.103,0.102,0.103,0.102,0.102,0.101,0.102,0.102,0.103,0.102,0.102,0.096,0.093,0.093,0.094,0.102,0.103,0.098,0.095,0.095,0.096,0.101,0.102,0.103,0.104,0.103,0.103,0.097,0.104,0.108,0.109,0.108,0.108,0.11,0.108,0.109,0.108,0.109,0.109,0.111,0.11,0.105,0.101,0.102,0.103,0.108,0.107,0.107,0.108,0.106,0.107,0.106,0.1,0.099,0.101,0.099,0.101,0.105,0.107,0.105,0.106,0.101,0.098,0.099,0.099,0.093,0.095,0.094,0.094,0.093,0.089,0.083,0.081,0.091,0.084,0.068,0.079,0.098,0.076,0.075,0.069,0.074,0.105,0.101,0.093,0.111,0.107,0.106,0.109,0.111,0.111,0.11,0.105,0.092,0.092,0.094,0.112,0.109,0.084,0.081,0.082,0.082,0.089,0.095,0.117,0.116,0.106,0.096,0.096,0.096,0.096,0.096,0.095,0.096,0.095,0.096,0.097,0.096,0.097,0.098,0.098,0.098,0.098,0.098,0.097,0.089,0.088,0.089,0.089,0.098,0.098,0.098,0.098,0.098,0.098,0.096,0.096,0.096,0.096,0.096,0.094,0.091,0.088,0.088,0.088,0.088,0.089,0.088,0.089,0.089,0.088,0.086,0.083,0.08,0.075,0.064,0.075,0.081,0.085,0.085,0.085,0.086,0.087,0.086,0.086,0.086,0.087,0.084,0.089,0.09,0.09,0.091,0.09,0.09,0.09,0.09,0.09,0.09,0.09,0.083,0.079,0.078,0.078,0.084,0.088,0.088,0.086,0.086,0.086,0.086,0.087,0.087,0.086,0.086,0.102,0.101,0.084,0.083,0.082,0.083,0.086,0.085,0.097,0.09,0.088,0.087,0.085,0.085,0.083,0.074,0.088,0.09,0.093,0.099,0.098,0.099,0.098,0.099,0.099,0.099,0.099,0.099,0.098,0.098,0.098,0.098,0.099,A,27.563
20260524,0.098,0.098,0.097,0.097,0.097,0.098,0.098,0.099,0.099,0.1,0.098,0.095,0.089,0.09,0.09,0.097,0.1,0.1,0.1,0.099,0.1,0.101,0.1,0.101,0.1,0.1,0.1,0.1,0.101,0.101,0.101,0.102,0.101,0.101,0.1,0.1,0.101,0.102,0.101,0.102,0.102,0.098,0.092,0.091,0.092,0.098,0.102,0.101,0.102,0.101,0.101,0.101,0.102,0.102,0.102,0.101,0.102,0.101,0.101,0.101,0.102,0.102,0.102,0.102,0.101,0.101,0.102,0.101,0.102,0.102,0.102,0.102,0.097,0.093,0.092,0.093,0.1,0.103,0.103,0.102,0.103,0.102,0.1,0.098,0.102,0.102,0.104,0.104,0.104,0.111,0.102,0.107,0.11,0.11,0.11,0.11,0.11,0.108,0.109,0.111,0.111,0.108,0.102,0.098,0.093,0.1,0.107,0.11,0.11,0.109,0.11,0.109,0.109,0.109,0.108,0.107,0.108,0.108,0.108,0.106,0.105,0.105,0.104,0.105,0.105,0.105,0.097,0.098,0.091,0.084,0.085,0.08,0.082,0.083,0.084,0.093,0.094,0.078,0.07,0.079,0.08,0.087,0.076,0.08,0.075,0.087,0.092,0.092,0.092,0.093,0.092,0.093,0.092,0.092,0.092,0.086,0.084,0.086,0.086,0.087,0.087,0.097,0.095,0.098,0.097,0.095,0.091,0.094,0.093,0.095,0.095,0.094,0.094,0.093,0.095,0.099,0.099,0.1,0.101,0.101,0.102,0.095,0.092,0.091,0.092,0.096,0.101,0.102,0.101,0.093,0.098,0.098,0.1,0.1,0.1,0.101,0.101,0.098,0.097,0.097,0.098,0.097,0.09,0.089,0.09,0.086,0.08,0.079,0.077,0.078,0.082,0.085,0.083,0.073,0.074,0.072,0.087,0.09,0.091,0.091,0.087,0.088,0.089,0.088,0.088,0.085,0.084,0.077,0.074,0.074,0.078,0.086,0.087,0.088,0.088,0.089,0.089,0.089,0.089,0.087,0.086,0.088,0.094,0.101,0.081,0.08,0.082,0.083,0.082,0.083,0.084,0.084,0.084,0.083,0.074,0.074,0.076,0.089,0.097,0.097,0.098,0.098,0.097,0.097,0.096,0.096,0.098,0.098,0.097,0.096,0.097,0.095,0.096,0.095,0.095,0.096,0.097,0.096,0.096,0.097,0.096,0.089,0.087,0.088,0.088,0.097,0.097,0.097,A,27.405
20260525,0.096,0.097,0.098,0.097,0.098,0.097,0.097,0.098,0.098,0.097,0.098,0.099,0.098,0.099,0.099,0.099,0.098,0.099,0.098,0.099,0.099,0.093,0.089,0.09,0.089,0.097,0.097,0.097,0.097,0.098,0.097,0.097,0.096,0.097,0.097,0.098,0.098,0.097,0.098,0.097,0.097,0.098,0.097,0.098,0.098,0.097,0.098,0.098,0.098,0.097,0.088,0.088,0.089,0.09,0.098,0.096,0.097,0.097,0.097,0.098,0.097,0.098,0.098,0.099,0.098,0.098,0.098,0.098,0.099,0.099,0.1,0.099,0.099,0.099,0.098,0.098,0.098,0.098,0.099,0.093,0.089,0.093,0.096,0.105,0.106,0.098,0.105,0.105,0.106,0.105,0.106,0.107,0.106,0.107,0.105,0.104,0.105,0.104,0.103,0.107,0.107,0.107,0.107,0.106,0.107,0.107,0.102,0.101,0.095,0.09,0.095,0.094,0.099,0.103,0.104,0.105,0.103,0.103,0.106,0.105,0.104,0.098,0.095,0.096,0.092,0.097,0.094,0.095,0.096,0.097,0.093,0.084,0.075,0.069,0.084,0.075,0.073,0.072,0.066,0.07,0.092,0.091,0.088,0.092,0.091,0.092,0.093,0.091,0.091,0.086,0.097,0.098,0.098,0.096,0.091,0.098,0.099,0.098,0.098,0.098,0.097,0.09,0.091,0.09,0.09,0.097,0.098,0.097,0.098,0.098,0.099,0.099,0.099,0.099,0.099,0.098,0.101,0.105,0.104,0.105,0.106,0.106,0.106,0.106,0.106,0.106,0.107,0.097,0.097,0.096,0.087,0.103,0.105,0.106,0.105,0.106,0.106,0.105,0.106,0.106,0.105,0.103,0.095,0.079,0.08,0.081,0.08,0.08,0.079,0.08,0.08,0.08,0.079,0.072,0.07,0.075,0.071,0.085,0.089,0.089,0.089,0.089,0.089,0.089,0.085,0.086,0.085,0.086,0.086,0.086,0.087,0.089,0.088,0.09,0.09,0.089,0.09,0.089,0.09,0.086,0.08,0.08,0.081,0.081,0.082,0.081,0.083,0.083,0.084,0.085,0.085,0.086,0.086,0.086,0.086,0.085,0.086,0.086,0.085,0.086,0.085,0.087,0.086,0.087,0.085,0.086,0.087,0.097,0.088,0.089,0.088,0.089,0.097,0.097,0.097,0.097,0.097,0.097,0.098,0.098,0.099,0.097,0.097,0.097,0.098,0.099,0.098,0.098,A,27.189
20260526,0.099,0.097,0.098,0.098,0.097,0.098,0.098,0.098,0.093,0.09,0.089,0.09,0.094,0.1,0.1,0.099,0.101,0.101,0.099,0.099,0.099,0.099,0.1,0.099,0.099,0.099,0.1,0.099,0.099,0.1,0.1,0.1,0.1,0.1,0.1,0.099,0.1,0.094,0.091,0.091,0.092,0.098,0.101,0.1,0.101,0.1,0.101,0.101,0.101,0.1,0.101,0.101,0.101,0.101,0.1,0.101,0.1,0.1,0.1,0.1,0.1,0.099,0.1,0.1,0.1,0.1,0.099,0.094,0.09,0.091,0.091,0.099,0.1,0.093,0.098,0.098,0.1,0.101,0.1,0.101,0.102,0.102,0.102,0.102,0.097,0.107,0.11,0.109,0.109,0.109,0.108,0.109,0.109,0.109,0.108,0.108,0.1,0.098,0.098,0.1,0.108,0.111,0.11,0.109,0.11,0.108,0.102,0.102,0.095,0.097,0.095,0.098,0.101,0.1,0.102,0.1,0.098,0.098,0.098,0.097,0.097,0.097,0.092,0.09,0.086,0.084,0.088,0.092,0.096,0.097,0.093,0.091,0.091,0.092,0.078,0.073,0.084,0.082,0.088,0.083,0.082,0.074,0.083,0.092,0.09,0.092,0.09,0.086,0.086,0.087,0.089,0.08,0.08,0.079,0.078,0.088,0.092,0.093,0.092,0.093,0.093,0.092,0.092,0.091,0.092,0.091,0.09,0.091,0.092,0.092,0.093,0.092,0.093,0.088,0.093,0.096,0.096,0.086,0.088,0.091,0.091,0.097,0.1,0.101,0.101,0.102,0.101,0.101,0.101,0.099,0.095,0.094,0.101,0.101,0.102,0.102,0.097,0.102,0.1,0.093,0.091,0.092,0.091,0.082,0.081,0.081,0.08,0.087,0.087,0.089,0.089,0.088,0.089,0.088,0.089,0.089,0.088,0.089,0.09,0.09,0.093,0.094,0.095,0.093,0.086,0.081,0.081,0.081,0.083,0.091,0.09,0.09,0.092,0.091,0.092,0.092,0.093,0.092,0.093,0.093,0.092,0.091,0.092,0.091,0.093,0.092,0.092,0.093,0.092,0.09,0.084,0.084,0.075,0.077,0.084,0.085,0.086,0.087,0.087,0.087,0.088,0.088,0.087,0.087,0.087,0.088,0.1,0.1,0.098,0.099,0.099,0.098,0.098,0.098,0.098,0.099,0.089,0.089,0.089,0.09,0.099,0.098,0.099,0.098,0.099,0.099,0.1,0.099,A,27.268
20260527,0.099,0.099,0.099,0.1,0.1,0.099,0.099,0.1,0.1,0.1,0.099,0.101,0.101,0.101,0.102,0.094,0.092,0.091,0.092,0.098,0.102,0.101,0.101,0.102,0.101,0.102,0.101,0.102,0.103,0.102,0.103,0.102,0.102,0.102,0.102,0.101,0.101,0.101,0.1,0.101,0.1,0.1,0.1,0.094,0.091,0.091,0.091,0.099,0.101,0.1,0.101,0.101,0.101,0.1,0.101,0.101,0.099,0.1,0.1,0.1,0.102,0.101,0.1,0.102,0.101,0.1,0.101,0.101,0.101,0.102,0.102,0.098,0.092,0.091,0.091,0.096,0.101,0.101,0.101,0.101,0.099,0.094,0.097,0.104,0.109,0.11,0.109,0.108,0.107,0.097,0.106,0.106,0.106,0.108,0.108,0.108,0.107,0.106,0.105,0.108,0.104,0.1,0.095,0.092,0.099,0.1,0.102,0.105,0.1,0.099,0.099,0.098,0.098,0.099,0.097,0.094,0.097,0.099,0.105,0.104,0.103,0.104,0.104,0.104,0.103,0.103,0.103,0.103,0.094,0.085,0.088,0.079,0.069,0.082,0.091,0.085,0.089,0.086,0.077,0.077,0.094,0.093,0.093,0.094,0.093,0.093,0.09,0.093,0.092,0.094,0.084,0.089,0.092,0.089,0.085,0.086,0.086,0.085,0.085,0.085,0.089,0.094,0.094,0.093,0.093,0.094,0.094,0.093,0.094,0.094,0.093,0.093,0.094,0.093,0.093,0.094,0.095,0.095,0.095,0.094,0.091,0.086,0.087,0.085,0.087,0.095,0.097,0.096,0.097,0.097,0.097,0.097,0.09,0.092,0.097,0.096,0.097,0.096,0.095,0.097,0.095,0.092,0.087,0.089,0.088,0.088,0.081,0.077,0.077,0.076,0.081,0.085,0.086,0.087,0.086,0.087,0.086,0.086,0.086,0.085,0.088,0.088,0.087,0.085,0.084,0.083,0.086,0.085,0.084,0.083,0.085,0.085,0.088,0.086,0.079,0.078,0.079,0.081,0.089,0.088,0.085,0.08,0.08,0.082,0.082,0.083,0.084,0.084,0.084,0.084,0.083,0.082,0.089,0.09,0.098,0.098,0.099,0.097,0.099,0.098,0.098,0.093,0.089,0.089,0.088,0.093,0.097,0.098,0.101,0.098,0.098,0.098,0.098,0.097,0.098,0.098,0.098,0.099,0.098,0.097,0.098,0.097,0.098,0.098,0.098,0.098,0.097,0.097,A,27.270
20260528,0.097,0.094,0.088,0.089,0.089,0.093,0.098,0.098,0.098,0.099,0.099,0.099,0.098,0.099,0.099,0.099,0.099,0.1,0.099,0.099,0.099,0.098,0.099,0.1,0.1,0.1,0.1,0.098,0.098,0.099,0.099,0.096,0.089,0.09,0.09,0.092,0.1,0.1,0.1,0.1,0.1,0.099,0.099,0.1,0.1,0.1,0.1,0.1,0.1,0.1,0.1,0.1,0.1,0.1,0.1,0.1,0.1,0.099,0.099,0.1,0.096,0.091,0.091,0.091,0.096,0.1,0.101,0.101,0.101,0.101,0.101,0.103,0.101,0.103,0.101,0.102,0.102,0.101,0.1,0.1,0.102,0.103,0.102,0.107,0.108,0.109,0.098,0.108,0.108,0.108,0.1,0.099,0.098,0.101,0.107,0.107,0.106,0.107,0.107,0.11,0.11,0.109,0.109,0.102,0.103,0.103,0.104,0.104,0.101,0.1,0.101,0.104,0.108,0.106,0.109,0.109,0.108,0.107,0.102,0.101,0.098,0.099,0.098,0.101,0.107,0.107,0.107,0.108,0.109,0.108,0.108,0.108,0.102,0.081,0.074,0.087,0.077,0.084,0.08,0.077,0.08,0.086,0.091,0.094,0.095,0.096,0.095,0.096,0.089,0.087,0.084,0.085,0.093,0.091,0.083,0.095,0.098,0.096,0.094,0.094,0.096,0.095,0.094,0.092,0.093,0.094,0.093,0.093,0.094,0.093,0.093,0.093,0.094,0.093,0.096,0.09,0.089,0.088,0.089,0.096,0.1,0.099,0.1,0.1,0.099,0.099,0.099,0.1,0.1,0.099,0.099,0.1,0.099,0.093,0.093,0.1,0.1,0.1,0.101,0.1,0.1,0.096,0.091,0.084,0.083,0.083,0.082,0.09,0.091,0.09,0.09,0.089,0.085,0.086,0.082,0.087,0.091,0.092,0.093,0.092,0.091,0.091,0.091,0.09,0.092,0.091,0.085,0.082,0.083,0.081,0.089,0.093,0.093,0.092,0.093,0.092,0.093,0.093,0.093,0.093,0.092,0.092,0.092,0.093,0.09,0.096,0.089,0.081,0.086,0.086,0.088,0.088,0.089,0.078,0.078,0.078,0.079,0.086,0.088,0.088,0.088,0.088,0.087,0.086,0.087,0.088,0.088,0.087,0.101,0.101,0.099,0.1,0.1,0.1,0.101,0.1,0.1,0.1,0.1,0.101,0.1,0.101,0.095,0.091,0.091,0.091,0.098,0.101,A,27.619
20260529,0.101,0.101,0.101,0.1,0.101,0.1,0.1,0.1,0.101,0.101,0.1,0.102,0.102,0.101,0.103,0.102,0.101,0.102,0.1,0.101,0.101,0.102,0.102,0.1,0.092,0.092,0.091,0.095,0.101,0.102,0.102,0.102,0.102,0.101,0.102,0.102,0.102,0.102,0.102,0.102,0.101,0.101,0.101,0.102,0.102,0.103,0.103,0.102,0.102,0.102,0.102,0.102,0.102,0.1,0.093,0.092,0.092,0.095,0.102,0.102,0.102,0.103,0.101,0.102,0.101,0.102,0.102,0.104,0.103,0.104,0.104,0.103,0.103,0.103,0.104,0.103,0.103,0.103,0.102,0.102,0.103,0.102,0.103,0.104,0.096,0.089,0.08,0.087,0.107,0.109,0.108,0.107,0.108,0.109,0.108,0.109,0.109,0.109,0.109,0.111,0.112,0.111,0.111,0.111,0.111,0.111,0.111,0.112,0.104,0.104,0.104,0.105,0.105,0.101,0.101,0.092,0.09,0.087,0.088,0.094,0.093,0.094,0.094,0.094,0.094,0.094,0.095,0.091,0.09,0.09,0.087,0.067,0.065,0.079,0.069,0.083,0.073,0.068,0.072,0.084,0.088,0.092,0.092,0.093,0.093,0.089,0.084,0.083,0.083,0.088,0.093,0.092,0.092,0.092,0.092,0.092,0.092,0.091,0.092,0.092,0.093,0.096,0.097,0.097,0.096,0.096,0.097,0.097,0.098,0.097,0.097,0.096,0.097,0.096,0.097,0.094,0.089,0.089,0.089,0.093,0.098,0.098,0.099,0.098,0.1,0.098,0.097,0.097,0.097,0.099,0.098,0.098,0.1,0.097,0.097,0.088,0.099,0.097,0.096,0.096,0.096,0.095,0.096,0.096,0.087,0.08,0.079,0.08,0.082,0.087,0.088,0.087,0.087,0.086,0.082,0.085,0.087,0.088,0.088,0.088,0.089,0.085,0.083,0.086,0.085,0.085,0.086,0.088,0.088,0.09,0.089,0.08,0.079,0.078,0.079,0.087,0.089,0.09,0.09,0.088,0.088,0.089,0.089,0.092,0.108,0.095,0.079,0.09,0.102,0.088,0.087,0.089,0.101,0.094,0.087,0.088,0.087,0.093,0.103,0.079,0.078,0.079,0.084,0.089,0.088,0.089,0.088,0.097,0.099,0.099,0.098,0.096,0.096,0.096,0.097,0.097,0.097,0.097,0.096,0.097,0.098,0.097,0.098,0.097,0.098,0.096,0.097,0.097,A,27.454
20260530,0.096,0.089,0.088,0.088,0.09,0.097,0.097,0.098,0.098,0.097,0.097,0.097,0.098,0.098,0.098,0.099,0.098,0.099,0.098,0.097,0.098,0.098,0.098,0.098,0.098,0.098,0.099,0.098,0.098,0.099,0.098,0.098,0.098,0.089,0.089,0.089,0.093,0.098,0.099,0.099,0.099,0.1,0.1,0.1,0.099,0.099,0.099,0.1,0.1,0.1,0.1,0.099,0.099,0.1,0.1,0.1,0.1,0.1,0.099,0.1,0.1,0.099,0.1,0.1,0.1,0.099,0.099,0.09,0.09,0.091,0.094,0.101,0.1,0.1,0.099,0.093,0.101,0.1,0.1,0.1,0.104,0.104,0.106,0.107,0.108,0.107,0.106,0.106,0.099,0.103,0.107,0.106,0.106,0.102,0.106,0.105,0.134,0.145,0.13,0.126,0.125,0.116,0.097,0.115,0.133,0.144,0.153,0.154,0.154,0.154,0.151,0.141,0.125,0.125,0.126,0.127,0.126,0.131,0.128,0.126,0.123,0.112,0.09,0.089,0.088,0.085,0.087,0.087,0.088,0.089,0.089,0.079,0.08,0.078,0.08,0.082,0.09,0.087,0.087,0.087,0.087,0.088,0.087,0.088,0.097,0.121,0.122,0.125,0.127,0.127,0.123,0.109,0.086,0.094,0.11,0.112,0.114,0.112,0.103,0.103,0.086,0.083,0.084,0.093,0.107,0.118,0.117,0.113,0.093,0.096,0.094,0.096,0.093,0.093,0.093,0.094,0.095,0.094,0.094,0.094,0.094,0.094,0.095,0.094,0.094,0.093,0.086,0.084,0.084,0.085,0.09,0.093,0.094,0.089,0.09,0.096,0.095,0.095,0.095,0.096,0.096,0.096,0.091,0.088,0.087,0.088,0.087,0.086,0.081,0.084,0.093,0.093,0.087,0.088,0.088,0.092,0.098,0.099,0.098,0.098,0.098,0.097,0.098,0.098,0.098,0.097,0.095,0.092,0.09,0.093,0.094,0.095,0.095,0.095,0.096,0.095,0.096,0.095,0.096,0.088,0.085,0.086,0.086,0.095,0.095,0.095,0.095,0.095,0.112,0.123,0.108,0.093,0.111,0.098,0.082,0.088,0.099,0.093,0.09,0.098,0.106,0.093,0.09,0.091,0.091,0.091,0.091,0.091,0.085,0.09,0.09,0.091,0.099,0.099,0.099,0.098,0.099,0.1,0.099,0.1,0.1,0.1,0.099,0.1,0.1,0.099,0.1,0.099,A,28.680
20260531,0.099,0.099,0.1,0.1,0.1,0.1,0.099,0.099,0.099,0.099,0.096,0.091,0.09,0.091,0.098,0.101,0.101,0.1,0.099,0.101,0.1,0.1,0.101,0.1,0.1,0.1,0.101,0.101,0.101,0.1,0.101,0.101,0.102,0.101,0.101,0.1,0.101,0.101,0.1,0.101,0.1,0.102,0.098,0.092,0.092,0.091,0.099,0.101,0.102,0.102,0.102,0.103,0.101,0.102,0.101,0.101,0.101,0.102,0.101,0.102,0.101,0.101,0.101,0.101,0.102,0.101,0.102,0.101,0.101,0.101,0.101,0.102,0.102,0.102,0.102,0.102,0.095,0.092,0.093,0.095,0.106,0.108,0.112,0.11,0.111,0.099,0.098,0.099,0.107,0.109,0.109,0.108,0.108,0.102,0.102,0.102,0.101,0.101,0.101,0.102,0.103,0.104,0.104,0.102,0.117,0.156,0.14,0.125,0.121,0.1,0.104,0.103,0.127,0.139,0.148,0.15,0.152,0.152,0.152,0.133,0.126,0.127,0.125,0.113,0.103,0.104,0.105,0.104,0.105,0.105,0.105,0.09,0.088,0.08,0.096,0.09,0.086,0.077,0.064,0.072,0.078,0.083,0.097,0.098,0.098,0.097,0.096,0.098,0.097,0.095,0.092,0.09,0.092,0.092,0.094,0.091,0.092,0.093,0.092,0.088,0.091,0.091,0.091,0.092,0.094,0.098,0.099,0.093,0.088,0.089,0.088,0.091,0.098,0.098,0.098,0.098,0.104,0.105,0.105,0.104,0.105,0.105,0.105,0.106,0.106,0.106,0.107,0.105,0.105,0.106,0.105,0.105,0.104,0.096,0.1,0.103,0.102,0.099,0.094,0.093,0.092,0.097,0.1,0.095,0.094,0.093,0.093,0.086,0.086,0.08,0.075,0.077,0.076,0.073,0.07,0.069,0.073,0.081,0.083,0.083,0.081,0.081,0.079,0.077,0.076,0.077,0.069,0.069,0.071,0.072,0.08,0.083,0.087,0.087,0.087,0.087,0.087,0.087,0.088,0.088,0.088,0.088,0.088,0.087,0.087,0.086,0.088,0.103,0.11,0.081,0.087,0.093,0.096,0.092,0.083,0.097,0.086,0.073,0.081,0.094,0.085,0.082,0.097,0.095,0.082,0.083,0.083,0.082,0.081,0.081,0.081,0.081,0.094,0.094,0.095,0.094,0.096,0.094,0.095,0.095,0.095,0.095,0.095,0.095,0.095,0.096,0.095,0.094,A,27.992
20260601,0.091,0.085,0.085,0.086,0.093,0.094,0.096,0.094,0.096,0.095,0.096,0.096,0.097,0.096,0.096,0.095,0.096,0.096,0.096,0.096,0.096,0.096,0.096,0.096,0.095,0.096,0.096,0.097,0.097,0.097,0.096,0.096,0.096,0.097,0.096,0.096,0.087,0.087,0.088,0.095,0.097,0.097,0.098,0.098,0.098,0.097,0.098,0.097,0.097,0.097,0.098,0.097,0.098,0.098,0.098,0.097,0.097,0.097,0.097,0.098,0.097,0.097,0.097,0.097,0.096,0.097,0.097,0.096,0.097,0.098,0.096,0.097,0.096,0.089,0.088,0.087,0.091,0.097,0.097,0.097,0.098,0.1,0.102,0.096,0.098,0.105,0.104,0.104,0.104,0.103,0.104,0.103,0.104,0.103,0.102,0.129,0.138,0.118,0.114,0.117,0.118,0.121,0.118,0.112,0.126,0.122,0.124,0.132,0.14,0.14,0.139,0.146,0.147,0.149,0.152,0.152,0.151,0.15,0.156,0.154,0.154,0.155,0.134,0.111,0.103,0.102,0.107,0.122,0.123,0.124,0.124,0.128,0.124,0.122,0.125,0.122,0.124,0.117,0.109,0.107,0.094,0.089,0.076,0.085,0.078,0.089,0.102,0.1,0.113,0.117,0.102,0.097,0.096,0.097,0.096,0.105,0.116,0.112,0.119,0.103,0.098,0.097,0.092,0.096,0.097,0.096,0.099,0.119,0.091,0.086,0.087,0.087,0.092,0.095,0.096,0.095,0.096,0.096,0.097,0.098,0.096,0.097,0.096,0.096,0.092,0.099,0.098,0.1,0.103,0.092,0.103,0.104,0.103,0.104,0.105,0.104,0.105,0.103,0.095,0.093,0.092,0.084,0.081,0.078,0.077,0.086,0.085,0.084,0.084,0.085,0.085,0.085,0.076,0.069,0.076,0.075,0.063,0.075,0.083,0.085,0.085,0.085,0.082,0.083,0.081,0.08,0.079,0.08,0.08,0.082,0.084,0.077,0.073,0.068,0.065,0.08,0.084,0.084,0.084,0.092,0.107,0.095,0.078,0.088,0.089,0.081,0.082,0.094,0.085,0.082,0.083,0.097,0.083,0.082,0.084,0.097,0.082,0.081,0.09,0.101,0.092,0.095,0.111,0.104,0.093,0.088,0.088,0.087,0.093,0.096,0.096,0.095,0.094,0.095,0.094,0.095,0.094,0.095,0.094,0.095,0.095,0.094,0.094,0.094,0.095,0.094,0.095,0.094,A,28.466
20260602,0.094,0.095,0.094,0.094,0.095,0.094,0.095,0.095,0.095,0.095,0.095,0.091,0.085,0.086,0.086,0.095,0.096,0.097,0.096,0.095,0.095,0.096,0.095,0.096,0.097,0.097,0.096,0.096,0.097,0.096,0.097,0.097,0.097,0.097,0.097,0.097,0.096,0.096,0.097,0.097,0.097,0.096,0.097,0.097,0.097,0.096,0.097,0.09,0.087,0.088,0.089,0.097,0.097,0.097,0.096,0.097,0.097,0.096,0.097,0.097,0.097,0.096,0.096,0.095,0.096,0.097,0.096,0.096,0.097,0.096,0.096,0.096,0.096,0.096,0.096,0.095,0.095,0.095,0.094,0.095,0.095,0.096,0.103,0.099,0.093,0.086,0.094,0.093,0.098,0.102,0.103,0.102,0.102,0.101,0.103,0.104,0.114,0.146,0.135,0.122,0.121,0.12,0.114,0.109,0.112,0.115,0.108,0.11,0.121,0.116,0.104,0.121,0.12,0.109,0.114,0.12,0.108,0.105,0.129,0.091,0.103,0.109,0.097,0.111,0.118,0.102,0.112,0.118,0.102,0.114,0.106,0.091,0.116,0.13,0.129,0.131,0.131,0.123,0.128,0.141,0.112,0.112,0.112,0.112,0.112,0.113,0.115,0.111,0.11,0.107,0.102,0.101,0.105,0.104,0.109,0.11,0.104,0.109,0.113,0.11,0.109,0.109,0.11,0.112,0.114,0.108,0.107,0.089,0.091,0.092,0.093,0.093,0.093,0.092,0.093,0.093,0.094,0.095,0.094,0.089,0.085,0.081,0.078,0.082,0.09,0.09,0.09,0.091,0.089,0.089,0.089,0.089,0.084,0.095,0.095,0.095,0.095,0.096,0.094,0.095,0.094,0.095,0.092,0.086,0.087,0.088,0.088,0.087,0.088,0.082,0.079,0.079,0.076,0.071,0.07,0.07,0.075,0.08,0.081,0.08,0.079,0.083,0.084,0.085,0.083,0.081,0.082,0.081,0.082,0.084,0.086,0.086,0.085,0.085,0.084,0.084,0.085,0.082,0.077,0.076,0.076,0.079,0.085,0.086,0.085,0.087,0.086,0.086,0.085,0.085,0.09,0.119,0.09,0.079,0.096,0.095,0.085,0.084,0.099,0.097,0.088,0.088,0.091,0.101,0.087,0.089,0.089,0.088,0.081,0.087,0.087,0.088,0.096,0.098,0.097,0.098,0.098,0.098,0.098,0.098,0.098,0.097,0.097,0.097,0.097,0.097,0.098,0.097,A,27.929
20260603,0.096,0.097,0.097,0.096,0.098,0.097,0.098,0.097,0.097,0.097,0.097,0.098,0.09,0.089,0.09,0.09,0.098,0.098,0.097,0.097,0.097,0.099,0.099,0.098,0.099,0.099,0.099,0.099,0.099,0.1,0.098,0.099,0.099,0.099,0.099,0.099,0.098,0.098,0.099,0.099,0.1,0.099,0.1,0.1,0.099,0.099,0.099,0.098,0.09,0.089,0.09,0.093,0.099,0.099,0.098,0.099,0.1,0.099,0.099,0.099,0.099,0.099,0.098,0.099,0.099,0.099,0.099,0.1,0.1,0.099,0.1,0.1,0.099,0.099,0.098,0.099,0.099,0.098,0.099,0.098,0.091,0.1,0.104,0.107,0.106,0.144,0.114,0.103,0.106,0.103,0.125,0.111,0.115,0.114,0.11,0.122,0.121,0.109,0.105,0.119,0.114,0.109,0.113,0.113,0.121,0.137,0.146,0.149,0.155,0.156,0.152,0.139,0.122,0.122,0.122,0.124,0.123,0.121,0.112,0.113,0.113,0.116,0.121,0.125,0.113,0.103,0.104,0.104,0.104,0.104,0.102,0.104,0.102,0.103,0.102,0.08,0.07,0.073,0.084,0.087,0.085,0.085,0.079,0.086,0.097,0.098,0.098,0.087,0.087,0.087,0.088,0.094,0.096,0.095,0.088,0.091,0.095,0.094,0.097,0.096,0.094,0.096,0.097,0.095,0.096,0.096,0.095,0.095,0.096,0.095,0.097,0.096,0.095,0.095,0.093,0.095,0.095,0.087,0.087,0.087,0.088,0.095,0.097,0.098,0.097,0.099,0.099,0.098,0.099,0.097,0.096,0.094,0.096,0.098,0.099,0.098,0.099,0.097,0.098,0.098,0.091,0.095,0.095,0.09,0.089,0.09,0.089,0.089,0.084,0.08,0.08,0.077,0.082,0.086,0.086,0.077,0.073,0.087,0.087,0.089,0.085,0.085,0.085,0.086,0.085,0.086,0.083,0.081,0.082,0.082,0.081,0.084,0.086,0.085,0.085,0.086,0.085,0.085,0.086,0.085,0.081,0.089,0.083,0.074,0.082,0.083,0.092,0.1,0.084,0.083,0.083,0.083,0.09,0.102,0.085,0.092,0.099,0.097,0.098,0.098,0.098,0.098,0.098,0.098,0.097,0.095,0.098,0.098,0.098,0.097,0.097,0.092,0.087,0.087,0.087,0.094,0.097,0.097,0.097,0.096,0.096,0.098,0.097,0.098,0.099,0.098,0.097,0.097,A,28.136
20260604,0.097,0.098,0.098,0.098,0.098,0.098,0.097,0.098,0.098,0.099,0.098,0.098,0.098,0.098,0.099,0.099,0.095,0.089,0.089,0.089,0.095,0.098,0.097,0.099,0.099,0.099,0.099,0.098,0.097,0.099,0.099,0.099,0.099,0.1,0.099,0.099,0.098,0.099,0.099,0.1,0.099,0.099,0.099,0.099,0.098,0.099,0.1,0.099,0.1,0.1,0.095,0.089,0.088,0.09,0.097,0.1,0.099,0.099,0.098,0.099,0.098,0.099,0.099,0.1,0.099,0.1,0.098,0.099,0.098,0.1,0.101,0.099,0.1,0.099,0.1,0.098,0.099,0.099,0.099,0.1,0.102,0.103,0.105,0.106,0.108,0.104,0.098,0.097,0.086,0.101,0.121,0.149,0.132,0.117,0.116,0.123,0.119,0.105,0.104,0.118,0.104,0.106,0.129,0.117,0.107,0.105,0.113,0.115,0.134,0.138,0.14,0.135,0.143,0.142,0.142,0.142,0.138,0.119,0.113,0.113,0.112,0.117,0.121,0.121,0.099,0.1,0.112,0.121,0.121,0.119,0.12,0.111,0.102,0.103,0.096,0.097,0.086,0.084,0.093,0.083,0.095,0.086,0.085,0.099,0.123,0.121,0.106,0.093,0.093,0.093,0.095,0.102,0.102,0.104,0.098,0.099,0.095,0.085,0.101,0.116,0.113,0.104,0.096,0.096,0.094,0.094,0.095,0.094,0.095,0.097,0.096,0.097,0.095,0.096,0.096,0.095,0.087,0.086,0.088,0.088,0.098,0.096,0.096,0.097,0.097,0.097,0.094,0.096,0.096,0.096,0.087,0.097,0.096,0.096,0.097,0.096,0.098,0.098,0.098,0.098,0.097,0.097,0.092,0.088,0.088,0.089,0.083,0.077,0.077,0.076,0.079,0.1,0.084,0.086,0.084,0.085,0.081,0.085,0.085,0.085,0.085,0.086,0.085,0.086,0.086,0.085,0.082,0.082,0.082,0.083,0.082,0.081,0.082,0.082,0.085,0.077,0.077,0.077,0.075,0.095,0.094,0.079,0.078,0.078,0.085,0.097,0.082,0.081,0.083,0.089,0.097,0.084,0.082,0.082,0.09,0.098,0.086,0.086,0.087,0.11,0.102,0.095,0.096,0.102,0.099,0.095,0.096,0.094,0.088,0.084,0.084,0.085,0.094,0.094,0.094,0.094,0.095,0.095,0.094,0.095,0.095,0.094,0.095,0.094,0.094,0.095,0.094,0.094,A,28.227
20260605,0.093,0.095,0.093,0.095,0.093,0.094,0.095,0.094,0.094,0.095,0.094,0.095,0.095,0.095,0.094,0.086,0.086,0.086,0.091,0.095,0.095,0.095,0.097,0.096,0.097,0.097,0.096,0.096,0.097,0.096,0.097,0.097,0.097,0.097,0.097,0.096,0.097,0.097,0.097,0.098,0.097,0.097,0.097,0.098,0.098,0.098,0.098,0.099,0.098,0.098,0.092,0.081,0.081,0.078,0.084,0.091,0.092,0.098,0.099,0.099,0.098,0.099,0.097,0.097,0.098,0.097,0.096,0.097,0.098,0.097,0.097,0.096,0.097,0.095,0.095,0.096,0.095,0.097,0.097,0.098,0.098,0.097,0.096,0.097,0.101,0.126,0.121,0.103,0.123,0.104,0.1,0.107,0.1,0.117,0.111,0.111,0.117,0.102,0.113,0.113,0.105,0.12,0.109,0.111,0.119,0.105,0.122,0.142,0.138,0.139,0.142,0.146,0.153,0.152,0.135,0.122,0.121,0.12,0.119,0.119,0.121,0.118,0.119,0.11,0.109,0.11,0.112,0.118,0.12,0.109,0.099,0.099,0.104,0.116,0.115,0.117,0.117,0.115,0.114,0.098,0.098,0.097,0.116,0.118,0.118,0.115,0.096,0.091,0.091,0.091,0.091,0.113,0.111,0.103,0.091,0.083,0.084,0.09,0.094,0.093,0.095,0.097,0.116,0.115,0.116,0.098,0.093,0.093,0.094,0.096,0.094,0.096,0.095,0.095,0.094,0.096,0.095,0.096,0.095,0.095,0.096,0.096,0.096,0.097,0.09,0.087,0.086,0.087,0.092,0.096,0.097,0.096,0.097,0.096,0.095,0.099,0.101,0.101,0.102,0.102,0.101,0.102,0.096,0.094,0.093,0.093,0.094,0.088,0.087,0.087,0.085,0.086,0.085,0.085,0.086,0.086,0.086,0.08,0.078,0.077,0.076,0.083,0.085,0.086,0.076,0.083,0.085,0.085,0.082,0.078,0.08,0.085,0.086,0.087,0.086,0.086,0.087,0.087,0.087,0.088,0.087,0.086,0.086,0.105,0.095,0.078,0.078,0.072,0.09,0.073,0.072,0.082,0.082,0.082,0.094,0.088,0.084,0.083,0.088,0.087,0.102,0.102,0.096,0.097,0.096,0.098,0.096,0.097,0.096,0.096,0.096,0.096,0.098,0.098,0.098,0.098,0.098,0.098,0.097,0.09,0.089,0.088,0.089,0.097,0.098,0.098,0.098,0.097,A,28.229
20260606,0.098,0.097,0.098,0.097,0.098,0.097,0.097,0.097,0.097,0.098,0.098,0.098,0.099,0.096,0.098,0.098,0.099,0.099,0.099,0.097,0.098,0.098,0.098,0.097,0.098,0.093,0.089,0.09,0.089,0.099,0.099,0.098,0.099,0.1,0.099,0.1,0.1,0.099,0.098,0.099,0.098,0.099,0.099,0.099,0.1,0.099,0.1,0.1,0.099,0.1,0.1,0.1,0.099,0.099,0.1,0.098,0.099,0.098,0.099,0.099,0.099,0.094,0.089,0.09,0.089,0.098,0.099,0.1,0.099,0.099,0.099,0.099,0.1,0.099,0.099,0.1,0.101,0.094,0.089,0.088,0.088,0.089,0.094,0.097,0.097,0.098,0.097,0.096,0.097,0.103,0.103,0.103,0.104,0.103,0.104,0.103,0.104,0.102,0.093,0.095,0.096,0.099,0.102,0.103,0.104,0.103,0.104,0.104,0.105,0.105,0.093,0.094,0.095,0.093,0.096,0.104,0.102,0.106,0.1,0.099,0.098,0.1,0.099,0.099,0.099,0.1,0.099,0.1,0.099,0.1,0.099,0.1,0.099,0.099,0.092,0.089,0.09,0.091,0.1,0.098,0.098,0.099,0.099,0.1,0.099,0.103,0.103,0.102,0.102,0.103,0.102,0.102,0.102,0.093,0.087,0.091,0.093,0.094,0.128,0.142,0.139,0.137,0.139,0.139,0.137,0.128,0.121,0.106,0.091,0.092,0.098,0.098,0.097,0.097,0.097,0.098,0.097,0.098,0.099,0.098,0.098,0.098,0.098,0.098,0.098,0.098,0.098,0.098,0.097,0.097,0.093,0.09,0.091,0.091,0.088,0.082,0.082,0.083,0.084,0.093,0.097,0.097,0.095,0.091,0.09,0.089,0.09,0.089,0.089,0.089,0.085,0.085,0.085,0.083,0.085,0.083,0.079,0.082,0.082,0.083,0.082,0.082,0.082,0.082,0.083,0.084,0.082,0.075,0.075,0.076,0.079,0.084,0.086,0.085,0.085,0.085,0.089,0.086,0.086,0.084,0.085,0.084,0.085,0.085,0.085,0.085,0.085,0.084,0.084,0.083,0.093,0.114,0.093,0.078,0.077,0.089,0.086,0.075,0.073,0.088,0.08,0.082,0.084,0.089,0.085,0.083,0.084,0.084,0.087,0.091,0.097,0.097,0.096,0.097,0.097,0.098,0.097,0.098,0.097,0.098,0.098,0.097,0.097,0.098,0.098,0.099,0.098,0.098,A,27.548
20260607,0.097,0.096,0.092,0.088,0.088,0.089,0.097,0.098,0.098,0.098,0.097,0.097,0.098,0.098,0.1,0.099,0.099,0.099,0.099,0.098,0.099,0.1,0.1,0.099,0.099,0.098,0.099,0.099,0.098,0.099,0.1,0.099,0.1,0.1,0.099,0.099,0.1,0.095,0.09,0.09,0.091,0.1,0.1,0.1,0.1,0.1,0.1,0.1,0.1,0.1,0.1,0.1,0.099,0.1,0.1,0.1,0.1,0.101,0.1,0.101,0.099,0.1,0.1,0.1,0.1,0.1,0.1,0.1,0.101,0.1,0.1,0.1,0.101,0.1,0.1,0.091,0.091,0.091,0.094,0.093,0.101,0.101,0.104,0.107,0.108,0.107,0.107,0.105,0.105,0.105,0.107,0.106,0.105,0.105,0.106,0.105,0.126,0.138,0.13,0.124,0.11,0.123,0.119,0.119,0.117,0.108,0.128,0.141,0.146,0.151,0.151,0.147,0.147,0.14,0.107,0.097,0.096,0.109,0.104,0.105,0.102,0.103,0.11,0.108,0.119,0.124,0.129,0.129,0.129,0.129,0.125,0.116,0.111,0.11,0.11,0.113,0.114,0.091,0.09,0.091,0.113,0.108,0.104,0.104,0.083,0.083,0.088,0.089,0.108,0.11,0.113,0.09,0.09,0.091,0.096,0.096,0.091,0.09,0.09,0.091,0.091,0.091,0.09,0.092,0.094,0.094,0.094,0.089,0.085,0.086,0.086,0.088,0.094,0.094,0.095,0.094,0.096,0.091,0.088,0.094,0.104,0.105,0.104,0.104,0.103,0.103,0.104,0.102,0.103,0.104,0.104,0.104,0.105,0.106,0.104,0.104,0.104,0.093,0.094,0.094,0.095,0.104,0.1,0.096,0.095,0.095,0.095,0.095,0.096,0.096,0.095,0.095,0.095,0.094,0.096,0.095,0.095,0.096,0.095,0.096,0.095,0.095,0.095,0.095,0.096,0.095,0.094,0.096,0.093,0.085,0.087,0.087,0.092,0.096,0.097,0.097,0.097,0.097,0.096,0.097,0.095,0.096,0.095,0.095,0.094,0.095,0.094,0.095,0.094,0.095,0.095,0.094,0.094,0.09,0.099,0.093,0.085,0.095,0.097,0.095,0.079,0.071,0.083,0.086,0.075,0.081,0.079,0.088,0.091,0.085,0.086,0.086,0.086,0.085,0.086,0.086,0.085,0.091,0.095,0.095,0.095,0.097,0.096,0.096,0.097,0.096,0.096,0.095,A,28.715
20260608,0.095,0.095,0.095,0.095,0.095,0.095,0.096,0.088,0.085,0.086,0.087,0.096,0.096,0.097,0.096,0.097,0.096,0.095,0.096,0.096,0.096,0.095,0.096,0.095,0.096,0.096,0.096,0.096,0.097,0.097,0.096,0.097,0.097,0.096,0.097,0.096,0.096,0.097,0.098,0.097,0.097,0.098,0.095,0.087,0.087,0.087,0.093,0.097,0.098,0.098,0.097,0.097,0.097,0.097,0.097,0.097,0.097,0.097,0.098,0.097,0.097,0.097,0.097,0.097,0.098,0.097,0.097,0.097,0.096,0.097,0.097,0.097,0.097,0.096,0.097,0.097,0.097,0.096,0.096,0.095,0.086,0.087,0.091,0.099,0.104,0.104,0.104,0.104,0.103,0.104,0.104,0.104,0.104,0.104,0.104,0.105,0.104,0.103,0.104,0.105,0.106,0.11,0.102,0.135,0.114,0.108,0.122,0.108,0.124,0.105,0.118,0.118,0.127,0.128,0.121,0.11,0.111,0.12,0.099,0.106,0.12,0.122,0.125,0.115,0.099,0.1,0.098,0.1,0.116,0.116,0.117,0.123,0.121,0.121,0.122,0.118,0.113,0.109,0.109,0.083,0.08,0.085,0.095,0.108,0.1,0.1,0.085,0.08,0.088,0.088,0.089,0.1,0.111,0.115,0.09,0.081,0.081,0.086,0.09,0.091,0.091,0.09,0.09,0.092,0.091,0.092,0.113,0.114,0.094,0.093,0.092,0.091,0.085,0.083,0.079,0.081,0.082,0.087,0.091,0.091,0.091,0.095,0.097,0.096,0.097,0.096,0.096,0.096,0.095,0.096,0.095,0.096,0.096,0.097,0.096,0.097,0.097,0.096,0.095,0.096,0.091,0.086,0.082,0.078,0.08,0.088,0.088,0.088,0.089,0.086,0.082,0.085,0.083,0.088,0.084,0.083,0.08,0.084,0.084,0.083,0.085,0.083,0.084,0.089,0.088,0.088,0.088,0.088,0.079,0.078,0.079,0.077,0.079,0.086,0.086,0.086,0.087,0.085,0.087,0.087,0.087,0.085,0.086,0.086,0.085,0.086,0.086,0.084,0.088,0.087,0.088,0.087,0.08,0.079,0.08,0.082,0.083,0.084,0.079,0.075,0.074,0.075,0.076,0.083,0.083,0.084,0.087,0.097,0.098,0.098,0.097,0.098,0.097,0.097,0.097,0.097,0.098,0.097,0.097,0.097,0.097,0.096,0.097,0.097,0.098,0.097,0.098,0.097,A,27.456
20260609,0.092,0.088,0.087,0.087,0.092,0.097,0.097,0.097,0.098,0.097,0.097,0.097,0.098,0.097,0.099,0.098,0.099,0.099,0.098,0.098,0.097,0.097,0.098,0.098,0.098,0.099,0.099,0.099,0.099,0.098,0.098,0.098,0.089,0.09,0.089,0.091,0.099,0.1,0.099,0.099,0.1,0.1,0.1,0.1,0.1,0.1,0.1,0.1,0.099,0.1,0.099,0.099,0.1,0.099,0.1,0.099,0.099,0.099,0.099,0.098,0.099,0.099,0.099,0.098,0.099,0.1,0.098,0.088,0.088,0.09,0.091,0.1,0.099,0.099,0.099,0.1,0.098,0.098,0.099,0.099,0.098,0.099,0.099,0.103,0.106,0.105,0.104,0.105,0.104,0.105,0.104,0.105,0.115,0.145,0.145,0.146,0.147,0.147,0.14,0.133,0.113,0.108,0.115,0.115,0.116,0.122,0.106,0.107,0.106,0.112,0.125,0.123,0.126,0.124,0.122,0.105,0.087,0.088,0.089,0.092,0.091,0.102,0.114,0.113,0.112,0.093,0.09,0.091,0.091,0.091,0.081,0.082,0.081,0.092,0.107,0.113,0.112,0.092,0.089,0.089,0.089,0.09,0.091,0.09,0.09,0.091,0.09,0.09,0.089,0.089,0.088,0.089,0.09,0.089,0.085,0.091,0.091,0.095,0.095,0.096,0.088,0.088,0.087,0.088,0.095,0.097,0.096,0.095,0.097,0.098,0.098,0.097,0.098,0.097,0.097,0.097,0.097,0.098,0.098,0.093,0.096,0.099,0.098,0.098,0.098,0.099,0.099,0.1,0.092,0.09,0.09,0.09,0.093,0.099,0.099,0.101,0.1,0.101,0.098,0.098,0.096,0.096,0.093,0.093,0.09,0.09,0.09,0.089,0.089,0.088,0.089,0.088,0.088,0.088,0.088,0.073,0.072,0.075,0.072,0.072,0.072,0.073,0.082,0.084,0.084,0.084,0.083,0.083,0.087,0.088,0.089,0.089,0.089,0.089,0.09,0.089,0.089,0.088,0.089,0.089,0.089,0.088,0.085,0.089,0.087,0.083,0.08,0.081,0.075,0.074,0.074,0.085,0.093,0.082,0.082,0.082,0.083,0.083,0.084,0.084,0.088,0.087,0.088,0.087,0.087,0.088,0.088,0.089,0.089,0.088,0.093,0.096,0.096,0.098,0.098,0.097,0.098,0.098,0.097,0.088,0.087,0.088,0.089,0.097,0.098,0.098,0.098,0.098,A,27.586
20260610,0.097,0.098,0.098,0.098,0.098,0.098,0.097,0.098,0.098,0.098,0.098,0.099,0.099,0.099,0.099,0.098,0.098,0.098,0.097,0.098,0.098,0.098,0.092,0.089,0.089,0.089,0.093,0.098,0.098,0.099,0.099,0.099,0.1,0.1,0.099,0.099,0.099,0.1,0.099,0.1,0.099,0.1,0.1,0.1,0.099,0.1,0.1,0.101,0.1,0.1,0.1,0.1,0.099,0.1,0.093,0.09,0.089,0.09,0.094,0.099,0.099,0.098,0.098,0.099,0.099,0.099,0.1,0.101,0.101,0.1,0.1,0.099,0.1,0.1,0.1,0.1,0.099,0.099,0.099,0.098,0.098,0.097,0.1,0.102,0.107,0.105,0.105,0.096,0.095,0.096,0.096,0.105,0.106,0.106,0.106,0.107,0.106,0.106,0.106,0.107,0.108,0.109,0.107,0.102,0.103,0.101,0.101,0.099,0.107,0.107,0.108,0.108,0.107,0.102,0.105,0.103,0.103,0.103,0.099,0.097,0.095,0.095,0.097,0.102,0.102,0.105,0.099,0.099,0.106,0.1,0.1,0.101,0.1,0.1,0.1,0.1,0.101,0.101,0.1,0.101,0.101,0.1,0.102,0.101,0.093,0.09,0.092,0.091,0.097,0.1,0.102,0.103,0.104,0.104,0.104,0.103,0.101,0.102,0.103,0.102,0.104,0.103,0.103,0.104,0.104,0.103,0.095,0.091,0.091,0.1,0.093,0.087,0.086,0.076,0.076,0.101,0.104,0.104,0.103,0.104,0.103,0.105,0.105,0.105,0.106,0.105,0.105,0.104,0.105,0.104,0.106,0.107,0.107,0.104,0.104,0.101,0.101,0.102,0.093,0.091,0.093,0.093,0.092,0.091,0.083,0.088,0.083,0.089,0.094,0.094,0.091,0.091,0.093,0.1,0.098,0.089,0.089,0.089,0.087,0.088,0.088,0.088,0.09,0.081,0.082,0.075,0.072,0.079,0.091,0.092,0.092,0.091,0.092,0.091,0.092,0.09,0.091,0.091,0.092,0.091,0.092,0.091,0.089,0.09,0.09,0.091,0.09,0.09,0.09,0.089,0.089,0.082,0.075,0.074,0.078,0.099,0.087,0.087,0.087,0.086,0.092,0.092,0.1,0.113,0.101,0.1,0.099,0.1,0.098,0.103,0.103,0.103,0.103,0.103,0.103,0.103,0.104,0.104,0.103,0.104,0.103,0.095,0.094,0.095,0.095,0.104,0.104,0.104,A,28.101
20260611,0.103,0.103,0.102,0.104,0.102,0.103,0.104,0.104,0.104,0.104,0.103,0.104,0.104,0.105,0.105,0.104,0.105,0.104,0.105,0.104,0.104,0.105,0.1,0.096,0.095,0.095,0.098,0.105,0.105,0.106,0.105,0.105,0.105,0.105,0.105,0.105,0.105,0.106,0.105,0.106,0.106,0.105,0.105,0.106,0.106,0.106,0.106,0.106,0.105,0.105,0.106,0.106,0.104,0.096,0.096,0.096,0.095,0.103,0.104,0.104,0.105,0.105,0.105,0.105,0.105,0.107,0.104,0.105,0.105,0.105,0.105,0.106,0.106,0.106,0.107,0.106,0.106,0.106,0.104,0.097,0.105,0.106,0.106,0.105,0.109,0.113,0.102,0.096,0.097,0.095,0.104,0.106,0.099,0.099,0.098,0.102,0.105,0.105,0.106,0.114,0.11,0.109,0.106,0.105,0.104,0.103,0.101,0.103,0.103,0.104,0.104,0.105,0.105,0.102,0.095,0.086,0.089,0.093,0.093,0.097,0.1,0.101,0.101,0.1,0.095,0.094,0.095,0.095,0.095,0.096,0.1,0.102,0.107,0.106,0.105,0.106,0.104,0.106,0.105,0.106,0.105,0.119,0.143,0.138,0.134,0.134,0.13,0.124,0.125,0.107,0.105,0.108,0.109,0.109,0.125,0.13,0.13,0.132,0.128,0.11,0.11,0.109,0.11,0.109,0.11,0.11,0.111,0.112,0.112,0.111,0.103,0.101,0.101,0.101,0.101,0.11,0.109,0.11,0.11,0.11,0.111,0.111,0.11,0.111,0.111,0.111,0.109,0.11,0.109,0.109,0.11,0.11,0.107,0.107,0.107,0.107,0.107,0.107,0.098,0.097,0.097,0.095,0.095,0.099,0.1,0.1,0.1,0.1,0.1,0.098,0.099,0.098,0.097,0.098,0.098,0.099,0.099,0.1,0.101,0.089,0.087,0.092,0.091,0.091,0.091,0.087,0.082,0.082,0.083,0.084,0.092,0.093,0.093,0.092,0.093,0.092,0.093,0.092,0.094,0.091,0.091,0.091,0.091,0.09,0.092,0.091,0.091,0.091,0.088,0.09,0.083,0.083,0.083,0.089,0.091,0.083,0.083,0.082,0.083,0.087,0.092,0.092,0.09,0.092,0.098,0.098,0.099,0.099,0.099,0.098,0.099,0.098,0.098,0.098,0.099,0.098,0.099,0.099,0.099,0.098,0.099,0.099,0.1,0.099,0.1,0.096,0.09,0.09,A,29.400
20260612,0.09,0.092,0.101,0.1,0.099,0.1,0.1,0.1,0.1,0.1,0.1,0.1,0.1,0.1,0.101,0.101,0.1,0.102,0.101,0.101,0.102,0.1,0.099,0.1,0.1,0.1,0.101,0.101,0.098,0.091,0.091,0.091,0.093,0.101,0.101,0.101,0.101,0.101,0.101,0.102,0.102,0.101,0.102,0.102,0.102,0.102,0.102,0.101,0.102,0.101,0.101,0.102,0.101,0.102,0.102,0.1,0.101,0.099,0.1,0.099,0.092,0.09,0.09,0.09,0.097,0.1,0.101,0.1,0.1,0.099,0.1,0.101,0.101,0.1,0.099,0.091,0.099,0.1,0.098,0.099,0.1,0.102,0.101,0.102,0.103,0.107,0.098,0.109,0.101,0.108,0.11,0.109,0.108,0.099,0.101,0.1,0.1,0.108,0.108,0.11,0.111,0.11,0.11,0.103,0.103,0.105,0.108,0.11,0.113,0.112,0.113,0.112,0.111,0.11,0.11,0.111,0.108,0.103,0.102,0.103,0.109,0.109,0.108,0.108,0.099,0.099,0.099,0.099,0.105,0.108,0.108,0.108,0.103,0.089,0.083,0.098,0.091,0.097,0.092,0.086,0.089,0.104,0.106,0.101,0.098,0.099,0.098,0.097,0.095,0.097,0.099,0.098,0.101,0.099,0.092,0.09,0.092,0.083,0.097,0.098,0.098,0.099,0.098,0.098,0.101,0.101,0.103,0.104,0.101,0.101,0.101,0.101,0.101,0.101,0.101,0.102,0.103,0.102,0.102,0.102,0.102,0.102,0.103,0.095,0.092,0.093,0.093,0.098,0.102,0.103,0.102,0.101,0.096,0.102,0.103,0.101,0.102,0.102,0.102,0.102,0.102,0.097,0.093,0.091,0.09,0.089,0.089,0.089,0.089,0.089,0.088,0.089,0.092,0.09,0.078,0.078,0.074,0.086,0.091,0.091,0.089,0.089,0.09,0.09,0.091,0.089,0.087,0.079,0.084,0.087,0.087,0.091,0.091,0.091,0.091,0.091,0.091,0.092,0.083,0.104,0.095,0.072,0.074,0.08,0.08,0.088,0.089,0.09,0.09,0.091,0.09,0.092,0.091,0.091,0.091,0.09,0.091,0.091,0.09,0.091,0.091,0.107,0.1,0.096,0.1,0.101,0.1,0.1,0.102,0.103,0.102,0.098,0.091,0.09,0.091,0.093,0.1,0.1,0.1,0.1,0.1,0.1,0.1,0.1,0.1,0.1,0.1,0.099,A,28.216
20260613,0.098,0.099,0.099,0.099,0.099,0.1,0.1,0.1,0.099,0.1,0.1,0.1,0.1,0.1,0.101,0.094,0.091,0.092,0.091,0.097,0.101,0.101,0.101,0.1,0.101,0.101,0.099,0.1,0.101,0.1,0.1,0.1,0.101,0.1,0.101,0.1,0.101,0.1,0.101,0.1,0.101,0.101,0.102,0.101,0.102,0.102,0.102,0.101,0.096,0.092,0.092,0.092,0.096,0.102,0.102,0.101,0.102,0.102,0.103,0.101,0.102,0.101,0.102,0.101,0.101,0.102,0.102,0.101,0.101,0.102,0.102,0.101,0.102,0.101,0.1,0.101,0.1,0.097,0.095,0.094,0.094,0.093,0.087,0.089,0.084,0.092,0.101,0.103,0.107,0.108,0.109,0.109,0.109,0.108,0.108,0.11,0.109,0.107,0.108,0.109,0.111,0.114,0.109,0.103,0.102,0.103,0.103,0.103,0.102,0.103,0.103,0.102,0.102,0.105,0.109,0.109,0.104,0.097,0.093,0.091,0.091,0.1,0.101,0.099,0.098,0.1,0.098,0.098,0.099,0.098,0.098,0.097,0.1,0.099,0.089,0.074,0.078,0.089,0.082,0.085,0.083,0.081,0.087,0.096,0.097,0.098,0.097,0.098,0.09,0.084,0.085,0.084,0.084,0.09,0.093,0.092,0.093,0.093,0.093,0.095,0.083,0.093,0.095,0.099,0.1,0.099,0.099,0.097,0.097,0.099,0.099,0.098,0.097,0.089,0.083,0.083,0.084,0.084,0.091,0.094,0.101,0.101,0.101,0.101,0.101,0.1,0.101,0.1,0.102,0.101,0.101,0.101,0.092,0.101,0.1,0.101,0.102,0.101,0.101,0.099,0.098,0.093,0.082,0.082,0.083,0.083,0.09,0.091,0.092,0.092,0.091,0.091,0.089,0.091,0.086,0.087,0.094,0.09,0.091,0.091,0.091,0.09,0.09,0.089,0.087,0.088,0.087,0.087,0.09,0.084,0.082,0.083,0.084,0.087,0.092,0.092,0.093,0.092,0.093,0.093,0.091,0.091,0.091,0.091,0.091,0.091,0.092,0.091,0.091,0.091,0.089,0.101,0.091,0.081,0.083,0.083,0.085,0.085,0.085,0.085,0.075,0.075,0.075,0.075,0.081,0.086,0.086,0.085,0.086,0.084,0.084,0.083,0.083,0.083,0.093,0.097,0.098,0.098,0.098,0.097,0.097,0.097,0.098,0.098,0.098,0.098,0.098,0.098,A,27.482
20260614,0.098,0.097,0.098,0.097,0.09,0.088,0.089,0.088,0.095,0.099,0.099,0.099,0.098,0.098,0.098,0.1,0.099,0.099,0.099,0.099,0.098,0.098,0.099,0.099,0.098,0.099,0.099,0.1,0.099,0.099,0.1,0.098,0.098,0.097,0.098,0.099,0.096,0.09,0.089,0.089,0.09,0.098,0.099,0.098,0.099,0.099,0.1,0.099,0.1,0.099,0.1,0.099,0.1,0.099,0.099,0.099,0.099,0.1,0.1,0.1,0.099,0.1,0.1,0.099,0.1,0.099,0.099,0.1,0.099,0.1,0.089,0.09,0.089,0.09,0.098,0.098,0.101,0.101,0.101,0.099,0.094,0.094,0.093,0.092,0.091,0.092,0.092,0.096,0.092,0.11,0.108,0.109,0.109,0.108,0.109,0.109,0.108,0.108,0.107,0.107,0.101,0.101,0.102,0.098,0.099,0.097,0.101,0.103,0.109,0.11,0.107,0.109,0.106,0.098,0.1,0.1,0.1,0.091,0.084,0.09,0.091,0.092,0.09,0.093,0.092,0.094,0.092,0.092,0.093,0.094,0.093,0.093,0.084,0.086,0.087,0.085,0.087,0.091,0.093,0.096,0.095,0.097,0.096,0.098,0.097,0.097,0.097,0.094,0.1,0.123,0.122,0.124,0.121,0.118,0.118,0.104,0.096,0.096,0.095,0.096,0.081,0.078,0.088,0.097,0.087,0.083,0.083,0.077,0.087,0.093,0.095,0.098,0.1,0.1,0.099,0.099,0.099,0.1,0.101,0.101,0.101,0.098,0.1,0.1,0.099,0.098,0.098,0.1,0.096,0.09,0.091,0.09,0.091,0.087,0.099,0.098,0.098,0.1,0.099,0.101,0.099,0.098,0.092,0.091,0.092,0.092,0.092,0.09,0.09,0.087,0.084,0.084,0.084,0.084,0.085,0.084,0.083,0.08,0.075,0.075,0.08,0.082,0.088,0.093,0.092,0.088,0.089,0.088,0.09,0.089,0.088,0.091,0.092,0.092,0.092,0.091,0.092,0.092,0.091,0.092,0.093,0.09,0.092,0.092,0.092,0.087,0.075,0.074,0.074,0.09,0.097,0.081,0.082,0.083,0.083,0.083,0.083,0.084,0.084,0.09,0.101,0.084,0.084,0.087,0.088,0.089,0.089,0.089,0.088,0.088,0.088,0.088,0.087,0.093,0.098,0.097,0.092,0.088,0.088,0.088,0.092,0.097,0.098,0.097,0.097,0.098,0.098,0.098,A,27.323
20260615,0.098,0.098,0.098,0.098,0.097,0.097,0.097,0.097,0.098,0.098,0.099,0.098,0.099,0.099,0.099,0.098,0.099,0.098,0.098,0.099,0.098,0.098,0.089,0.089,0.089,0.088,0.097,0.098,0.098,0.098,0.099,0.099,0.099,0.099,0.099,0.098,0.099,0.099,0.099,0.1,0.1,0.099,0.1,0.099,0.099,0.1,0.099,0.1,0.099,0.1,0.1,0.1,0.1,0.1,0.1,0.09,0.089,0.089,0.09,0.099,0.1,0.1,0.1,0.1,0.1,0.099,0.099,0.099,0.098,0.099,0.1,0.1,0.101,0.1,0.1,0.099,0.098,0.098,0.097,0.099,0.099,0.1,0.1,0.099,0.099,0.1,0.086,0.092,0.098,0.098,0.099,0.107,0.107,0.108,0.107,0.107,0.108,0.105,0.106,0.107,0.103,0.104,0.101,0.101,0.101,0.105,0.1,0.098,0.096,0.096,0.096,0.098,0.099,0.1,0.096,0.099,0.098,0.096,0.098,0.098,0.088,0.088,0.089,0.086,0.095,0.095,0.095,0.094,0.096,0.095,0.096,0.119,0.134,0.131,0.13,0.13,0.131,0.131,0.115,0.088,0.078,0.065,0.072,0.079,0.086,0.094,0.097,0.093,0.106,0.1,0.089,0.085,0.083,0.083,0.083,0.088,0.088,0.085,0.084,0.091,0.091,0.091,0.109,0.114,0.115,0.093,0.091,0.093,0.089,0.09,0.09,0.092,0.091,0.092,0.089,0.091,0.091,0.09,0.091,0.092,0.102,0.096,0.093,0.096,0.097,0.1,0.107,0.107,0.108,0.107,0.106,0.107,0.102,0.106,0.106,0.106,0.106,0.105,0.098,0.106,0.106,0.104,0.096,0.097,0.097,0.097,0.096,0.096,0.095,0.094,0.094,0.092,0.087,0.077,0.075,0.072,0.063,0.081,0.087,0.09,0.089,0.089,0.09,0.089,0.084,0.085,0.086,0.086,0.086,0.087,0.087,0.087,0.09,0.09,0.09,0.09,0.09,0.082,0.083,0.082,0.082,0.074,0.078,0.077,0.077,0.086,0.088,0.087,0.087,0.087,0.087,0.087,0.086,0.088,0.085,0.095,0.098,0.082,0.079,0.082,0.083,0.085,0.084,0.096,0.086,0.084,0.083,0.077,0.075,0.075,0.08,0.093,0.097,0.097,0.097,0.098,0.097,0.098,0.097,0.097,0.098,0.096,0.096,0.096,0.097,0.097,0.097,0.096,A,27.430
20260616,0.097,0.096,0.096,0.096,0.097,0.097,0.097,0.098,0.097,0.096,0.097,0.097,0.093,0.088,0.089,0.089,0.09,0.098,0.097,0.097,0.098,0.098,0.098,0.099,0.099,0.099,0.098,0.098,0.099,0.098,0.099,0.099,0.098,0.099,0.098,0.098,0.099,0.099,0.099,0.099,0.099,0.099,0.098,0.098,0.098,0.099,0.1,0.097,0.089,0.089,0.089,0.089,0.099,0.099,0.099,0.099,0.099,0.1,0.099,0.099,0.098,0.098,0.099,0.099,0.098,0.098,0.097,0.097,0.093,0.091,0.098,0.098,0.098,0.098,0.097,0.097,0.098,0.098,0.099,0.099,0.099,0.091,0.097,0.094,0.096,0.096,0.095,0.11,0.137,0.143,0.149,0.149,0.151,0.144,0.148,0.146,0.145,0.124,0.124,0.13,0.126,0.129,0.128,0.132,0.127,0.128,0.128,0.127,0.127,0.13,0.129,0.129,0.129,0.117,0.097,0.096,0.096,0.113,0.118,0.128,0.126,0.127,0.126,0.107,0.102,0.103,0.102,0.104,0.122,0.126,0.128,0.115,0.103,0.092,0.082,0.086,0.097,0.094,0.096,0.095,0.108,0.109,0.124,0.103,0.101,0.094,0.094,0.095,0.093,0.101,0.104,0.103,0.104,0.104,0.106,0.105,0.094,0.102,0.104,0.104,0.106,0.107,0.107,0.108,0.107,0.108,0.108,0.106,0.106,0.103,0.106,0.105,0.105,0.105,0.096,0.096,0.096,0.095,0.102,0.105,0.106,0.107,0.107,0.107,0.105,0.106,0.107,0.107,0.107,0.107,0.107,0.096,0.102,0.097,0.097,0.098,0.098,0.098,0.098,0.099,0.098,0.093,0.09,0.083,0.081,0.081,0.079,0.082,0.092,0.086,0.086,0.086,0.089,0.089,0.09,0.09,0.089,0.09,0.09,0.09,0.088,0.088,0.088,0.088,0.084,0.085,0.084,0.085,0.084,0.083,0.075,0.075,0.078,0.078,0.086,0.088,0.089,0.089,0.089,0.09,0.09,0.09,0.09,0.09,0.088,0.089,0.088,0.102,0.095,0.087,0.085,0.085,0.083,0.083,0.083,0.083,0.084,0.084,0.084,0.079,0.074,0.075,0.074,0.078,0.096,0.099,0.099,0.098,0.099,0.097,0.097,0.097,0.096,0.097,0.097,0.097,0.097,0.098,0.098,0.098,0.098,0.097,0.098,0.096,0.096,0.097,0.096,0.096,A,28.803
20260617,0.097,0.096,0.097,0.097,0.095,0.087,0.088,0.087,0.086,0.097,0.097,0.098,0.098,0.098,0.099,0.099,0.099,0.099,0.099,0.099,0.098,0.099,0.099,0.099,0.099,0.099,0.098,0.098,0.099,0.098,0.098,0.098,0.098,0.098,0.098,0.098,0.099,0.099,0.098,0.093,0.089,0.089,0.09,0.092,0.098,0.098,0.098,0.099,0.098,0.098,0.094,0.093,0.098,0.099,0.099,0.099,0.099,0.098,0.098,0.098,0.098,0.098,0.099,0.099,0.099,0.098,0.098,0.098,0.098,0.098,0.099,0.098,0.098,0.097,0.098,0.088,0.088,0.087,0.088,0.096,0.099,0.098,0.097,0.1,0.105,0.104,0.104,0.093,0.103,0.106,0.106,0.105,0.106,0.106,0.105,0.107,0.106,0.106,0.105,0.108,0.126,0.131,0.118,0.103,0.119,0.111,0.1,0.111,0.111,0.092,0.096,0.094,0.119,0.139,0.14,0.14,0.139,0.118,0.106,0.103,0.104,0.104,0.104,0.104,0.104,0.104,0.105,0.102,0.103,0.103,0.104,0.101,0.099,0.098,0.088,0.084,0.09,0.088,0.096,0.08,0.08,0.078,0.092,0.094,0.1,0.102,0.104,0.103,0.102,0.102,0.103,0.104,0.105,0.105,0.104,0.097,0.101,0.105,0.105,0.105,0.105,0.105,0.105,0.106,0.106,0.106,0.106,0.106,0.105,0.105,0.101,0.096,0.095,0.094,0.098,0.104,0.108,0.107,0.106,0.108,0.108,0.108,0.108,0.107,0.108,0.109,0.108,0.107,0.108,0.107,0.108,0.108,0.109,0.108,0.099,0.094,0.096,0.096,0.095,0.098,0.092,0.088,0.082,0.08,0.076,0.09,0.089,0.088,0.081,0.087,0.088,0.087,0.088,0.088,0.086,0.087,0.078,0.081,0.086,0.086,0.086,0.086,0.085,0.084,0.084,0.085,0.084,0.086,0.076,0.077,0.078,0.08,0.084,0.088,0.089,0.089,0.089,0.09,0.091,0.09,0.09,0.09,0.085,0.098,0.096,0.082,0.081,0.084,0.085,0.086,0.085,0.085,0.087,0.088,0.087,0.088,0.087,0.087,0.086,0.085,0.077,0.078,0.078,0.078,0.089,0.092,0.092,0.089,0.093,0.099,0.099,0.1,0.1,0.1,0.101,0.099,0.1,0.1,0.099,0.101,0.1,0.1,0.1,0.1,0.099,0.099,0.1,0.099,A,28.033
20260618,0.1,0.1,0.101,0.1,0.094,0.09,0.09,0.09,0.093,0.1,0.099,0.101,0.1,0.101,0.1,0.101,0.101,0.101,0.1,0.1,0.099,0.101,0.101,0.101,0.101,0.102,0.101,0.101,0.101,0.101,0.101,0.101,0.1,0.101,0.101,0.1,0.1,0.1,0.101,0.093,0.092,0.092,0.092,0.095,0.101,0.101,0.101,0.101,0.1,0.101,0.101,0.1,0.101,0.101,0.1,0.101,0.1,0.101,0.101,0.101,0.1,0.1,0.1,0.102,0.101,0.102,0.101,0.101,0.102,0.103,0.1,0.101,0.101,0.101,0.098,0.091,0.091,0.092,0.09,0.101,0.094,0.093,0.094,0.093,0.093,0.084,0.092,0.093,0.092,0.093,0.096,0.096,0.096,0.094,0.091,0.065,0.062,0.072,0.064,0.011,0,0,0,0,0,0,0,0,0,0,0,0,0,0,0,0,0,0,0,0,0,0,0,0,0,0,0,0,0,0,0,0,0,0,0,0,0,0,0,0,0,0,0,0,0,0,0,0.029,0.098,0,0.092,0.101,0.098,0.081,0.074,0.08,0.081,0.091,0.084,0.094,0.09,0.109,0.109,0.111,0.107,0.104,0.105,0.105,0.103,0.105,0.104,0.105,0.091,0.093,0.103,0.104,0.104,0.104,0.104,0.105,0.105,0.104,0.097,0.096,0.096,0.094,0.096,0.099,0.106,0.098,0.1,0.105,0.105,0.103,0.102,0.103,0.102,0.102,0.103,0.102,0.103,0.097,0.097,0.097,0.097,0.097,0.096,0.097,0.095,0.093,0.096,0.095,0.089,0.082,0.073,0.071,0.054,0.076,0.086,0.094,0.094,0.095,0.093,0.091,0.091,0.092,0.092,0.093,0.093,0.092,0.093,0.095,0.096,0.095,0.096,0.096,0.095,0.096,0.096,0.097,0.096,0.097,0.095,0.09,0.086,0.08,0.103,0.095,0.081,0.088,0.09,0.09,0.097,0.106,0.09,0.091,0.091,0.091,0.091,0.091,0.091,0.092,0.091,0.093,0.091,0.096,0.097,0.096,0.099,0.098,0.096,0.096,0.096,0.096,0.095,0.091,0.085,0.086,0.086,0.085,0.088,0.095,0.095,0.094,0.095,0.094,0.095,0.095,A,22.796
20260619,0.094,0.094,0.095,0.093,0.093,0.094,0.095,0.094,0.096,0.095,0.095,0.096,0.095,0.096,0.096,0.097,0.096,0.097,0.096,0.096,0.096,0.096,0.086,0.087,0.087,0.087,0.087,0.095,0.098,0.096,0.096,0.096,0.097,0.097,0.097,0.097,0.097,0.097,0.097,0.098,0.097,0.097,0.098,0.097,0.098,0.097,0.098,0.097,0.096,0.096,0.098,0.097,0.098,0.097,0.098,0.097,0.096,0.097,0.096,0.088,0.087,0.087,0.087,0.088,0.096,0.097,0.097,0.096,0.097,0.098,0.098,0.099,0.097,0.097,0.097,0.097,0.095,0.097,0.096,0.097,0.096,0.096,0.097,0.096,0.096,0.095,0.097,0.102,0.093,0.087,0.104,0.091,0.104,0.104,0.103,0.101,0.089,0.088,0.091,0.092,0.093,0.101,0.1,0.092,0.093,0.093,0.099,0.1,0.1,0.1,0.101,0.101,0.105,0.107,0.107,0.107,0.103,0.098,0.099,0.103,0.105,0.105,0.104,0.094,0.093,0.088,0.093,0.094,0.093,0.095,0.098,0.106,0.092,0.074,0.08,0.089,0.082,0.096,0.094,0.089,0.088,0.1,0.105,0.106,0.105,0.105,0.106,0.107,0.106,0.117,0.141,0.143,0.113,0.106,0.1,0.096,0.099,0.107,0.105,0.104,0.103,0.104,0.105,0.106,0.104,0.094,0.098,0.137,0.099,0.096,0.102,0.104,0.104,0.103,0.105,0.103,0.104,0.102,0.103,0.103,0.103,0.104,0.105,0.107,0.106,0.107,0.106,0.106,0.107,0.107,0.096,0.102,0.102,0.105,0.105,0.106,0.106,0.106,0.106,0.105,0.093,0.088,0.087,0.087,0.087,0.09,0.097,0.097,0.093,0.094,0.094,0.094,0.093,0.09,0.082,0.083,0.084,0.087,0.094,0.094,0.093,0.093,0.089,0.09,0.09,0.089,0.087,0.089,0.09,0.093,0.093,0.094,0.093,0.094,0.095,0.088,0.085,0.085,0.084,0.085,0.101,0.106,0.098,0.092,0.088,0.09,0.11,0.104,0.088,0.089,0.103,0.112,0.098,0.099,0.098,0.098,0.098,0.098,0.097,0.099,0.098,0.098,0.096,0.098,0.098,0.098,0.097,0.097,0.098,0.097,0.089,0.085,0.087,0.088,0.089,0.093,0.099,0.097,0.096,0.097,0.097,0.098,0.097,0.097,0.097,0.097,0.096,0.097,A,27.987
20260620,0.096,0.096,0.097,0.096,0.096,0.096,0.097,0.096,0.097,0.096,0.098,0.098,0.098,0.098,0.099,0.097,0.097,0.097,0.098,0.092,0.088,0.088,0.088,0.088,0.092,0.097,0.099,0.097,0.098,0.097,0.097,0.097,0.098,0.097,0.098,0.098,0.098,0.099,0.098,0.099,0.099,0.098,0.098,0.099,0.099,0.098,0.099,0.098,0.098,0.098,0.099,0.098,0.098,0.098,0.098,0.098,0.098,0.099,0.09,0.089,0.088,0.087,0.088,0.096,0.098,0.097,0.098,0.096,0.097,0.098,0.097,0.097,0.098,0.098,0.098,0.099,0.099,0.099,0.098,0.099,0.099,0.098,0.098,0.1,0.101,0.106,0.106,0.107,0.101,0.109,0.098,0.106,0.106,0.107,0.107,0.115,0.144,0.156,0.155,0.147,0.146,0.146,0.147,0.148,0.154,0.131,0.122,0.123,0.124,0.129,0.129,0.129,0.127,0.125,0.11,0.123,0.126,0.126,0.128,0.112,0.104,0.102,0.113,0.125,0.126,0.125,0.117,0.104,0.103,0.104,0.102,0.093,0.1,0.097,0.094,0.093,0.102,0.089,0.071,0.076,0.093,0.092,0.1,0.117,0.118,0.113,0.097,0.096,0.092,0.091,0.097,0.097,0.095,0.1,0.119,0.122,0.119,0.098,0.097,0.097,0.097,0.099,0.092,0.089,0.089,0.089,0.09,0.096,0.102,0.101,0.102,0.1,0.095,0.096,0.097,0.098,0.097,0.098,0.097,0.098,0.099,0.098,0.099,0.099,0.099,0.099,0.098,0.099,0.102,0.1,0.103,0.097,0.094,0.093,0.093,0.094,0.096,0.102,0.1,0.102,0.101,0.101,0.098,0.094,0.093,0.093,0.096,0.095,0.095,0.096,0.094,0.094,0.095,0.094,0.095,0.095,0.095,0.094,0.095,0.093,0.095,0.095,0.095,0.085,0.081,0.082,0.08,0.08,0.082,0.091,0.093,0.093,0.095,0.094,0.094,0.095,0.092,0.093,0.094,0.093,0.092,0.093,0.093,0.091,0.093,0.092,0.091,0.092,0.092,0.092,0.093,0.093,0.095,0.096,0.093,0.096,0.107,0.103,0.083,0.08,0.08,0.096,0.097,0.086,0.089,0.09,0.097,0.1,0.091,0.092,0.094,0.093,0.093,0.093,0.093,0.094,0.094,0.094,0.094,0.094,0.095,0.094,0.093,0.094,0.095,0.094,0.094,0.094,A,28.744
20260621,0.094,0.093,0.093,0.095,0.094,0.094,0.095,0.089,0.084,0.085,0.085,0.085,0.09,0.096,0.095,0.096,0.096,0.095,0.095,0.095,0.094,0.094,0.096,0.095,0.097,0.096,0.097,0.097,0.095,0.096,0.094,0.095,0.096,0.095,0.096,0.096,0.096,0.096,0.096,0.096,0.095,0.096,0.095,0.096,0.096,0.096,0.096,0.095,0.086,0.086,0.086,0.086,0.089,0.095,0.096,0.096,0.096,0.096,0.097,0.096,0.095,0.097,0.095,0.096,0.095,0.095,0.096,0.094,0.095,0.095,0.095,0.095,0.095,0.096,0.097,0.096,0.097,0.096,0.095,0.096,0.097,0.096,0.097,0.101,0.104,0.105,0.104,0.103,0.094,0.1,0.104,0.101,0.099,0.139,0.135,0.121,0.115,0.123,0.12,0.121,0.105,0.124,0.124,0.11,0.109,0.135,0.143,0.145,0.147,0.149,0.149,0.148,0.138,0.123,0.125,0.121,0.12,0.121,0.123,0.124,0.123,0.124,0.121,0.119,0.122,0.122,0.121,0.108,0.095,0.089,0.101,0.094,0.095,0.091,0.115,0.111,0.099,0.082,0.076,0.085,0.095,0.115,0.118,0.121,0.115,0.096,0.097,0.094,0.097,0.097,0.123,0.12,0.117,0.095,0.098,0.1,0.088,0.097,0.097,0.098,0.098,0.097,0.098,0.09,0.089,0.089,0.089,0.089,0.094,0.097,0.096,0.096,0.093,0.097,0.098,0.098,0.1,0.102,0.102,0.102,0.102,0.103,0.103,0.102,0.103,0.104,0.103,0.103,0.104,0.103,0.104,0.105,0.104,0.095,0.103,0.104,0.104,0.098,0.095,0.096,0.096,0.095,0.098,0.097,0.096,0.094,0.093,0.093,0.094,0.094,0.093,0.084,0.083,0.083,0.083,0.09,0.093,0.093,0.086,0.089,0.088,0.083,0.084,0.085,0.085,0.085,0.085,0.084,0.075,0.075,0.078,0.08,0.082,0.087,0.092,0.093,0.092,0.093,0.092,0.092,0.092,0.091,0.092,0.089,0.094,0.094,0.094,0.094,0.093,0.107,0.103,0.099,0.091,0.09,0.09,0.104,0.099,0.09,0.09,0.091,0.088,0.099,0.086,0.087,0.086,0.096,0.096,0.097,0.097,0.097,0.095,0.093,0.094,0.094,0.095,0.094,0.093,0.093,0.094,0.093,0.094,0.095,0.094,0.094,0.094,0.094,0.093,0.094,A,28.466
20260622,0.094,0.093,0.095,0.094,0.094,0.093,0.094,0.094,0.085,0.085,0.085,0.085,0.085,0.093,0.095,0.095,0.095,0.096,0.094,0.095,0.094,0.095,0.095,0.096,0.096,0.096,0.096,0.096,0.096,0.096,0.096,0.097,0.096,0.097,0.096,0.097,0.096,0.097,0.096,0.097,0.096,0.097,0.097,0.096,0.096,0.096,0.092,0.086,0.087,0.087,0.086,0.091,0.097,0.096,0.096,0.096,0.097,0.096,0.097,0.096,0.097,0.095,0.096,0.095,0.095,0.096,0.096,0.096,0.095,0.096,0.096,0.096,0.096,0.095,0.096,0.095,0.095,0.095,0.084,0.093,0.087,0.096,0.085,0.09,0.124,0.144,0.134,0.123,0.118,0.103,0.094,0.112,0.113,0.116,0.105,0.118,0.119,0.103,0.094,0.112,0.113,0.104,0.101,0.117,0.115,0.103,0.101,0.118,0.108,0.101,0.113,0.115,0.106,0.102,0.111,0.101,0.102,0.102,0.1,0.101,0.099,0.1,0.099,0.1,0.1,0.1,0.099,0.1,0.119,0.131,0.13,0.133,0.136,0.137,0.142,0.147,0.145,0.142,0.122,0.12,0.122,0.12,0.119,0.121,0.123,0.101,0.101,0.097,0.098,0.118,0.121,0.122,0.123,0.123,0.111,0.098,0.1,0.099,0.101,0.102,0.1,0.101,0.1,0.123,0.11,0.112,0.097,0.093,0.09,0.098,0.101,0.1,0.102,0.1,0.1,0.1,0.101,0.1,0.1,0.101,0.102,0.101,0.102,0.102,0.102,0.102,0.102,0.102,0.103,0.103,0.103,0.102,0.101,0.102,0.102,0.101,0.102,0.102,0.101,0.101,0.092,0.092,0.088,0.085,0.084,0.092,0.092,0.093,0.09,0.09,0.093,0.094,0.092,0.093,0.091,0.092,0.097,0.097,0.094,0.087,0.092,0.088,0.086,0.087,0.088,0.087,0.088,0.089,0.09,0.09,0.09,0.089,0.09,0.092,0.093,0.088,0.083,0.084,0.084,0.084,0.086,0.092,0.092,0.097,0.096,0.085,0.087,0.087,0.103,0.09,0.088,0.087,0.088,0.089,0.103,0.088,0.089,0.088,0.089,0.091,0.093,0.093,0.093,0.093,0.092,0.092,0.094,0.094,0.093,0.091,0.094,0.093,0.093,0.083,0.083,0.084,0.083,0.085,0.093,0.094,0.094,0.095,0.094,0.095,0.095,0.095,0.095,0.094,A,28.523
20260623,0.095,0.094,0.094,0.094,0.095,0.094,0.095,0.096,0.095,0.095,0.095,0.096,0.095,0.095,0.095,0.096,0.095,0.096,0.096,0.095,0.096,0.096,0.097,0.096,0.096,0.097,0.096,0.091,0.086,0.086,0.086,0.086,0.093,0.097,0.096,0.097,0.097,0.097,0.097,0.097,0.097,0.097,0.096,0.095,0.096,0.095,0.096,0.096,0.096,0.095,0.096,0.095,0.096,0.095,0.095,0.095,0.094,0.095,0.095,0.095,0.094,0.095,0.095,0.095,0.095,0.094,0.094,0.095,0.094,0.095,0.096,0.095,0.095,0.091,0.085,0.085,0.085,0.086,0.091,0.096,0.095,0.095,0.096,0.098,0.102,0.101,0.135,0.107,0.103,0.115,0.117,0.116,0.117,0.109,0.108,0.117,0.106,0.112,0.108,0.101,0.116,0.112,0.103,0.114,0.11,0.102,0.113,0.114,0.114,0.096,0.105,0.114,0.107,0.106,0.114,0.101,0.126,0.142,0.141,0.134,0.136,0.133,0.132,0.136,0.14,0.143,0.123,0.117,0.099,0.096,0.096,0.095,0.097,0.097,0.094,0.078,0.072,0.087,0.076,0.087,0.082,0.08,0.084,0.112,0.139,0.134,0.139,0.141,0.141,0.141,0.139,0.123,0.115,0.1,0.095,0.117,0.116,0.111,0.111,0.113,0.117,0.113,0.103,0.103,0.102,0.103,0.105,0.127,0.106,0.104,0.104,0.104,0.104,0.105,0.104,0.105,0.105,0.104,0.103,0.105,0.106,0.106,0.106,0.106,0.105,0.106,0.104,0.105,0.105,0.105,0.098,0.09,0.095,0.094,0.095,0.095,0.099,0.105,0.105,0.104,0.104,0.103,0.094,0.083,0.095,0.094,0.093,0.094,0.094,0.093,0.094,0.092,0.093,0.087,0.086,0.086,0.091,0.09,0.092,0.091,0.089,0.091,0.091,0.091,0.083,0.081,0.082,0.081,0.082,0.088,0.092,0.09,0.092,0.092,0.092,0.092,0.093,0.093,0.093,0.094,0.094,0.093,0.092,0.092,0.093,0.092,0.09,0.09,0.093,0.092,0.109,0.121,0.1,0.087,0.087,0.103,0.088,0.089,0.103,0.086,0.079,0.079,0.079,0.079,0.085,0.093,0.094,0.094,0.095,0.093,0.092,0.091,0.092,0.093,0.093,0.093,0.094,0.094,0.094,0.093,0.095,0.094,0.094,0.095,0.094,0.094,0.094,0.093,A,28.688
20260624,0.093,0.093,0.093,0.093,0.093,0.094,0.094,0.094,0.094,0.094,0.094,0.094,0.085,0.086,0.085,0.085,0.087,0.095,0.096,0.095,0.095,0.095,0.096,0.096,0.097,0.095,0.096,0.096,0.096,0.096,0.095,0.096,0.096,0.097,0.096,0.096,0.097,0.097,0.096,0.097,0.097,0.097,0.096,0.096,0.096,0.095,0.095,0.097,0.096,0.096,0.097,0.096,0.096,0.097,0.097,0.096,0.096,0.095,0.086,0.085,0.086,0.085,0.089,0.095,0.095,0.095,0.094,0.095,0.096,0.097,0.094,0.096,0.096,0.096,0.097,0.095,0.095,0.094,0.094,0.094,0.093,0.094,0.094,0.098,0.119,0.122,0.123,0.135,0.141,0.143,0.128,0.102,0.103,0.103,0.104,0.104,0.103,0.1,0.102,0.102,0.103,0.103,0.096,0.094,0.094,0.093,0.096,0.135,0.127,0.119,0.111,0.102,0.102,0.112,0.114,0.101,0.135,0.138,0.141,0.145,0.145,0.146,0.147,0.144,0.144,0.108,0.101,0.101,0.102,0.101,0.102,0.097,0.082,0.076,0.101,0.118,0.132,0.124,0.123,0.122,0.137,0.125,0.115,0.115,0.114,0.104,0.095,0.102,0.11,0.116,0.106,0.105,0.117,0.105,0.092,0.086,0.07,0.079,0.099,0.125,0.115,0.119,0.124,0.101,0.104,0.103,0.103,0.102,0.1,0.103,0.103,0.102,0.102,0.103,0.103,0.103,0.101,0.098,0.095,0.094,0.095,0.096,0.1,0.107,0.107,0.106,0.105,0.105,0.104,0.105,0.106,0.107,0.107,0.105,0.105,0.106,0.105,0.102,0.102,0.099,0.098,0.099,0.102,0.095,0.095,0.092,0.092,0.093,0.093,0.087,0.095,0.093,0.093,0.094,0.093,0.084,0.085,0.084,0.084,0.085,0.092,0.094,0.093,0.093,0.09,0.09,0.091,0.09,0.085,0.088,0.09,0.093,0.092,0.092,0.091,0.093,0.092,0.093,0.093,0.093,0.094,0.105,0.095,0.085,0.088,0.089,0.088,0.088,0.107,0.097,0.088,0.089,0.089,0.09,0.084,0.088,0.102,0.09,0.086,0.089,0.094,0.094,0.094,0.094,0.094,0.095,0.095,0.095,0.095,0.092,0.094,0.094,0.093,0.093,0.093,0.094,0.093,0.093,0.094,0.094,0.095,0.094,0.095,0.095,0.094,0.093,0.093,0.094,A,28.722
20260625,0.094,0.094,0.095,0.095,0.094,0.095,0.094,0.087,0.085,0.085,0.085,0.086,0.093,0.096,0.096,0.095,0.095,0.096,0.094,0.094,0.094,0.094,0.095,0.094,0.095,0.095,0.095,0.095,0.096,0.095,0.095,0.096,0.096,0.095,0.095,0.095,0.095,0.095,0.095,0.096,0.096,0.095,0.095,0.096,0.096,0.096,0.096,0.097,0.095,0.095,0.088,0.085,0.086,0.086,0.087,0.095,0.096,0.095,0.096,0.096,0.095,0.096,0.094,0.095,0.094,0.095,0.094,0.096,0.095,0.096,0.096,0.095,0.096,0.095,0.097,0.096,0.095,0.095,0.094,0.094,0.094,0.094,0.094,0.096,0.094,0.109,0.13,0.106,0.103,0.116,0.117,0.133,0.14,0.132,0.096,0.091,0.093,0.094,0.089,0.096,0.096,0.095,0.096,0.098,0.101,0.105,0.109,0.105,0.104,0.104,0.102,0.103,0.101,0.103,0.1,0.103,0.102,0.102,0.101,0.102,0.103,0.102,0.1,0.101,0.101,0.1,0.101,0.101,0.101,0.1,0.1,0.101,0.099,0.133,0.142,0.137,0.134,0.131,0.133,0.134,0.131,0.133,0.121,0.115,0.113,0.113,0.112,0.114,0.119,0.104,0.101,0.106,0.11,0.109,0.102,0.083,0.082,0.09,0.099,0.109,0.107,0.102,0.102,0.12,0.12,0.119,0.121,0.12,0.104,0.102,0.103,0.102,0.095,0.094,0.095,0.094,0.095,0.099,0.103,0.105,0.105,0.105,0.106,0.106,0.105,0.105,0.105,0.104,0.105,0.104,0.105,0.104,0.096,0.094,0.102,0.102,0.104,0.102,0.103,0.103,0.103,0.102,0.102,0.095,0.09,0.087,0.088,0.088,0.088,0.088,0.084,0.077,0.077,0.076,0.072,0.075,0.087,0.087,0.087,0.087,0.088,0.087,0.089,0.091,0.09,0.088,0.088,0.088,0.088,0.089,0.088,0.088,0.088,0.089,0.092,0.093,0.091,0.093,0.094,0.094,0.094,0.094,0.093,0.093,0.082,0.102,0.1,0.096,0.083,0.085,0.09,0.108,0.093,0.086,0.086,0.089,0.089,0.089,0.09,0.089,0.09,0.089,0.09,0.09,0.088,0.094,0.096,0.095,0.094,0.094,0.095,0.094,0.095,0.093,0.094,0.093,0.094,0.094,0.093,0.094,0.093,0.094,0.094,0.091,0.084,0.084,0.084,0.084,A,28.189
20260626,0.086,0.094,0.093,0.094,0.093,0.093,0.093,0.094,0.093,0.094,0.094,0.095,0.094,0.094,0.094,0.095,0.094,0.094,0.094,0.094,0.094,0.094,0.094,0.096,0.095,0.095,0.095,0.095,0.096,0.095,0.096,0.095,0.096,0.095,0.096,0.096,0.096,0.097,0.086,0.087,0.086,0.086,0.086,0.095,0.096,0.096,0.096,0.096,0.096,0.096,0.096,0.097,0.096,0.096,0.097,0.096,0.096,0.096,0.096,0.096,0.096,0.096,0.097,0.096,0.096,0.097,0.096,0.097,0.097,0.096,0.097,0.097,0.096,0.096,0.097,0.098,0.097,0.097,0.096,0.095,0.095,0.095,0.093,0.088,0.09,0.086,0.086,0.093,0.116,0.14,0.124,0.118,0.105,0.104,0.116,0.11,0.104,0.112,0.114,0.102,0.107,0.119,0.099,0.105,0.121,0.116,0.099,0.095,0.097,0.115,0.101,0.111,0.119,0.109,0.102,0.134,0.135,0.136,0.137,0.137,0.132,0.132,0.13,0.124,0.112,0.11,0.112,0.112,0.116,0.118,0.122,0.122,0.107,0.08,0.077,0.087,0.109,0.102,0.11,0.106,0.122,0.109,0.101,0.104,0.099,0.099,0.107,0.119,0.104,0.1,0.102,0.102,0.104,0.101,0.1,0.101,0.099,0.101,0.102,0.102,0.097,0.093,0.094,0.094,0.094,0.097,0.104,0.103,0.102,0.101,0.103,0.103,0.103,0.103,0.103,0.103,0.102,0.102,0.103,0.104,0.105,0.104,0.103,0.104,0.107,0.106,0.105,0.104,0.106,0.102,0.098,0.101,0.102,0.1,0.101,0.101,0.101,0.1,0.101,0.091,0.091,0.09,0.087,0.084,0.091,0.093,0.092,0.093,0.092,0.09,0.09,0.09,0.091,0.091,0.093,0.098,0.093,0.093,0.092,0.089,0.09,0.09,0.089,0.09,0.089,0.089,0.086,0.086,0.086,0.088,0.086,0.086,0.087,0.09,0.091,0.091,0.086,0.08,0.081,0.097,0.095,0.092,0.085,0.086,0.087,0.094,0.102,0.091,0.087,0.088,0.089,0.088,0.096,0.107,0.097,0.092,0.093,0.093,0.093,0.109,0.102,0.094,0.094,0.093,0.093,0.093,0.093,0.093,0.095,0.094,0.093,0.093,0.092,0.093,0.087,0.083,0.083,0.084,0.084,0.093,0.094,0.095,0.095,0.094,0.094,0.095,0.093,0.093,A,28.339
20260627,0.093,0.093,0.093,0.094,0.093,0.094,0.094,0.094,0.094,0.093,0.094,0.095,0.094,0.094,0.096,0.096,0.095,0.095,0.095,0.095,0.095,0.095,0.094,0.095,0.095,0.096,0.096,0.092,0.086,0.085,0.086,0.086,0.094,0.096,0.096,0.096,0.096,0.096,0.096,0.096,0.097,0.096,0.095,0.096,0.096,0.095,0.095,0.096,0.095,0.095,0.096,0.097,0.096,0.096,0.097,0.096,0.095,0.097,0.096,0.095,0.096,0.095,0.096,0.096,0.097,0.096,0.096,0.095,0.096,0.097,0.091,0.086,0.085,0.086,0.087,0.096,0.097,0.096,0.096,0.095,0.096,0.095,0.095,0.097,0.1,0.103,0.102,0.092,0.101,0.102,0.103,0.102,0.101,0.104,0.106,0.105,0.105,0.105,0.104,0.104,0.104,0.104,0.104,0.103,0.103,0.103,0.103,0.103,0.103,0.104,0.103,0.096,0.093,0.09,0.09,0.088,0.09,0.092,0.094,0.1,0.1,0.098,0.099,0.095,0.098,0.097,0.092,0.097,0.095,0.097,0.095,0.093,0.08,0.085,0.084,0.086,0.093,0.088,0.084,0.077,0.091,0.096,0.096,0.094,0.091,0.089,0.09,0.089,0.09,0.087,0.085,0.077,0.08,0.081,0.082,0.084,0.085,0.083,0.095,0.099,0.101,0.1,0.1,0.101,0.101,0.102,0.102,0.102,0.101,0.102,0.102,0.101,0.103,0.103,0.102,0.103,0.103,0.099,0.101,0.102,0.102,0.102,0.102,0.101,0.103,0.097,0.092,0.087,0.086,0.087,0.096,0.102,0.101,0.101,0.102,0.1,0.1,0.099,0.1,0.1,0.1,0.1,0.094,0.091,0.085,0.089,0.088,0.089,0.088,0.088,0.088,0.083,0.082,0.084,0.084,0.088,0.089,0.088,0.088,0.087,0.081,0.082,0.083,0.081,0.079,0.08,0.087,0.088,0.091,0.094,0.093,0.093,0.094,0.094,0.094,0.094,0.095,0.095,0.095,0.094,0.093,0.092,0.091,0.093,0.119,0.128,0.099,0.088,0.098,0.097,0.089,0.094,0.102,0.108,0.091,0.086,0.087,0.1,0.09,0.092,0.097,0.098,0.111,0.099,0.094,0.095,0.095,0.095,0.096,0.095,0.093,0.096,0.097,0.095,0.095,0.095,0.094,0.095,0.096,0.095,0.097,0.096,0.096,0.096,0.095,0.096,0.095,0.095,A,27.312
20260628,0.095,0.096,0.096,0.096,0.095,0.087,0.087,0.088,0.087,0.089,0.097,0.097,0.096,0.097,0.097,0.097,0.097,0.097,0.097,0.097,0.096,0.097,0.097,0.097,0.098,0.097,0.099,0.098,0.098,0.099,0.098,0.099,0.099,0.098,0.096,0.096,0.096,0.097,0.097,0.097,0.097,0.098,0.098,0.098,0.097,0.098,0.094,0.087,0.087,0.088,0.088,0.092,0.098,0.097,0.098,0.098,0.099,0.098,0.097,0.098,0.097,0.097,0.097,0.097,0.097,0.097,0.097,0.098,0.097,0.097,0.096,0.097,0.097,0.099,0.098,0.099,0.099,0.099,0.098,0.097,0.097,0.099,0.096,0.097,0.098,0.102,0.105,0.102,0.102,0.105,0.096,0.085,0.095,0.097,0.099,0.108,0.108,0.108,0.108,0.105,0.104,0.105,0.105,0.105,0.105,0.105,0.106,0.104,0.104,0.096,0.096,0.094,0.097,0.103,0.103,0.103,0.105,0.104,0.102,0.103,0.1,0.099,0.1,0.103,0.103,0.103,0.103,0.101,0.103,0.097,0.093,0.076,0.074,0.065,0.084,0.088,0.087,0.086,0.08,0.091,0.096,0.095,0.099,0.099,0.098,0.098,0.098,0.098,0.098,0.098,0.098,0.095,0.096,0.091,0.096,0.124,0.145,0.148,0.151,0.152,0.142,0.133,0.121,0.092,0.098,0.111,0.117,0.116,0.098,0.097,0.098,0.097,0.098,0.099,0.1,0.103,0.103,0.105,0.104,0.104,0.103,0.104,0.104,0.104,0.103,0.104,0.103,0.105,0.104,0.105,0.094,0.104,0.105,0.104,0.103,0.093,0.095,0.093,0.094,0.095,0.103,0.101,0.098,0.095,0.096,0.095,0.098,0.094,0.089,0.089,0.091,0.095,0.096,0.095,0.096,0.095,0.091,0.089,0.093,0.095,0.094,0.093,0.092,0.09,0.088,0.089,0.089,0.08,0.079,0.079,0.081,0.083,0.091,0.09,0.093,0.092,0.091,0.093,0.092,0.093,0.092,0.093,0.092,0.092,0.092,0.091,0.091,0.091,0.092,0.094,0.097,0.096,0.096,0.097,0.096,0.095,0.096,0.094,0.095,0.095,0.095,0.092,0.094,0.115,0.084,0.077,0.083,0.09,0.089,0.089,0.089,0.089,0.089,0.091,0.09,0.089,0.089,0.09,0.094,0.093,0.093,0.093,0.092,0.092,0.092,0.092,0.092,0.093,A,28.007
20260629,0.092,0.092,0.093,0.092,0.09,0.092,0.093,0.094,0.094,0.094,0.095,0.09,0.086,0.086,0.085,0.086,0.095,0.095,0.094,0.095,0.094,0.095,0.094,0.095,0.095,0.096,0.096,0.097,0.096,0.096,0.096,0.096,0.096,0.095,0.096,0.097,0.097,0.097,0.097,0.097,0.097,0.097,0.097,0.097,0.096,0.097,0.096,0.096,0.097,0.098,0.096,0.097,0.09,0.087,0.086,0.087,0.089,0.096,0.097,0.096,0.096,0.096,0.096,0.096,0.097,0.096,0.095,0.094,0.094,0.089,0.091,0.093,0.094,0.094,0.093,0.092,0.098,0.097,0.097,0.098,0.097,0.097,0.096,0.096,0.094,0.098,0.1,0.1,0.101,0.101,0.101,0.118,0.13,0.1,0.114,0.107,0.093,0.089,0.088,0.099,0.101,0.101,0.101,0.121,0.115,0.102,0.113,0.108,0.101,0.116,0.106,0.1,0.114,0.107,0.1,0.116,0.103,0.1,0.1,0.101,0.077,0.084,0.085,0.096,0.075,0.078,0.091,0.102,0.096,0.095,0.097,0.111,0.116,0.13,0.127,0.121,0.122,0.122,0.115,0.107,0.115,0.115,0.115,0.098,0.092,0.113,0.116,0.114,0.114,0.115,0.106,0.09,0.092,0.092,0.103,0.116,0.118,0.104,0.096,0.097,0.096,0.096,0.097,0.118,0.118,0.118,0.097,0.096,0.096,0.096,0.094,0.087,0.087,0.087,0.085,0.089,0.095,0.096,0.096,0.098,0.099,0.093,0.088,0.088,0.1,0.102,0.106,0.106,0.104,0.106,0.107,0.107,0.107,0.106,0.106,0.106,0.105,0.104,0.105,0.105,0.099,0.101,0.097,0.095,0.094,0.094,0.09,0.085,0.084,0.085,0.084,0.09,0.091,0.09,0.089,0.088,0.083,0.088,0.089,0.085,0.084,0.084,0.084,0.084,0.084,0.084,0.083,0.083,0.084,0.084,0.084,0.084,0.087,0.088,0.087,0.087,0.088,0.079,0.079,0.079,0.078,0.082,0.103,0.101,0.085,0.087,0.089,0.091,0.093,0.094,0.093,0.094,0.093,0.091,0.091,0.091,0.091,0.091,0.092,0.093,0.11,0.101,0.091,0.091,0.091,0.091,0.091,0.091,0.091,0.093,0.094,0.084,0.081,0.085,0.087,0.089,0.096,0.096,0.096,0.096,0.096,0.096,0.096,0.097,0.096,0.096,0.097,0.096,A,27.760
20260630,0.096,0.096,0.095,0.096,0.096,0.096,0.097,0.097,0.097,0.098,0.097,0.097,0.097,0.097,0.097,0.097,0.098,0.098,0.098,0.098,0.097,0.088,0.088,0.089,0.089,0.092,0.099,0.099,0.099,0.099,0.099,0.1,0.099,0.1,0.1,0.099,0.1,0.1,0.099,0.099,0.099,0.1,0.1,0.099,0.1,0.101,0.1,0.1,0.1,0.099,0.1,0.099,0.099,0.099,0.099,0.1,0.1,0.099,0.1,0.1,0.096,0.089,0.088,0.088,0.088,0.095,0.098,0.098,0.097,0.098,0.098,0.099,0.099,0.099,0.098,0.098,0.097,0.098,0.097,0.096,0.097,0.098,0.099,0.103,0.106,0.105,0.102,0.096,0.106,0.106,0.104,0.106,0.106,0.107,0.106,0.142,0.134,0.124,0.113,0.115,0.125,0.12,0.097,0.105,0.113,0.107,0.111,0.134,0.136,0.137,0.14,0.14,0.139,0.138,0.126,0.102,0.095,0.119,0.122,0.124,0.122,0.124,0.124,0.122,0.122,0.124,0.123,0.123,0.125,0.11,0.102,0.102,0.098,0.102,0.117,0.108,0.107,0.108,0.107,0.11,0.1,0.096,0.097,0.098,0.088,0.11,0.124,0.122,0.122,0.122,0.109,0.093,0.084,0.088,0.093,0.088,0.092,0.095,0.102,0.114,0.105,0.106,0.104,0.1,0.1,0.101,0.1,0.094,0.093,0.095,0.094,0.094,0.102,0.103,0.103,0.103,0.104,0.104,0.103,0.105,0.106,0.105,0.105,0.104,0.103,0.103,0.104,0.104,0.105,0.105,0.105,0.104,0.105,0.103,0.104,0.102,0.094,0.102,0.1,0.105,0.104,0.101,0.095,0.093,0.086,0.083,0.085,0.083,0.085,0.092,0.093,0.092,0.093,0.093,0.094,0.093,0.094,0.095,0.094,0.094,0.093,0.095,0.094,0.093,0.089,0.09,0.09,0.091,0.091,0.091,0.092,0.096,0.095,0.093,0.093,0.092,0.092,0.092,0.093,0.094,0.089,0.083,0.083,0.082,0.084,0.087,0.092,0.092,0.092,0.092,0.092,0.107,0.111,0.097,0.087,0.088,0.093,0.095,0.094,0.112,0.101,0.095,0.095,0.094,0.093,0.094,0.093,0.094,0.093,0.093,0.092,0.092,0.092,0.093,0.093,0.093,0.095,0.094,0.095,0.088,0.084,0.085,0.086,0.085,0.091,0.095,0.094,0.094,A,28.911
20260701,0.095,0.095,0.095,0.095,0.095,0.094,0.096,0.095,0.095,0.095,0.097,0.096,0.097,0.097,0.096,0.096,0.096,0.097,0.096,0.096,0.096,0.096,0.097,0.097,0.097,0.097,0.097,0.097,0.097,0.097,0.096,0.096,0.086,0.088,0.087,0.088,0.09,0.097,0.098,0.096,0.095,0.095,0.095,0.096,0.096,0.096,0.096,0.097,0.096,0.096,0.096,0.095,0.096,0.096,0.095,0.096,0.095,0.097,0.096,0.096,0.096,0.095,0.096,0.095,0.096,0.096,0.095,0.096,0.095,0.096,0.096,0.097,0.096,0.097,0.088,0.087,0.086,0.086,0.086,0.095,0.094,0.095,0.097,0.098,0.104,0.103,0.103,0.103,0.103,0.097,0.098,0.101,0.097,0.103,0.103,0.107,0.137,0.126,0.11,0.105,0.121,0.108,0.097,0.102,0.115,0.137,0.15,0.154,0.153,0.153,0.15,0.112,0.109,0.102,0.099,0.1,0.1,0.1,0.099,0.102,0.096,0.097,0.101,0.1,0.101,0.101,0.101,0.101,0.102,0.12,0.134,0.136,0.137,0.138,0.138,0.135,0.126,0.122,0.109,0.101,0.102,0.101,0.102,0.11,0.124,0.122,0.125,0.118,0.112,0.095,0.092,0.095,0.094,0.1,0.104,0.092,0.084,0.083,0.091,0.088,0.097,0.082,0.086,0.079,0.1,0.101,0.102,0.102,0.104,0.106,0.106,0.106,0.107,0.108,0.107,0.107,0.108,0.108,0.097,0.095,0.096,0.097,0.099,0.103,0.107,0.11,0.109,0.109,0.108,0.109,0.097,0.109,0.107,0.107,0.107,0.109,0.108,0.108,0.108,0.107,0.107,0.109,0.104,0.1,0.095,0.097,0.097,0.096,0.095,0.096,0.095,0.097,0.101,0.088,0.084,0.083,0.083,0.089,0.088,0.098,0.097,0.097,0.096,0.093,0.095,0.089,0.086,0.088,0.089,0.091,0.091,0.092,0.094,0.095,0.094,0.095,0.095,0.095,0.096,0.095,0.095,0.092,0.09,0.093,0.094,0.094,0.094,0.094,0.104,0.107,0.087,0.083,0.083,0.084,0.085,0.088,0.095,0.095,0.095,0.094,0.095,0.094,0.095,0.096,0.095,0.095,0.096,0.096,0.095,0.096,0.096,0.096,0.097,0.097,0.096,0.096,0.095,0.094,0.095,0.095,0.095,0.095,0.095,0.095,0.094,0.086,0.085,0.085,A,28.740
20260702,0.085,0.085,0.091,0.094,0.094,0.094,0.094,0.094,0.096,0.095,0.096,0.095,0.096,0.096,0.095,0.095,0.096,0.096,0.096,0.095,0.095,0.094,0.095,0.095,0.096,0.096,0.097,0.097,0.096,0.096,0.096,0.095,0.096,0.095,0.087,0.087,0.087,0.087,0.087,0.097,0.096,0.098,0.097,0.097,0.097,0.097,0.098,0.096,0.097,0.095,0.096,0.097,0.097,0.097,0.096,0.096,0.096,0.096,0.096,0.096,0.096,0.097,0.097,0.097,0.097,0.096,0.095,0.095,0.096,0.097,0.097,0.098,0.094,0.087,0.088,0.087,0.087,0.091,0.098,0.098,0.099,0.097,0.082,0.099,0.098,0.088,0.092,0.096,0.102,0.102,0.099,0.097,0.095,0.098,0.098,0.098,0.097,0.095,0.096,0.097,0.098,0.1,0.101,0.101,0.085,0.07,0.069,0.064,0.066,0.074,0.091,0.093,0.092,0.095,0.095,0.098,0.103,0.101,0.098,0.103,0.101,0.102,0.102,0.101,0.101,0.101,0.101,0.101,0.102,0.099,0.101,0.101,0.103,0.105,0.106,0.099,0.104,0.104,0.103,0.105,0.104,0.104,0.104,0.103,0.092,0.093,0.095,0.089,0.094,0.097,0.097,0.101,0.102,0.104,0.103,0.106,0.087,0.084,0.088,0.09,0.095,0.084,0.088,0.084,0.095,0.102,0.104,0.104,0.103,0.103,0.103,0.102,0.103,0.104,0.102,0.103,0.102,0.095,0.094,0.095,0.094,0.095,0.1,0.106,0.105,0.104,0.104,0.104,0.106,0.106,0.106,0.107,0.104,0.096,0.104,0.104,0.104,0.103,0.104,0.104,0.103,0.103,0.102,0.1,0.096,0.097,0.094,0.093,0.095,0.094,0.088,0.086,0.086,0.087,0.086,0.092,0.095,0.095,0.095,0.095,0.096,0.094,0.094,0.094,0.09,0.091,0.09,0.09,0.092,0.096,0.095,0.095,0.095,0.095,0.095,0.095,0.095,0.096,0.096,0.096,0.095,0.095,0.085,0.085,0.087,0.088,0.085,0.081,0.081,0.081,0.082,0.089,0.091,0.09,0.089,0.09,0.089,0.091,0.095,0.096,0.094,0.095,0.095,0.095,0.094,0.094,0.093,0.088,0.096,0.095,0.094,0.093,0.094,0.093,0.093,0.093,0.093,0.093,0.094,0.094,0.094,0.085,0.086,0.084,0.085,0.087,0.094,0.094,A,27.403
20260703,0.094,0.094,0.094,0.094,0.094,0.094,0.094,0.095,0.094,0.094,0.096,0.095,0.095,0.094,0.095,0.096,0.096,0.096,0.096,0.096,0.095,0.096,0.096,0.096,0.095,0.096,0.097,0.096,0.097,0.096,0.096,0.088,0.086,0.086,0.086,0.09,0.097,0.097,0.097,0.096,0.097,0.097,0.097,0.096,0.097,0.096,0.097,0.098,0.097,0.096,0.097,0.096,0.097,0.097,0.096,0.096,0.097,0.097,0.096,0.096,0.095,0.095,0.096,0.096,0.096,0.097,0.097,0.096,0.097,0.097,0.097,0.094,0.088,0.088,0.088,0.088,0.096,0.097,0.097,0.097,0.096,0.097,0.097,0.101,0.105,0.104,0.106,0.146,0.14,0.116,0.121,0.109,0.12,0.12,0.122,0.103,0.118,0.12,0.101,0.121,0.117,0.104,0.121,0.111,0.108,0.118,0.131,0.137,0.142,0.144,0.136,0.135,0.132,0.12,0.114,0.124,0.122,0.123,0.122,0.125,0.121,0.123,0.124,0.123,0.113,0.12,0.097,0.098,0.098,0.098,0.098,0.099,0.1,0.095,0.099,0.099,0.1,0.1,0.099,0.101,0.102,0.102,0.102,0.099,0.092,0.091,0.093,0.089,0.069,0.081,0.086,0.082,0.092,0.078,0.084,0.074,0.088,0.098,0.097,0.096,0.096,0.093,0.097,0.097,0.097,0.096,0.096,0.095,0.094,0.095,0.095,0.095,0.095,0.095,0.085,0.086,0.089,0.093,0.092,0.098,0.101,0.101,0.103,0.101,0.101,0.1,0.105,0.105,0.106,0.105,0.105,0.106,0.098,0.101,0.106,0.099,0.105,0.105,0.105,0.105,0.105,0.105,0.105,0.102,0.098,0.096,0.096,0.094,0.092,0.084,0.086,0.085,0.084,0.085,0.091,0.098,0.096,0.096,0.093,0.092,0.091,0.091,0.089,0.088,0.089,0.089,0.089,0.088,0.09,0.093,0.093,0.094,0.094,0.093,0.093,0.094,0.094,0.094,0.094,0.095,0.093,0.093,0.094,0.093,0.1,0.123,0.095,0.087,0.078,0.093,0.098,0.091,0.091,0.105,0.107,0.092,0.093,0.109,0.105,0.093,0.093,0.105,0.106,0.092,0.091,0.092,0.095,0.097,0.098,0.095,0.096,0.095,0.094,0.095,0.095,0.094,0.094,0.094,0.096,0.095,0.096,0.096,0.095,0.094,0.096,0.095,0.094,0.087,A,28.507
20260704,0.085,0.085,0.086,0.09,0.096,0.096,0.096,0.096,0.096,0.097,0.098,0.097,0.098,0.098,0.097,0.098,0.098,0.099,0.097,0.098,0.097,0.098,0.098,0.099,0.099,0.098,0.098,0.098,0.098,0.099,0.099,0.099,0.098,0.097,0.098,0.099,0.098,0.099,0.099,0.098,0.099,0.099,0.099,0.094,0.089,0.089,0.088,0.088,0.095,0.098,0.099,0.098,0.098,0.098,0.099,0.099,0.098,0.099,0.098,0.098,0.097,0.099,0.098,0.097,0.099,0.099,0.098,0.098,0.099,0.099,0.099,0.098,0.097,0.099,0.099,0.099,0.1,0.099,0.099,0.1,0.099,0.1,0.097,0.09,0.098,0.106,0.106,0.107,0.106,0.107,0.108,0.106,0.105,0.106,0.107,0.098,0.098,0.097,0.098,0.096,0.1,0.106,0.138,0.145,0.147,0.146,0.145,0.146,0.146,0.144,0.142,0.142,0.146,0.149,0.116,0.103,0.101,0.094,0.093,0.096,0.103,0.103,0.101,0.1,0.096,0.098,0.096,0.097,0.097,0.098,0.098,0.099,0.091,0.079,0.087,0.09,0.09,0.096,0.098,0.097,0.097,0.098,0.098,0.098,0.098,0.098,0.092,0.091,0.092,0.092,0.093,0.092,0.093,0.092,0.092,0.09,0.086,0.079,0.079,0.088,0.075,0.09,0.088,0.08,0.082,0.098,0.09,0.09,0.096,0.095,0.096,0.102,0.105,0.105,0.105,0.104,0.104,0.104,0.104,0.104,0.103,0.105,0.106,0.105,0.106,0.1,0.1,0.102,0.105,0.105,0.105,0.098,0.106,0.104,0.105,0.105,0.105,0.104,0.103,0.098,0.095,0.089,0.089,0.085,0.085,0.086,0.093,0.093,0.092,0.09,0.092,0.094,0.094,0.096,0.096,0.096,0.095,0.095,0.095,0.097,0.096,0.096,0.096,0.096,0.095,0.093,0.092,0.091,0.091,0.095,0.096,0.096,0.096,0.098,0.092,0.086,0.085,0.079,0.079,0.079,0.079,0.079,0.087,0.087,0.088,0.088,0.089,0.088,0.088,0.089,0.087,0.09,0.09,0.09,0.09,0.091,0.092,0.096,0.097,0.109,0.13,0.119,0.11,0.11,0.093,0.094,0.096,0.097,0.094,0.094,0.093,0.091,0.089,0.084,0.085,0.084,0.084,0.089,0.095,0.093,0.094,0.095,0.094,0.094,0.095,0.095,0.095,0.095,A,28.229
20260705,0.093,0.094,0.095,0.095,0.095,0.095,0.094,0.094,0.095,0.094,0.095,0.094,0.094,0.094,0.095,0.096,0.095,0.095,0.095,0.096,0.095,0.096,0.096,0.095,0.094,0.09,0.086,0.086,0.086,0.086,0.094,0.096,0.096,0.096,0.096,0.096,0.096,0.096,0.096,0.096,0.097,0.096,0.096,0.096,0.096,0.097,0.097,0.098,0.096,0.096,0.097,0.097,0.098,0.097,0.097,0.097,0.097,0.098,0.097,0.097,0.096,0.096,0.097,0.097,0.097,0.097,0.096,0.096,0.096,0.089,0.087,0.087,0.087,0.088,0.097,0.098,0.097,0.097,0.098,0.096,0.096,0.096,0.097,0.096,0.096,0.095,0.095,0.102,0.103,0.104,0.103,0.092,0.103,0.103,0.103,0.104,0.102,0.103,0.101,0.104,0.104,0.103,0.104,0.105,0.103,0.103,0.103,0.104,0.104,0.115,0.149,0.141,0.129,0.129,0.149,0.141,0.098,0.1,0.107,0.109,0.103,0.109,0.115,0.117,0.147,0.15,0.151,0.149,0.131,0.101,0.1,0.095,0.113,0.116,0.118,0.116,0.12,0.127,0.122,0.115,0.116,0.125,0.119,0.117,0.116,0.113,0.101,0.107,0.105,0.107,0.103,0.101,0.099,0.103,0.089,0.078,0.093,0.1,0.109,0.11,0.11,0.112,0.108,0.11,0.108,0.111,0.109,0.114,0.096,0.096,0.095,0.096,0.096,0.1,0.1,0.1,0.1,0.099,0.1,0.101,0.099,0.1,0.1,0.097,0.092,0.091,0.091,0.091,0.094,0.1,0.1,0.089,0.099,0.097,0.099,0.099,0.099,0.1,0.1,0.1,0.1,0.101,0.095,0.092,0.092,0.091,0.093,0.092,0.092,0.093,0.09,0.086,0.086,0.086,0.087,0.087,0.087,0.087,0.087,0.085,0.079,0.082,0.081,0.082,0.079,0.084,0.088,0.088,0.088,0.088,0.093,0.09,0.093,0.094,0.095,0.095,0.096,0.096,0.096,0.095,0.095,0.093,0.092,0.092,0.094,0.093,0.093,0.1,0.127,0.115,0.09,0.089,0.101,0.088,0.098,0.094,0.08,0.084,0.096,0.082,0.088,0.104,0.097,0.09,0.089,0.094,0.096,0.094,0.096,0.095,0.096,0.094,0.094,0.094,0.094,0.094,0.094,0.094,0.094,0.094,0.095,0.094,0.095,0.094,0.095,0.094,0.093,0.093,A,28.534
20260706,0.093,0.094,0.094,0.095,0.093,0.088,0.084,0.085,0.085,0.086,0.094,0.095,0.094,0.094,0.095,0.094,0.094,0.095,0.094,0.094,0.095,0.094,0.095,0.094,0.093,0.095,0.095,0.095,0.094,0.095,0.095,0.095,0.094,0.095,0.095,0.096,0.095,0.096,0.096,0.095,0.095,0.096,0.095,0.096,0.096,0.094,0.086,0.086,0.085,0.085,0.09,0.095,0.096,0.096,0.096,0.096,0.095,0.095,0.095,0.096,0.096,0.096,0.096,0.096,0.095,0.096,0.096,0.097,0.097,0.095,0.096,0.095,0.095,0.095,0.095,0.095,0.095,0.095,0.096,0.093,0.094,0.095,0.095,0.096,0.096,0.099,0.103,0.103,0.137,0.133,0.14,0.141,0.141,0.132,0.151,0.152,0.15,0.15,0.148,0.127,0.122,0.122,0.121,0.13,0.13,0.129,0.129,0.128,0.134,0.126,0.123,0.123,0.121,0.123,0.123,0.125,0.123,0.124,0.121,0.122,0.121,0.122,0.122,0.122,0.112,0.11,0.111,0.112,0.113,0.12,0.097,0.074,0.089,0.087,0.093,0.104,0.091,0.092,0.096,0.101,0.091,0.091,0.111,0.11,0.109,0.109,0.109,0.112,0.103,0.092,0.089,0.106,0.107,0.109,0.11,0.105,0.087,0.086,0.087,0.103,0.11,0.108,0.111,0.111,0.096,0.097,0.101,0.118,0.103,0.101,0.1,0.098,0.1,0.099,0.1,0.1,0.1,0.099,0.101,0.103,0.104,0.102,0.103,0.104,0.104,0.1,0.104,0.104,0.103,0.104,0.103,0.105,0.085,0.094,0.094,0.093,0.092,0.101,0.102,0.102,0.101,0.099,0.098,0.092,0.091,0.091,0.09,0.09,0.084,0.08,0.087,0.086,0.091,0.09,0.091,0.092,0.09,0.087,0.09,0.091,0.091,0.089,0.09,0.092,0.092,0.092,0.081,0.079,0.079,0.079,0.08,0.087,0.091,0.093,0.094,0.092,0.093,0.094,0.093,0.094,0.092,0.092,0.093,0.092,0.093,0.092,0.092,0.091,0.091,0.106,0.119,0.1,0.086,0.098,0.1,0.089,0.089,0.099,0.098,0.08,0.08,0.079,0.096,0.096,0.091,0.094,0.094,0.094,0.096,0.096,0.095,0.094,0.093,0.094,0.094,0.094,0.094,0.094,0.093,0.093,0.094,0.094,0.093,0.094,0.094,0.093,0.094,0.093,A,28.748
20260707,0.094,0.094,0.094,0.093,0.093,0.094,0.094,0.095,0.086,0.084,0.085,0.086,0.085,0.094,0.095,0.096,0.094,0.095,0.096,0.095,0.096,0.095,0.095,0.096,0.095,0.095,0.096,0.096,0.096,0.096,0.096,0.097,0.096,0.096,0.097,0.095,0.097,0.096,0.098,0.097,0.098,0.097,0.097,0.097,0.097,0.098,0.097,0.097,0.089,0.087,0.087,0.086,0.087,0.097,0.096,0.097,0.096,0.097,0.097,0.096,0.097,0.097,0.095,0.095,0.095,0.095,0.095,0.095,0.095,0.096,0.096,0.096,0.097,0.095,0.096,0.096,0.095,0.094,0.094,0.095,0.096,0.095,0.096,0.099,0.103,0.103,0.093,0.101,0.103,0.102,0.095,0.093,0.093,0.095,0.096,0.104,0.104,0.104,0.103,0.105,0.105,0.103,0.102,0.105,0.105,0.104,0.102,0.103,0.102,0.102,0.101,0.113,0.142,0.141,0.141,0.148,0.148,0.149,0.15,0.151,0.15,0.125,0.113,0.123,0.118,0.124,0.126,0.125,0.119,0.115,0.115,0.114,0.112,0.103,0.089,0.083,0.107,0.106,0.112,0.109,0.104,0.105,0.121,0.106,0.098,0.1,0.12,0.121,0.12,0.123,0.127,0.111,0.105,0.102,0.101,0.112,0.122,0.122,0.124,0.115,0.101,0.101,0.099,0.115,0.114,0.113,0.103,0.098,0.102,0.102,0.102,0.103,0.103,0.102,0.103,0.102,0.102,0.102,0.103,0.105,0.106,0.104,0.103,0.104,0.104,0.104,0.102,0.102,0.097,0.102,0.101,0.103,0.103,0.101,0.101,0.101,0.101,0.1,0.097,0.093,0.094,0.092,0.093,0.094,0.093,0.093,0.094,0.094,0.095,0.093,0.095,0.095,0.095,0.093,0.093,0.091,0.093,0.097,0.095,0.094,0.092,0.093,0.092,0.092,0.092,0.089,0.088,0.089,0.089,0.09,0.09,0.09,0.086,0.083,0.086,0.084,0.083,0.09,0.092,0.093,0.092,0.092,0.093,0.092,0.092,0.092,0.111,0.097,0.086,0.091,0.104,0.108,0.094,0.093,0.094,0.093,0.104,0.107,0.095,0.094,0.094,0.091,0.094,0.108,0.096,0.095,0.094,0.094,0.094,0.093,0.086,0.085,0.084,0.085,0.088,0.093,0.094,0.094,0.094,0.094,0.094,0.093,0.093,0.094,0.093,0.095,0.094,0.094,A,28.796
20260708,0.094,0.093,0.093,0.093,0.093,0.094,0.094,0.094,0.094,0.094,0.094,0.094,0.094,0.096,0.096,0.096,0.096,0.096,0.095,0.094,0.095,0.086,0.086,0.086,0.087,0.087,0.095,0.094,0.095,0.095,0.096,0.095,0.095,0.096,0.094,0.094,0.096,0.095,0.096,0.096,0.096,0.096,0.095,0.095,0.096,0.097,0.096,0.096,0.096,0.096,0.096,0.095,0.096,0.096,0.096,0.097,0.096,0.097,0.096,0.096,0.095,0.096,0.095,0.086,0.086,0.087,0.085,0.088,0.096,0.095,0.096,0.097,0.096,0.095,0.095,0.097,0.098,0.097,0.097,0.097,0.098,0.098,0.096,0.097,0.096,0.097,0.104,0.094,0.1,0.104,0.134,0.147,0.152,0.153,0.154,0.153,0.154,0.153,0.129,0.105,0.097,0.094,0.092,0.086,0.092,0.092,0.093,0.095,0.103,0.101,0.1,0.095,0.101,0.119,0.104,0.104,0.104,0.103,0.101,0.103,0.102,0.103,0.103,0.102,0.103,0.101,0.102,0.101,0.101,0.102,0.1,0.085,0.085,0.085,0.092,0.094,0.087,0.089,0.083,0.097,0.092,0.088,0.09,0.091,0.089,0.099,0.1,0.099,0.1,0.101,0.1,0.096,0.092,0.096,0.099,0.135,0.134,0.135,0.135,0.137,0.135,0.121,0.123,0.126,0.115,0.105,0.103,0.104,0.103,0.104,0.106,0.104,0.107,0.106,0.105,0.096,0.095,0.095,0.097,0.097,0.106,0.107,0.106,0.107,0.105,0.105,0.106,0.105,0.104,0.104,0.105,0.104,0.104,0.103,0.103,0.093,0.102,0.102,0.1,0.1,0.099,0.103,0.101,0.094,0.095,0.094,0.093,0.092,0.095,0.094,0.093,0.094,0.087,0.084,0.082,0.08,0.08,0.09,0.092,0.093,0.092,0.092,0.092,0.09,0.087,0.088,0.089,0.088,0.09,0.089,0.09,0.093,0.093,0.092,0.093,0.095,0.093,0.095,0.094,0.095,0.093,0.094,0.093,0.106,0.121,0.093,0.087,0.098,0.112,0.075,0.076,0.091,0.093,0.087,0.093,0.095,0.094,0.093,0.093,0.093,0.094,0.094,0.111,0.107,0.093,0.095,0.093,0.094,0.094,0.095,0.094,0.093,0.093,0.094,0.093,0.093,0.093,0.093,0.094,0.094,0.094,0.094,0.094,0.094,0.094,0.094,0.094,0.09,A,28.377
20260709,0.084,0.085,0.085,0.084,0.091,0.094,0.094,0.095,0.094,0.095,0.095,0.095,0.095,0.095,0.095,0.096,0.095,0.096,0.095,0.096,0.096,0.095,0.095,0.094,0.095,0.095,0.096,0.095,0.096,0.095,0.096,0.095,0.095,0.096,0.096,0.096,0.096,0.095,0.096,0.096,0.096,0.088,0.087,0.087,0.087,0.087,0.096,0.096,0.097,0.096,0.097,0.096,0.097,0.096,0.096,0.096,0.096,0.096,0.096,0.097,0.096,0.096,0.096,0.096,0.096,0.095,0.096,0.095,0.096,0.096,0.096,0.098,0.097,0.097,0.096,0.097,0.096,0.097,0.096,0.093,0.095,0.096,0.086,0.098,0.1,0.096,0.093,0.093,0.093,0.093,0.103,0.103,0.103,0.105,0.107,0.107,0.105,0.106,0.106,0.106,0.106,0.106,0.106,0.103,0.103,0.105,0.104,0.104,0.103,0.1,0.098,0.098,0.097,0.101,0.103,0.103,0.102,0.103,0.102,0.103,0.099,0.102,0.102,0.102,0.103,0.104,0.103,0.094,0.093,0.094,0.092,0.076,0.078,0.089,0.083,0.094,0.081,0.088,0.085,0.095,0.104,0.102,0.102,0.104,0.101,0.102,0.1,0.1,0.095,0.096,0.096,0.092,0.094,0.094,0.096,0.095,0.096,0.09,0.102,0.101,0.091,0.098,0.127,0.134,0.124,0.118,0.116,0.112,0.083,0.091,0.098,0.101,0.101,0.101,0.1,0.101,0.1,0.1,0.098,0.1,0.102,0.1,0.1,0.1,0.101,0.102,0.101,0.101,0.101,0.101,0.101,0.101,0.102,0.101,0.1,0.1,0.097,0.085,0.099,0.101,0.102,0.102,0.098,0.09,0.085,0.085,0.084,0.088,0.092,0.092,0.092,0.093,0.091,0.092,0.092,0.091,0.092,0.091,0.091,0.09,0.09,0.091,0.091,0.09,0.091,0.092,0.09,0.087,0.086,0.089,0.091,0.093,0.092,0.092,0.093,0.092,0.093,0.092,0.093,0.093,0.092,0.093,0.094,0.088,0.084,0.084,0.084,0.095,0.108,0.091,0.087,0.109,0.104,0.091,0.09,0.1,0.1,0.089,0.089,0.099,0.103,0.089,0.092,0.095,0.094,0.095,0.094,0.093,0.096,0.095,0.095,0.094,0.094,0.094,0.094,0.095,0.094,0.095,0.095,0.095,0.095,0.095,0.095,0.095,0.094,0.094,0.095,0.087,A,27.683
20260710,0.086,0.085,0.086,0.089,0.095,0.094,0.096,0.095,0.097,0.096,0.096,0.095,0.095,0.095,0.095,0.095,0.096,0.096,0.097,0.097,0.096,0.097,0.096,0.096,0.097,0.097,0.096,0.097,0.097,0.096,0.096,0.095,0.095,0.097,0.095,0.096,0.095,0.096,0.096,0.096,0.096,0.096,0.087,0.086,0.087,0.087,0.091,0.097,0.096,0.095,0.096,0.096,0.096,0.097,0.096,0.097,0.096,0.096,0.096,0.096,0.095,0.095,0.095,0.095,0.095,0.095,0.095,0.095,0.095,0.095,0.096,0.096,0.098,0.097,0.097,0.097,0.096,0.095,0.096,0.096,0.1,0.1,0.102,0.1,0.1,0.106,0.103,0.102,0.084,0.095,0.094,0.095,0.097,0.104,0.103,0.103,0.103,0.102,0.102,0.105,0.101,0.1,0.101,0.1,0.1,0.101,0.103,0.101,0.099,0.095,0.094,0.097,0.101,0.102,0.101,0.101,0.099,0.098,0.099,0.099,0.1,0.099,0.094,0.095,0.095,0.124,0.144,0.143,0.137,0.125,0.132,0.133,0.121,0.121,0.125,0.132,0.113,0.113,0.108,0.099,0.101,0.116,0.119,0.118,0.117,0.115,0.117,0.116,0.12,0.1,0.096,0.094,0.097,0.113,0.117,0.112,0.115,0.119,0.115,0.106,0.097,0.101,0.092,0.091,0.092,0.109,0.115,0.123,0.1,0.101,0.101,0.103,0.101,0.101,0.102,0.102,0.103,0.101,0.102,0.102,0.104,0.103,0.104,0.103,0.103,0.104,0.104,0.103,0.102,0.103,0.102,0.102,0.103,0.101,0.102,0.097,0.09,0.093,0.092,0.092,0.093,0.099,0.101,0.097,0.092,0.094,0.093,0.093,0.092,0.092,0.09,0.087,0.087,0.083,0.076,0.077,0.078,0.084,0.088,0.087,0.088,0.088,0.087,0.087,0.087,0.087,0.088,0.088,0.089,0.088,0.087,0.087,0.081,0.083,0.083,0.083,0.085,0.093,0.093,0.094,0.092,0.092,0.092,0.09,0.103,0.106,0.104,0.093,0.092,0.098,0.106,0.101,0.093,0.092,0.098,0.108,0.099,0.093,0.093,0.094,0.108,0.107,0.095,0.095,0.095,0.095,0.095,0.095,0.095,0.095,0.091,0.087,0.084,0.085,0.083,0.091,0.093,0.092,0.093,0.094,0.094,0.093,0.094,0.093,0.093,0.093,0.093,0.094,A,28.289
20260711,0.092,0.093,0.093,0.093,0.094,0.094,0.094,0.094,0.095,0.095,0.095,0.096,0.095,0.095,0.095,0.095,0.095,0.096,0.095,0.096,0.096,0.096,0.096,0.096,0.094,0.095,0.091,0.086,0.086,0.087,0.086,0.091,0.095,0.095,0.095,0.094,0.096,0.096,0.096,0.097,0.097,0.096,0.095,0.095,0.095,0.096,0.095,0.096,0.096,0.095,0.096,0.095,0.095,0.094,0.095,0.095,0.096,0.096,0.096,0.096,0.096,0.095,0.095,0.095,0.096,0.095,0.095,0.095,0.095,0.094,0.094,0.094,0.094,0.089,0.087,0.086,0.087,0.088,0.096,0.096,0.096,0.094,0.095,0.099,0.102,0.094,0.103,0.103,0.103,0.103,0.102,0.101,0.103,0.104,0.104,0.102,0.103,0.102,0.102,0.103,0.103,0.104,0.144,0.148,0.135,0.131,0.128,0.122,0.105,0.105,0.102,0.099,0.096,0.099,0.121,0.11,0.142,0.146,0.143,0.137,0.126,0.139,0.142,0.144,0.108,0.099,0.101,0.102,0.101,0.101,0.099,0.094,0.075,0.067,0.07,0.078,0.079,0.075,0.077,0.071,0.077,0.09,0.09,0.094,0.095,0.095,0.087,0.087,0.084,0.085,0.093,0.092,0.087,0.088,0.089,0.087,0.085,0.078,0.081,0.085,0.087,0.095,0.094,0.093,0.095,0.097,0.098,0.098,0.097,0.097,0.099,0.1,0.099,0.098,0.099,0.099,0.097,0.098,0.102,0.103,0.103,0.102,0.104,0.104,0.105,0.106,0.1,0.095,0.094,0.094,0.094,0.094,0.097,0.1,0.103,0.103,0.104,0.102,0.103,0.102,0.102,0.1,0.102,0.101,0.096,0.095,0.095,0.093,0.093,0.094,0.093,0.092,0.092,0.08,0.08,0.081,0.081,0.082,0.091,0.092,0.086,0.083,0.083,0.083,0.08,0.083,0.088,0.088,0.089,0.089,0.091,0.092,0.094,0.094,0.095,0.094,0.093,0.094,0.094,0.095,0.094,0.094,0.093,0.094,0.093,0.093,0.094,0.094,0.093,0.094,0.094,0.095,0.095,0.095,0.122,0.101,0.093,0.082,0.08,0.1,0.105,0.093,0.088,0.09,0.089,0.09,0.091,0.092,0.09,0.091,0.094,0.094,0.094,0.094,0.094,0.094,0.094,0.094,0.096,0.095,0.095,0.096,0.094,0.095,0.095,0.095,0.094,0.094,A,27.751
20260712,0.095,0.094,0.094,0.095,0.088,0.085,0.086,0.085,0.089,0.094,0.095,0.096,0.095,0.096,0.096,0.095,0.095,0.096,0.096,0.094,0.094,0.093,0.094,0.093,0.094,0.094,0.094,0.094,0.094,0.095,0.094,0.095,0.095,0.095,0.095,0.095,0.095,0.095,0.096,0.095,0.096,0.095,0.096,0.095,0.088,0.086,0.086,0.086,0.091,0.096,0.096,0.095,0.096,0.096,0.095,0.096,0.096,0.096,0.095,0.095,0.096,0.096,0.095,0.095,0.095,0.096,0.095,0.095,0.095,0.094,0.095,0.095,0.095,0.095,0.095,0.096,0.096,0.095,0.095,0.095,0.094,0.095,0.095,0.093,0.095,0.101,0.092,0.093,0.093,0.083,0.093,0.102,0.101,0.101,0.102,0.103,0.104,0.105,0.105,0.105,0.104,0.099,0.098,0.098,0.098,0.098,0.13,0.135,0.123,0.115,0.109,0.103,0.111,0.11,0.103,0.109,0.121,0.104,0.099,0.098,0.103,0.1,0.099,0.101,0.101,0.102,0.095,0.091,0.091,0.089,0.086,0.094,0.096,0.096,0.097,0.084,0.094,0.095,0.097,0.097,0.097,0.095,0.095,0.091,0.095,0.097,0.098,0.098,0.097,0.098,0.098,0.097,0.098,0.097,0.117,0.13,0.138,0.141,0.128,0.12,0.12,0.121,0.11,0.094,0.096,0.091,0.098,0.109,0.097,0.096,0.094,0.096,0.097,0.097,0.096,0.097,0.096,0.099,0.101,0.103,0.101,0.102,0.103,0.103,0.102,0.101,0.101,0.102,0.102,0.103,0.103,0.102,0.103,0.097,0.092,0.095,0.102,0.102,0.102,0.099,0.093,0.094,0.093,0.093,0.096,0.094,0.093,0.092,0.09,0.089,0.09,0.09,0.09,0.09,0.09,0.09,0.092,0.091,0.09,0.087,0.086,0.088,0.093,0.095,0.093,0.094,0.094,0.094,0.094,0.095,0.096,0.096,0.092,0.097,0.093,0.087,0.087,0.088,0.087,0.095,0.098,0.098,0.098,0.098,0.097,0.111,0.122,0.101,0.087,0.1,0.104,0.095,0.092,0.103,0.104,0.091,0.093,0.11,0.096,0.091,0.102,0.106,0.092,0.09,0.09,0.092,0.092,0.091,0.09,0.093,0.095,0.093,0.094,0.095,0.094,0.086,0.085,0.085,0.084,0.089,0.094,0.094,0.095,0.095,0.095,0.095,0.095,0.095,A,27.957
20260713,0.094,0.094,0.094,0.095,0.094,0.094,0.096,0.096,0.096,0.096,0.095,0.096,0.096,0.096,0.096,0.096,0.096,0.096,0.096,0.096,0.096,0.096,0.095,0.097,0.097,0.096,0.096,0.096,0.096,0.095,0.096,0.096,0.094,0.087,0.086,0.087,0.087,0.096,0.097,0.095,0.097,0.097,0.097,0.097,0.097,0.097,0.097,0.097,0.096,0.097,0.097,0.096,0.097,0.097,0.098,0.097,0.097,0.097,0.097,0.098,0.097,0.096,0.096,0.096,0.096,0.096,0.096,0.096,0.096,0.096,0.097,0.097,0.097,0.096,0.097,0.096,0.097,0.096,0.096,0.095,0.096,0.097,0.096,0.094,0.083,0.096,0.095,0.099,0.104,0.104,0.106,0.104,0.103,0.105,0.103,0.104,0.104,0.104,0.105,0.104,0.102,0.103,0.104,0.102,0.101,0.103,0.105,0.103,0.103,0.104,0.1,0.098,0.099,0.098,0.102,0.101,0.101,0.1,0.1,0.141,0.149,0.145,0.144,0.146,0.145,0.145,0.143,0.142,0.134,0.133,0.136,0.133,0.131,0.114,0.115,0.113,0.121,0.12,0.119,0.119,0.116,0.109,0.096,0.088,0.083,0.078,0.085,0.081,0.077,0.085,0.096,0.098,0.099,0.098,0.099,0.098,0.085,0.098,0.098,0.098,0.098,0.09,0.09,0.09,0.086,0.086,0.095,0.097,0.095,0.101,0.102,0.102,0.102,0.101,0.101,0.101,0.102,0.102,0.102,0.102,0.103,0.103,0.102,0.102,0.102,0.099,0.102,0.102,0.103,0.102,0.101,0.092,0.101,0.102,0.102,0.102,0.094,0.092,0.093,0.092,0.092,0.101,0.099,0.1,0.098,0.093,0.093,0.092,0.094,0.094,0.095,0.093,0.093,0.09,0.089,0.09,0.093,0.089,0.09,0.089,0.09,0.089,0.09,0.089,0.089,0.089,0.088,0.09,0.091,0.09,0.093,0.086,0.084,0.085,0.085,0.087,0.093,0.096,0.096,0.096,0.096,0.096,0.096,0.092,0.095,0.095,0.094,0.094,0.095,0.095,0.095,0.095,0.096,0.117,0.11,0.099,0.092,0.095,0.089,0.11,0.111,0.096,0.096,0.095,0.094,0.094,0.094,0.094,0.094,0.094,0.093,0.094,0.085,0.085,0.085,0.085,0.087,0.095,0.094,0.094,0.095,0.095,0.094,0.095,0.095,0.095,0.094,0.095,A,28.404
20260714,0.094,0.094,0.094,0.095,0.095,0.095,0.095,0.095,0.095,0.095,0.093,0.095,0.095,0.096,0.096,0.096,0.096,0.096,0.095,0.094,0.095,0.095,0.095,0.095,0.096,0.097,0.094,0.086,0.085,0.086,0.086,0.093,0.095,0.096,0.095,0.096,0.095,0.096,0.096,0.095,0.095,0.096,0.096,0.096,0.096,0.095,0.096,0.096,0.096,0.096,0.097,0.097,0.097,0.097,0.097,0.096,0.096,0.098,0.096,0.097,0.096,0.096,0.096,0.097,0.096,0.096,0.096,0.097,0.096,0.097,0.098,0.097,0.097,0.094,0.086,0.087,0.086,0.086,0.095,0.097,0.086,0.094,0.096,0.094,0.101,0.104,0.105,0.105,0.103,0.091,0.103,0.103,0.103,0.103,0.103,0.104,0.104,0.105,0.103,0.031,0,0,0,0,0,0,0,0,0,0,0,0,0,0,0,0,0,0,0,0,0,0,0,0,0,0,0,0,0,0,0,0,0,0,0,0,0,0,0,0,0,0,0,0,0,0,0,0,0,0,0,0,0,0,0,0,0,0,0,0,0,0,0,0,0,0,0,0,0,0,0,0,0,0,0,0,0,0,0,0,0,0,0,0,0,0,0,0,0,0,0,0,0,0,0,0,0,0,0,0,0,0,0,0,0,0,0,0,0,0,0.013,0.069,0,0.054,0.078,0.066,0,0.005,0.006,0.006,0.064,0.07,0.068,0.067,0.066,0.067,0.068,0.075,0.079,0.078,0.079,0.077,0.078,0.078,0.08,0.082,0.081,0.082,0.081,0.081,0.081,0.08,0.081,0.08,0.082,0.079,0.08,0.08,0.079,0.08,0.079,0.081,0.079,0.081,0.082,0.081,0.073,0.074,0.076,0.077,0.077,0.078,0.077,0.078,0.077,0.078,0.079,0.077,0.078,0.076,0.074,0.081,0.08,0.08,0.08,0.081,0.081,0.08,0.08,0.08,0.081,0.081,0.081,0.081,0.081,0.082,0.081,0.08,A,15.122
20260715,0.081,0.08,0.081,0.082,0.081,0.081,0.082,0.082,0.083,0.085,0.082,0.083,0.082,0.082,0.083,0.082,0.083,0.083,0.083,0.083,0.082,0.082,0.082,0.082,0.083,0.083,0.083,0.083,0.082,0.083,0.082,0.083,0.083,0.083,0.083,0.084,0.083,0.077,0.074,0.073,0.074,0.074,0.074,0.074,0.073,0.079,0.084,0.084,0.084,0.083,0.084,0.084,0.082,0.082,0.083,0.083,0.082,0.083,0.084,0.083,0.083,0.082,0.082,0.083,0.082,0.083,0.083,0.082,0.08,0.082,0.082,0.083,0.083,0.082,0.083,0.081,0.073,0.072,0.07,0.069,0.071,0.077,0.072,0.083,0.087,0.087,0.077,0.083,0.09,0.082,0.08,0.081,0.081,0.089,0.085,0.086,0.086,0.078,0.082,0.086,0.087,0.087,0.087,0.087,0.086,0.087,0.085,0.086,0.087,0.089,0.088,0.089,0.087,0.077,0.071,0.065,0.08,0.075,0.072,0.08,0.069,0.127,0.077,0.062,0.061,0.06,0.081,0.087,0.088,0.088,0.023,0,0.044,0.088,0.083,0.089,0.089,0.089,0.087,0.088,0.107,0.118,0.095,0.101,0.118,0.081,0.079,0.094,0.09,0.086,0.085,0.085,0.087,0.086,0.082,0.079,0.084,0.085,0.086,0.087,0.086,0.087,0.09,0.128,0.118,0.117,0.102,0.086,0.084,0.084,0.095,0.129,0.083,0.084,0.084,0.083,0.083,0.084,0.084,0.075,0.075,0.076,0.078,0.075,0.098,0.1,0.1,0.1,0.1,0.1,0.101,0.103,0.098,0.097,0.101,0.102,0.1,0.101,0.101,0.1,0.101,0.099,0.09,0.1,0.099,0.094,0.093,0.093,0.092,0.092,0.093,0.09,0.092,0.091,0.091,0.083,0.069,0.069,0.068,0.074,0.088,0.085,0.085,0.086,0.094,0.092,0.09,0.088,0.09,0.09,0.09,0.089,0.089,0.091,0.092,0.094,0.093,0.094,0.093,0.093,0.093,0.093,0.093,0.091,0.092,0.091,0.091,0.092,0.088,0.083,0.084,0.084,0.084,0.09,0.094,0.092,0.092,0.092,0.093,0.106,0.119,0.085,0.085,0.086,0.087,0.087,0.087,0.086,0.087,0.088,0.089,0.09,0.089,0.089,0.09,0.089,0.089,0.089,0.089,0.089,0.09,0.089,0.09,0.089,0.089,0.089,0.088,0.089,A,24.748
20260716,0.083,0.083,0.084,0.084,0.086,0.092,0.092,0.093,0.094,0.093,0.093,0.093,0.093,0.093,0.094,0.094,0.094,0.095,0.093,0.093,0.094,0.094,0.094,0.094,0.093,0.093,0.093,0.093,0.094,0.095,0.094,0.095,0.087,0.084,0.085,0.085,0.09,0.095,0.094,0.095,0.093,0.094,0.094,0.095,0.094,0.094,0.094,0.092,0.092,0.093,0.093,0.094,0.093,0.093,0.093,0.093,0.093,0.093,0.093,0.093,0.092,0.092,0.092,0.092,0.092,0.092,0.092,0.092,0.092,0.092,0.094,0.095,0.095,0.094,0.094,0.094,0.094,0.092,0.094,0.093,0.098,0.098,0.092,0.091,0.091,0.095,0.097,0.102,0.101,0.09,0.105,0.103,0.102,0.104,0.104,0.102,0.102,0.102,0.103,0.103,0.102,0.101,0.101,0.099,0.094,0.094,0.094,0.093,0.095,0.095,0.098,0.095,0.095,0.095,0.095,0.094,0.094,0.094,0.094,0.095,0.093,0.094,0.094,0.093,0.094,0.094,0.094,0.095,0.096,0.088,0.088,0.088,0.088,0.073,0.103,0.121,0.127,0.129,0.124,0.126,0.121,0.135,0.139,0.14,0.139,0.139,0.14,0.141,0.141,0.141,0.14,0.14,0.143,0.143,0.144,0.145,0.143,0.134,0.142,0.144,0.124,0.113,0.112,0.112,0.109,0.109,0.106,0.103,0.088,0.084,0.086,0.092,0.093,0.094,0.092,0.093,0.093,0.095,0.094,0.094,0.094,0.093,0.095,0.097,0.101,0.102,0.102,0.1,0.101,0.1,0.101,0.101,0.101,0.092,0.099,0.098,0.1,0.1,0.1,0.1,0.101,0.101,0.101,0.1,0.093,0.084,0.084,0.084,0.085,0.086,0.09,0.094,0.094,0.093,0.093,0.094,0.094,0.095,0.094,0.095,0.095,0.094,0.094,0.089,0.09,0.089,0.09,0.09,0.091,0.092,0.093,0.095,0.096,0.094,0.094,0.093,0.094,0.095,0.095,0.095,0.095,0.096,0.096,0.096,0.095,0.096,0.095,0.086,0.086,0.085,0.084,0.081,0.091,0.094,0.092,0.092,0.092,0.092,0.092,0.092,0.093,0.093,0.093,0.093,0.088,0.087,0.088,0.092,0.092,0.091,0.092,0.091,0.091,0.092,0.091,0.092,0.092,0.093,0.093,0.092,0.094,0.092,0.092,0.093,0.092,0.093,0.092,0.093,A,28.157
Total for Period,,,,,,,,,,,,,,,,,,,,,,,,,,,,,,,,,,,,,,,,,,,,,,,,,,,,,,,,,,,,,,,,,,,,,,,,,,,,,,,,,,,,,,,,,,,,,,,,,,,,,,,,,,,,,,,,,,,,,,,,,,,,,,,,,,,,,,,,,,,,,,,,,,,,,,,,,,,,,,,,,,,,,,,,,,,,,,,,,,,,,,,,,,,,,,,,,,,,,,,,,,,,,,,,,,,,,,,,,,,,,,,,,,,,,,,,,,,,,,,,,,,,,,,,,,,,,,,,,,,,,,,,,,,,,,,,,,,,,,,,,,,,,,,,,,1685.692
Stream ID,"Meter 213294978,213294978,213294978,213294978",Q1,Q1,KVARH,CONSUMPTION
LOCAL TIME,AEST
Date/Time,0:00,0:05,0:10,0:15,0:20,0:25,0:30,0:35,0:40,0:45,0:50,0:55,1:00,1:05,1:10,1:15,1:20,1:25,1:30,1:35,1:40,1:45,1:50,1:55,2:00,2:05,2:10,2:15,2:20,2:25,2:30,2:35,2:40,2:45,2:50,2:55,3:00,3:05,3:10,3:15,3:20,3:25,3:30,3:35,3:40,3:45,3:50,3:55,4:00,4:05,4:10,4:15,4:20,4:25,4:30,4:35,4:40,4:45,4:50,4:55,5:00,5:05,5:10,5:15,5:20,5:25,5:30,5:35,5:40,5:45,5:50,5:55,6:00,6:05,6:10,6:15,6:20,6:25,6:30,6:35,6:40,6:45,6:50,6:55,7:00,7:05,7:10,7:15,7:20,7:25,7:30,7:35,7:40,7:45,7:50,7:55,8:00,8:05,8:10,8:15,8:20,8:25,8:30,8:35,8:40,8:45,8:50,8:55,9:00,9:05,9:10,9:15,9:20,9:25,9:30,9:35,9:40,9:45,9:50,9:55,10:00,10:05,10:10,10:15,10:20,10:25,10:30,10:35,10:40,10:45,10:50,10:55,11:00,11:05,11:10,11:15,11:20,11:25,11:30,11:35,11:40,11:45,11:50,11:55,12:00,12:05,12:10,12:15,12:20,12:25,12:30,12:35,12:40,12:45,12:50,12:55,13:00,13:05,13:10,13:15,13:20,13:25,13:30,13:35,13:40,13:45,13:50,13:55,14:00,14:05,14:10,14:15,14:20,14:25,14:30,14:35,14:40,14:45,14:50,14:55,15:00,15:05,15:10,15:15,15:20,15:25,15:30,15:35,15:40,15:45,15:50,15:55,16:00,16:05,16:10,16:15,16:20,16:25,16:30,16:35,16:40,16:45,16:50,16:55,17:00,17:05,17:10,17:15,17:20,17:25,17:30,17:35,17:40,17:45,17:50,17:55,18:00,18:05,18:10,18:15,18:20,18:25,18:30,18:35,18:40,18:45,18:50,18:55,19:00,19:05,19:10,19:15,19:20,19:25,19:30,19:35,19:40,19:45,19:50,19:55,20:00,20:05,20:10,20:15,20:20,20:25,20:30,20:35,20:40,20:45,20:50,20:55,21:00,21:05,21:10,21:15,21:20,21:25,21:30,21:35,21:40,21:45,21:50,21:55,22:00,22:05,22:10,22:15,22:20,22:25,22:30,22:35,22:40,22:45,22:50,22:55,23:00,23:05,23:10,23:15,23:20,23:25,23:30,23:35,23:40,23:45,23:50,23:55,Quality,Total
20260517,0,0,0,0,0,0,0,0,0,0,0,0,0,0,0,0,0,0,0,0,0,0,0,0,0,0,0,0,0,0,0,0,0,0,0,0,0,0,0,0,0,0,0,0,0,0,0,0,0,0,0,0,0,0,0,0,0,0,0,0,0,0,0,0,0,0,0,0,0,0,0,0,0,0,0,0,0,0,0,0,0,0,0,0,0,0,0,0,0,0,0,0,0,0,0,0,0,0,0,0,0,0,0,0,0,0,0,0,0,0,0,0,0,0,0,0,0,0,0,0,0,0,0,0,0,0,0,0,0,0,0,0,0,0,0,0,0,0,0,0,0,0,0,0,0,0,0,0,0,0,0,0,0,0,0,0,0,0,0,0,0,0,0,0,0,0,0,0,0,0,0,0,0,0,0,0,0,0,0,0,0,0,0,0,0,0,0,0,0,0,0,0,0,0,0,0,0,0,0,0,0,0,0,0,0,0,0,0,0,0,0,0,0,0,0,0,0,0,0,0,0,0,0,0,0,0,0,0,0,0,0,0,0,0,0,0,0,0,0,0,0,0,0,0,0,0,0,0,0,0,0,0,0,0,0,0,0,0,0,0,0,0,0,0,0,0,0,0,0,0,0,0,0,0,0,0,0,0,0,0,0,0,0,0,0,0,0,0,A,0
20260518,0,0,0,0,0,0,0,0,0,0,0,0,0,0,0,0,0,0,0,0,0,0,0,0,0,0,0,0,0,0,0,0,0,0,0,0,0,0,0,0,0,0,0,0,0,0,0,0,0,0,0,0,0,0,0,0,0,0,0,0,0,0,0,0,0,0,0,0,0,0,0,0,0,0,0,0,0,0,0,0,0,0,0,0,0,0,0,0,0,0,0,0,0,0,0,0,0,0,0,0,0,0,0,0,0,0,0,0,0,0,0,0,0,0,0,0,0,0,0,0,0,0,0,0,0,0,0,0,0,0,0,0,0,0,0,0,0,0,0,0,0,0,0,0,0,0,0,0,0,0,0,0,0,0,0,0,0,0,0,0,0,0,0,0,0,0,0,0,0,0,0,0,0,0,0,0,0,0,0,0,0,0,0,0,0,0,0,0,0,0,0,0,0,0,0,0,0,0,0,0,0,0,0,0,0,0,0,0,0,0,0,0,0,0,0,0,0,0,0,0,0,0,0,0,0,0,0,0,0,0,0,0,0,0,0,0,0,0,0,0,0,0,0,0,0,0,0,0,0,0,0,0,0,0,0,0,0,0,0,0,0,0,0,0,0,0,0,0,0,0,0,0,0,0,0,0,0,0,0,0,0,0,0,0,0,0,0,0,A,0
20260519,0,0,0,0,0,0,0,0,0,0,0,0,0,0,0,0,0,0,0,0,0,0,0,0,0,0,0,0,0,0,0,0,0,0,0,0,0,0,0,0,0,0,0,0,0,0,0,0,0,0,0,0,0,0,0,0,0,0,0,0,0,0,0,0,0,0,0,0,0,0,0,0,0,0,0,0,0,0,0,0,0,0,0,0,0,0,0,0,0,0,0,0,0,0,0,0,0,0,0,0,0,0,0,0,0,0,0,0,0,0,0,0,0,0,0,0,0,0,0,0,0,0,0,0,0,0,0,0,0,0,0,0,0,0,0,0,0,0,0,0,0,0,0,0,0,0,0,0,0,0,0,0,0,0,0,0,0,0,0,0,0,0,0,0,0,0,0,0,0,0,0,0,0,0,0,0,0,0,0,0,0,0,0,0,0,0,0,0,0,0,0,0,0,0,0,0,0,0,0,0,0,0,0,0,0,0,0,0,0,0,0,0,0,0,0,0,0,0,0,0,0,0,0,0,0,0,0,0,0,0,0,0,0,0,0,0,0,0,0,0,0,0,0,0,0,0,0,0,0,0,0,0,0,0,0,0,0,0,0,0,0,0,0,0,0,0,0,0,0,0,0,0,0,0,0,0,0,0,0,0,0,0,0,0,0,0,0,0,A,0
20260520,0,0,0,0,0,0,0,0,0,0,0,0,0,0,0,0,0,0,0,0,0,0,0,0,0,0,0,0,0,0,0,0,0,0,0,0,0,0,0,0,0,0,0,0,0,0,0,0,0,0,0,0,0,0,0,0,0,0,0,0,0,0,0,0,0,0,0,0,0,0,0,0,0,0,0,0,0,0,0,0,0,0,0,0,0,0,0,0,0,0,0,0,0,0,0,0,0,0,0,0,0,0,0,0,0,0,0,0,0,0,0,0,0,0,0,0,0,0,0,0,0,0,0,0,0,0,0,0,0,0,0,0,0,0,0,0,0,0,0,0,0,0,0,0,0,0,0,0,0,0,0,0,0,0,0,0,0,0,0,0,0,0,0,0,0,0,0,0,0,0,0,0,0,0,0,0,0,0,0,0,0,0,0,0,0,0,0,0,0,0,0,0,0,0,0,0,0,0,0,0,0,0,0,0,0,0,0,0,0,0,0,0,0,0,0,0,0,0,0,0,0,0,0,0,0,0,0,0,0,0,0,0,0,0,0,0,0,0,0,0,0,0,0,0,0,0,0,0,0,0,0,0,0,0,0,0,0,0,0,0,0,0,0,0,0,0,0,0,0,0,0,0,0,0,0,0,0,0,0,0,0,0,0,0,0,0,0,0,A,0
20260521,0,0,0,0,0,0,0,0,0,0,0,0,0,0,0,0,0,0,0,0,0,0,0,0,0,0,0,0,0,0,0,0,0,0,0,0,0,0,0,0,0,0,0,0,0,0,0,0,0,0,0,0,0,0,0,0,0,0,0,0,0,0,0,0,0,0,0,0,0,0,0,0,0,0,0,0,0,0,0,0,0,0,0,0,0,0,0,0,0,0,0,0,0,0,0,0,0,0,0,0,0,0,0,0,0,0,0,0,0,0,0,0,0,0,0,0,0,0,0,0,0,0,0,0,0,0,0,0,0,0,0,0,0,0,0,0,0,0,0,0,0,0,0,0,0,0,0,0,0,0,0,0,0,0,0,0,0,0,0,0,0,0,0,0,0,0,0,0,0,0,0,0,0,0,0,0,0,0,0,0,0,0,0,0,0,0,0,0,0,0,0,0,0,0,0,0,0,0,0,0,0,0,0,0,0,0,0,0,0,0,0,0,0,0,0,0,0,0,0,0,0,0,0,0,0,0,0,0,0,0,0,0,0,0,0,0,0,0,0,0,0,0,0,0,0,0,0,0,0,0,0,0,0,0,0,0,0,0,0,0,0,0,0,0,0,0,0,0,0,0,0,0,0,0,0,0,0,0,0,0,0,0,0,0,0,0,0,0,A,0
20260522,0,0,0,0,0,0,0,0,0,0,0,0,0,0,0,0,0,0,0,0,0,0,0,0,0,0,0,0,0,0,0,0,0,0,0,0,0,0,0,0,0,0,0,0,0,0,0,0,0,0,0,0,0,0,0,0,0,0,0,0,0,0,0,0,0,0,0,0,0,0,0,0,0,0,0,0,0,0,0,0,0,0,0,0,0,0,0,0,0,0,0,0,0,0,0,0,0,0,0,0,0,0,0,0,0,0,0,0,0,0,0,0,0,0,0,0,0,0,0,0,0,0,0,0,0,0,0,0,0,0,0,0,0,0,0,0,0.001,0,0,0,0,0,0,0,0,0,0,0,0,0,0,0,0,0,0,0,0,0,0,0,0,0,0,0,0,0,0,0,0,0,0,0,0,0,0,0,0,0,0,0,0,0,0,0,0,0,0,0,0,0,0,0,0,0,0,0,0,0,0,0,0,0,0,0,0,0,0,0,0,0,0,0,0,0,0,0,0,0,0,0,0,0,0,0,0,0,0,0,0,0,0,0,0,0,0,0,0,0,0,0,0,0,0,0,0,0,0,0,0,0,0,0,0,0,0,0,0,0,0,0,0,0,0,0,0,0,0,0,0,0,0,0,0,0,0,0,0,0,0,0,0,0,0,0,0,0,0,0,A,0.001
20260523,0,0,0,0,0,0,0,0,0,0,0,0,0,0,0,0,0,0,0,0,0,0,0,0,0,0,0,0,0,0,0,0,0,0,0,0,0,0,0,0,0,0,0,0,0,0,0,0,0,0,0,0,0,0,0,0,0,0,0,0,0,0,0,0,0,0,0,0,0,0,0,0,0,0,0,0,0,0,0,0,0,0,0,0,0,0,0,0,0,0,0,0,0,0,0,0,0,0,0,0,0,0,0,0,0,0,0,0,0,0,0,0,0,0,0,0,0,0,0,0,0,0,0,0,0,0,0,0,0,0,0,0,0,0,0,0,0,0,0,0,0,0,0,0,0,0,0,0,0,0,0,0,0,0,0,0,0,0,0,0,0,0,0,0,0,0,0,0,0,0,0,0,0,0,0,0,0,0,0,0,0,0,0,0,0,0,0,0,0,0,0,0,0,0,0,0,0,0,0,0,0,0,0,0,0,0,0,0,0,0,0,0,0,0,0,0,0,0,0,0,0,0,0,0,0,0,0,0,0,0,0,0,0,0,0,0,0,0,0,0,0,0,0,0,0,0,0,0,0,0,0,0,0,0,0,0,0,0,0,0,0,0,0,0,0,0,0,0,0,0,0,0,0,0,0,0,0,0,0,0,0,0,0,0,0,0,0,0,A,0
20260524,0,0,0,0,0,0,0,0,0,0,0,0,0,0,0,0,0,0,0,0,0,0,0,0,0,0,0,0,0,0,0,0,0,0,0,0,0,0,0,0,0,0,0,0,0,0,0,0,0,0,0,0,0,0,0,0,0,0,0,0,0,0,0,0,0,0,0,0,0,0,0,0,0,0,0,0,0,0,0,0,0,0,0,0,0,0,0,0,0,0,0,0,0,0,0,0,0,0,0,0,0,0,0,0,0,0,0,0,0,0,0,0,0,0,0,0,0,0,0,0,0,0,0,0,0,0,0,0,0,0,0,0,0,0,0,0,0,0,0,0,0,0,0,0,0,0,0,0,0,0,0,0,0,0,0,0,0,0,0,0,0,0,0,0,0,0,0,0,0,0,0,0,0,0,0,0,0,0,0,0,0,0,0,0,0,0,0,0,0,0,0,0,0,0,0,0,0,0,0,0,0,0,0,0,0,0,0,0,0,0,0,0,0,0,0,0,0,0,0,0,0,0,0,0,0,0,0,0,0,0,0,0,0,0,0,0,0,0,0,0,0,0,0,0,0,0,0,0,0,0,0,0,0,0,0,0,0,0,0,0,0,0,0,0,0,0,0,0,0,0,0,0,0,0,0,0,0,0,0,0,0,0,0,0,0,0,0,0,A,0
20260525,0,0,0,0,0,0,0,0,0,0,0,0,0,0,0,0,0,0,0,0,0,0,0,0,0,0,0,0,0,0,0,0,0,0,0,0,0,0,0,0,0,0,0,0,0,0,0,0,0,0,0,0,0,0,0,0,0,0,0,0,0,0,0,0,0,0,0,0,0,0,0,0,0,0,0,0,0,0,0,0,0,0,0,0,0,0,0,0,0,0,0,0,0,0,0,0,0,0,0,0,0,0,0,0,0,0,0,0,0,0,0,0,0,0,0,0,0,0,0,0,0,0,0,0,0,0,0,0,0,0,0,0,0,0,0,0,0,0,0,0,0,0,0,0,0,0,0,0,0,0,0,0,0,0,0,0,0,0,0,0,0,0,0,0,0,0,0,0,0,0,0,0,0,0,0,0,0,0,0,0,0,0,0,0,0,0,0,0,0,0,0,0,0,0,0,0,0,0,0,0,0,0,0,0,0,0,0,0,0,0,0,0,0,0,0,0,0,0,0,0,0,0,0,0,0,0,0,0,0,0,0,0,0,0,0,0,0,0,0,0,0,0,0,0,0,0,0,0,0,0,0,0,0,0,0,0,0,0,0,0,0,0,0,0,0,0,0,0,0,0,0,0,0,0,0,0,0,0,0,0,0,0,0,0,0,0,0,0,A,0
20260526,0,0,0,0,0,0,0,0,0,0,0,0,0,0,0,0,0,0,0,0,0,0,0,0,0,0,0,0,0,0,0,0,0,0,0,0,0,0,0,0,0,0,0,0,0,0,0,0,0,0,0,0,0,0,0,0,0,0,0,0,0,0,0,0,0,0,0,0,0,0,0,0,0,0,0,0,0,0,0,0,0,0,0,0,0,0,0,0,0,0,0,0,0,0,0,0,0,0,0,0,0,0,0,0,0,0,0,0,0,0,0,0,0,0,0,0,0,0,0,0,0,0,0,0,0,0,0,0,0,0,0,0,0,0,0,0,0,0,0,0,0,0,0,0,0,0,0,0,0,0,0,0,0,0,0,0,0,0,0,0,0,0,0,0,0,0,0,0,0,0,0,0,0,0,0,0,0,0,0,0,0,0,0,0,0,0,0,0,0,0,0,0,0,0,0,0,0,0,0,0,0,0,0,0,0,0,0,0,0,0,0,0,0,0,0,0,0,0,0,0,0,0,0,0,0,0,0,0,0,0,0,0,0,0,0,0,0,0,0,0,0,0,0,0,0,0,0,0,0,0,0,0,0,0,0,0,0,0,0,0,0,0,0,0,0,0,0,0,0,0,0,0,0,0,0,0,0,0,0,0,0,0,0,0,0,0,0,0,A,0
20260527,0,0,0,0,0,0,0,0,0,0,0,0,0,0,0,0,0,0,0,0,0,0,0,0,0,0,0,0,0,0,0,0,0,0,0,0,0,0,0,0,0,0,0,0,0,0,0,0,0,0,0,0,0,0,0,0,0,0,0,0,0,0,0,0,0,0,0,0,0,0,0,0,0,0,0,0,0,0,0,0,0,0,0,0,0,0,0,0,0,0,0,0,0,0,0,0,0,0,0,0,0,0,0,0,0,0,0,0,0,0,0,0,0,0,0,0,0,0.001,0,0,0,0,0,0,0,0,0,0,0,0,0,0,0,0,0,0,0,0,0,0,0,0,0,0,0,0,0,0,0,0,0,0,0,0,0,0,0,0,0,0,0,0,0,0,0,0,0,0,0,0,0,0,0,0,0,0,0,0,0,0,0,0,0,0,0,0,0,0,0,0,0,0,0,0,0,0,0,0,0,0,0,0,0,0,0,0,0,0,0,0,0,0,0,0,0,0,0,0,0,0,0,0,0,0,0,0,0,0,0,0,0,0,0,0,0,0,0,0,0,0,0,0,0,0,0,0,0,0,0,0,0,0,0,0,0,0,0,0,0,0,0,0,0,0,0,0,0,0,0,0,0,0,0,0,0,0,0,0,0,0,0,0,0,0,0,0,0,0,A,0.001
20260528,0,0,0,0,0,0,0,0,0,0,0,0,0,0,0,0,0,0,0,0,0,0,0,0,0,0,0,0,0,0,0,0,0,0,0,0,0,0,0,0,0,0,0,0,0,0,0,0,0,0,0,0,0,0,0,0,0,0,0,0,0,0,0,0,0,0,0,0,0,0,0,0,0,0,0,0,0,0,0,0,0,0,0,0,0,0,0,0,0,0,0,0,0,0,0,0,0,0,0,0,0,0,0,0,0,0,0,0,0,0,0,0,0,0,0,0,0,0,0,0,0,0,0,0,0,0,0,0,0,0,0,0,0,0,0,0,0,0,0,0,0,0,0,0,0,0,0,0,0,0,0,0,0,0,0,0,0,0,0,0,0,0,0,0,0,0,0,0,0,0,0,0,0,0,0,0,0,0,0,0,0,0,0,0,0,0,0,0,0,0,0,0,0,0,0,0,0,0,0,0,0,0,0,0,0,0,0,0,0,0,0,0,0,0,0,0,0,0,0,0,0,0,0,0,0,0,0,0,0,0,0,0,0,0,0,0,0,0,0,0,0,0,0,0,0,0,0,0,0,0,0,0,0,0,0,0,0,0,0,0,0,0,0,0,0,0,0,0,0,0,0,0,0,0,0,0,0,0,0,0,0,0,0,0,0,0,0,0,A,0
20260529,0,0,0,0,0,0,0,0,0,0,0,0,0,0,0,0,0,0,0,0,0,0,0,0,0,0,0,0,0,0,0,0,0,0,0,0,0,0,0,0,0,0,0,0,0,0,0,0,0,0,0,0,0,0,0,0,0,0,0,0,0,0,0,0,0,0,0,0,0,0,0,0,0,0,0,0,0,0,0,0,0,0,0,0,0,0,0,0,0,0,0,0,0,0,0,0,0,0,0,0,0,0,0,0,0,0,0,0,0,0,0,0,0,0,0,0,0,0,0,0,0,0,0,0,0,0,0,0,0,0,0,0,0,0,0,0,0,0,0,0,0,0,0,0,0,0,0,0,0,0,0,0,0,0,0,0,0,0,0,0,0,0,0,0,0,0,0,0,0,0,0,0,0,0,0,0,0,0,0,0,0,0,0,0,0,0,0,0,0,0,0,0,0,0,0,0,0,0,0,0,0,0,0,0,0,0,0,0,0,0,0,0,0,0,0,0,0,0,0,0,0,0,0,0,0,0,0,0,0,0,0,0,0,0,0,0,0,0,0,0,0,0,0,0,0,0,0,0,0,0,0,0,0,0,0,0,0,0,0,0,0,0,0,0,0,0,0,0,0,0,0,0,0,0,0,0,0,0,0,0,0,0,0,0,0,0,0,0,A,0
20260530,0,0,0,0,0,0,0,0,0,0,0,0,0,0,0,0,0,0,0,0,0,0,0,0,0,0,0,0,0,0,0,0,0,0,0,0,0,0,0,0,0,0,0,0,0,0,0,0,0,0,0,0,0,0,0,0,0,0,0,0,0,0,0,0,0,0,0,0,0,0,0,0,0,0,0,0,0,0,0,0,0,0,0,0,0,0,0,0,0,0,0,0,0,0,0,0,0,0,0,0,0,0,0,0,0,0,0,0,0,0,0,0,0,0,0,0,0,0,0,0,0,0,0,0,0,0,0,0,0,0,0,0,0,0,0,0,0,0,0,0,0,0,0,0,0,0,0,0,0,0,0,0,0,0,0,0,0,0,0,0,0,0,0,0,0,0,0,0,0,0,0,0,0,0,0,0,0,0,0,0,0,0,0,0,0,0,0,0,0,0,0,0,0,0,0,0,0,0,0,0,0,0,0,0,0,0,0,0,0,0,0,0,0,0,0,0,0,0,0,0,0,0,0,0,0,0,0,0,0,0,0,0,0,0,0,0,0,0,0,0,0,0,0,0,0,0,0,0,0,0,0,0,0,0,0,0,0,0,0,0,0,0,0,0,0,0,0,0,0,0,0,0,0,0,0,0,0,0,0,0,0,0,0,0,0,0,0,0,A,0
20260531,0,0,0,0,0,0,0,0,0,0,0,0,0,0,0,0,0,0,0,0,0,0,0,0,0,0,0,0,0,0,0,0,0,0,0,0,0,0,0,0,0,0,0,0,0,0,0,0,0,0,0,0,0,0,0,0,0,0,0,0,0,0,0,0,0,0,0,0,0,0,0,0,0,0,0,0,0,0,0,0,0,0,0,0,0,0,0,0,0,0,0,0,0,0,0,0,0,0,0,0,0,0,0,0,0,0,0,0,0,0,0,0,0,0,0,0,0,0,0,0,0,0,0,0,0,0,0,0,0,0,0,0,0,0,0,0,0,0,0,0,0,0,0,0,0,0,0,0,0,0,0,0,0,0,0,0,0,0,0,0,0,0,0,0,0,0,0,0,0,0,0,0,0,0,0,0,0,0,0,0,0,0,0,0,0,0,0,0,0,0,0,0,0,0,0,0,0,0,0,0,0,0,0,0,0,0,0,0,0,0,0,0,0,0,0,0,0,0,0,0,0,0,0,0,0,0,0,0,0,0,0,0,0,0,0,0,0,0,0,0,0,0,0,0,0,0,0,0,0,0,0,0,0,0,0,0,0,0,0,0,0,0,0,0,0,0,0,0,0,0,0,0,0,0,0,0,0,0,0,0,0,0,0,0,0,0,0,0,A,0
20260601,0,0,0,0,0,0,0,0,0,0,0,0,0,0,0,0,0,0,0,0,0,0,0,0,0,0,0,0,0,0,0,0,0,0,0,0,0,0,0,0,0,0,0,0,0,0,0,0,0,0,0,0,0,0,0,0,0,0,0,0,0,0,0,0,0,0,0,0,0,0,0,0,0,0,0,0,0,0,0,0,0,0,0,0,0,0,0,0,0,0,0,0,0,0,0,0,0,0,0,0.001,0,0,0,0,0,0,0,0,0,0,0,0,0,0,0,0,0,0,0,0,0,0,0,0,0,0,0,0,0,0,0,0,0,0,0,0,0,0,0,0,0,0,0,0,0,0,0,0,0,0,0,0,0,0,0,0,0,0,0,0,0,0,0,0,0,0,0,0,0,0,0,0,0,0,0,0,0,0,0,0,0,0,0,0,0,0,0,0,0,0,0,0,0,0,0,0,0,0,0,0,0,0,0,0,0,0,0,0,0,0,0,0,0,0,0,0,0,0,0,0,0,0,0,0,0,0,0,0,0,0,0,0,0,0,0,0,0,0,0,0,0,0,0,0,0,0,0,0,0,0,0,0,0,0,0,0,0,0,0,0,0,0,0,0,0,0,0,0,0,0,0,0,0,0,0,0,0,0,0,0,0,0,0,0,0,0,0,0,A,0.001
20260602,0,0,0,0,0,0,0,0,0,0,0,0,0,0,0,0,0,0,0,0,0,0,0,0,0,0,0,0,0,0,0,0,0,0,0,0,0,0,0,0,0,0,0,0,0,0,0,0,0,0,0,0,0,0,0,0,0,0,0,0,0,0,0,0,0,0,0,0,0,0,0,0,0,0,0,0,0,0,0,0,0,0,0,0,0,0,0,0,0,0,0,0,0,0,0,0,0,0,0,0,0,0,0,0,0,0,0,0,0,0,0,0,0,0,0,0,0,0,0,0,0,0,0,0,0,0,0,0,0,0,0,0,0,0,0,0,0,0,0,0,0,0,0,0,0,0,0,0,0,0,0,0,0,0,0,0,0,0,0,0,0,0,0,0,0,0,0,0,0,0,0,0,0,0,0,0,0,0,0,0,0,0,0,0,0,0,0,0,0,0,0,0,0,0,0,0,0,0,0,0,0,0,0,0,0,0,0,0,0,0,0,0,0,0,0,0,0,0,0,0,0,0,0,0,0,0,0,0,0,0,0,0,0,0,0,0,0,0,0,0,0,0,0,0,0,0,0,0,0,0,0,0,0,0,0,0,0,0,0,0,0,0,0,0,0,0,0,0,0,0,0,0,0,0,0,0,0,0,0,0,0,0,0,0,0,0,0,0,A,0
20260603,0,0,0,0,0,0,0,0,0,0,0,0,0,0,0,0,0,0,0,0,0,0,0,0,0,0,0,0,0,0,0,0,0,0,0,0,0,0,0,0,0,0,0,0,0,0,0,0,0,0,0,0,0,0,0,0,0,0,0,0,0,0,0,0,0,0,0,0,0,0,0,0,0,0,0,0,0,0,0,0,0,0,0,0,0,0,0,0,0,0,0,0,0,0,0,0,0,0,0,0,0,0,0,0,0,0,0,0,0,0,0,0,0,0,0,0,0,0,0,0,0,0,0,0,0,0,0,0,0,0,0,0,0,0,0.001,0,0,0,0,0,0,0,0,0,0,0,0,0,0,0,0,0,0,0,0,0,0,0,0,0,0,0,0,0,0,0,0,0,0,0,0,0,0,0,0,0,0,0,0,0,0,0,0,0,0,0,0,0,0,0,0,0,0,0,0,0,0,0,0,0,0,0,0,0,0,0,0,0,0,0,0,0,0,0,0,0,0,0,0,0,0,0,0,0,0,0,0,0,0,0,0,0,0,0,0,0,0,0,0,0,0,0,0,0,0,0,0,0,0,0,0,0,0,0,0,0,0,0,0,0,0,0,0,0,0,0,0,0,0,0,0,0,0,0,0,0,0,0,0,0,0,0,0,0,0,0,0,0,A,0.001
20260604,0,0,0,0,0,0,0,0,0,0,0,0,0,0,0,0,0,0,0,0,0,0,0,0,0,0,0,0,0,0,0,0,0,0,0,0,0,0,0,0,0,0,0,0,0,0,0,0,0,0,0,0,0,0,0,0,0,0,0,0,0,0,0,0,0,0,0,0,0,0,0,0,0,0,0,0,0,0,0,0,0,0,0,0,0,0,0,0,0,0,0,0,0,0,0,0,0,0,0,0,0,0,0,0,0,0,0,0,0,0,0,0,0,0,0,0,0,0,0,0,0,0,0,0,0,0,0,0,0,0,0,0,0,0,0,0,0,0,0,0,0,0,0,0,0,0,0,0,0,0,0,0,0,0,0,0,0,0,0,0,0,0,0,0,0,0,0,0,0,0,0,0,0,0,0,0,0,0,0,0,0,0,0,0,0,0,0,0,0,0,0,0,0,0,0,0,0,0,0,0,0,0,0,0,0,0,0,0,0,0,0,0,0,0,0,0,0,0,0,0,0,0,0,0,0,0,0,0,0,0,0,0,0,0,0,0,0,0,0,0,0,0,0,0,0,0,0,0,0,0,0,0,0,0,0,0,0,0,0,0,0,0,0,0,0,0,0,0,0,0,0,0,0,0,0,0,0,0,0,0,0,0,0,0,0,0,0,0,A,0
20260605,0,0,0,0,0,0,0,0,0,0,0,0,0,0,0,0,0,0,0,0,0,0,0,0,0,0,0,0,0,0,0,0,0,0,0,0,0,0,0,0,0,0,0,0,0,0,0,0,0,0,0,0,0,0,0,0,0,0,0,0,0,0,0,0,0,0,0,0,0,0,0,0,0,0,0,0,0,0,0,0,0,0,0,0,0,0,0,0,0,0,0,0,0,0,0,0,0,0,0,0,0,0,0,0,0,0,0,0,0,0,0,0,0,0,0,0,0,0,0,0,0,0,0,0,0,0,0,0,0,0,0,0,0,0,0,0,0,0,0,0,0,0,0,0,0,0,0,0,0,0,0,0,0,0,0,0,0,0,0,0,0,0,0,0,0,0,0,0,0,0,0,0,0,0,0,0,0,0,0,0,0,0,0,0,0,0,0,0,0,0,0,0,0,0,0,0,0,0,0,0,0,0,0,0,0,0,0,0,0,0,0,0,0,0,0,0,0,0,0,0,0,0,0,0,0,0,0,0,0,0,0,0,0,0,0,0,0,0,0,0,0,0,0,0,0,0,0,0,0,0,0,0,0,0,0,0,0,0,0,0,0,0,0,0,0,0,0,0,0,0,0,0,0,0,0,0,0,0,0,0,0,0,0,0,0,0,0,0,A,0
20260606,0,0,0,0,0,0,0,0,0,0,0,0,0,0,0,0,0,0,0,0,0,0,0,0,0,0,0,0,0,0,0,0,0,0,0,0,0,0,0,0,0,0,0,0,0,0,0,0,0,0,0,0,0,0,0,0,0,0,0,0,0,0,0,0,0,0,0,0,0,0,0,0,0,0,0,0,0,0,0,0,0,0,0,0,0,0,0,0,0,0,0,0,0,0,0,0,0,0,0,0,0,0,0,0,0,0,0,0,0,0,0,0,0,0,0,0,0,0,0,0,0,0,0,0,0,0,0,0,0,0,0,0,0,0,0,0,0,0,0,0,0,0,0,0,0,0,0,0,0,0,0,0,0,0,0,0,0,0,0,0,0,0,0,0,0,0,0,0,0,0,0,0,0,0,0,0,0,0,0,0,0,0,0,0,0,0,0,0,0,0,0,0,0,0,0,0,0,0,0,0,0,0,0,0,0,0,0,0,0,0,0,0,0,0,0,0,0,0,0,0,0,0,0,0,0,0,0,0,0,0,0,0,0,0,0,0,0,0,0,0,0,0,0,0,0,0,0,0,0,0,0,0,0,0,0,0,0,0,0,0,0,0,0,0,0,0,0,0,0,0,0,0,0,0,0,0,0,0,0,0,0,0,0,0,0,0,0,0,A,0
20260607,0,0,0,0,0,0,0,0,0,0,0,0,0,0,0,0,0,0,0,0,0,0,0,0,0,0,0,0,0,0,0,0,0,0,0,0,0,0,0,0,0,0,0,0,0,0,0,0,0,0,0,0,0,0,0,0,0,0,0,0,0,0,0,0,0,0,0,0,0,0,0,0,0,0,0,0,0,0,0,0,0,0,0,0,0,0,0,0,0,0,0,0,0,0,0,0,0,0,0,0,0,0,0,0,0,0,0,0,0,0,0,0,0,0,0,0,0,0,0,0,0,0,0,0,0,0,0,0,0,0,0,0,0,0,0,0,0,0,0,0,0,0,0,0,0,0,0,0,0,0,0,0,0,0,0,0,0,0,0,0,0,0,0,0,0,0,0,0,0,0,0,0,0,0,0,0,0,0,0,0,0,0,0,0,0,0,0,0,0,0,0,0,0,0,0,0,0,0,0,0,0,0,0,0,0,0,0,0,0,0,0,0,0,0,0,0,0,0,0,0,0,0,0,0,0,0,0,0,0,0,0,0,0,0,0,0,0,0,0,0,0,0,0,0,0,0,0,0,0,0,0,0,0,0,0,0,0,0,0,0,0,0,0,0,0,0,0,0,0,0,0,0,0,0,0,0,0,0,0,0,0,0,0,0,0,0,0,0,A,0
20260608,0,0,0,0,0,0,0,0,0,0,0,0,0,0,0,0,0,0,0,0,0,0,0,0,0,0,0,0,0,0,0,0,0,0,0,0,0,0,0,0,0,0,0,0,0,0,0,0,0,0,0,0,0,0,0,0,0,0,0,0,0,0,0,0,0,0,0,0,0,0,0,0,0,0,0,0,0,0,0,0,0,0,0,0,0,0,0,0,0,0,0,0,0,0,0,0,0,0,0,0,0,0,0,0,0,0,0,0,0,0,0,0,0,0,0,0,0,0,0,0,0,0,0,0,0,0,0,0,0,0,0,0,0,0,0,0,0,0,0,0,0,0,0,0,0,0,0,0,0,0,0,0,0,0,0,0,0,0,0,0,0,0,0,0,0,0,0,0,0,0,0,0,0,0,0,0,0,0,0,0,0,0,0,0,0,0,0,0,0,0,0,0,0,0,0,0,0,0,0,0,0,0,0,0,0,0,0,0,0,0,0,0,0,0,0,0,0,0,0,0,0,0,0,0,0,0,0,0,0,0,0,0,0,0,0,0,0,0,0,0,0,0,0,0,0,0,0,0,0,0,0,0,0,0,0,0,0,0,0,0,0,0,0,0,0,0,0,0,0,0,0,0,0,0,0,0,0,0,0,0,0,0,0,0,0,0,0,0,A,0
20260609,0,0,0,0,0,0,0,0,0,0,0,0,0,0,0,0,0,0,0,0,0,0,0,0,0,0,0,0,0,0,0,0,0,0,0,0,0,0,0,0,0,0,0,0,0,0,0,0,0,0,0,0,0,0,0,0,0,0,0,0,0,0,0,0,0,0,0,0,0,0,0,0,0,0,0,0,0,0,0,0,0,0,0,0,0,0,0,0,0,0,0,0,0,0,0,0,0,0,0,0,0,0,0,0,0,0,0,0,0,0,0,0,0,0,0,0,0,0,0,0,0,0,0,0,0,0,0,0,0,0,0,0,0,0,0,0,0,0,0,0,0,0,0,0,0,0,0,0,0,0,0,0,0,0,0,0,0,0,0,0,0,0,0,0,0,0,0,0,0,0,0,0,0,0,0,0,0,0,0,0,0,0,0,0,0,0,0,0,0,0,0,0,0,0,0,0,0,0,0,0,0,0,0,0,0,0,0,0,0,0,0,0,0,0,0,0,0,0,0,0,0,0,0,0,0,0,0,0,0,0,0,0,0,0,0,0,0,0,0,0,0,0,0,0,0,0,0,0,0,0,0,0,0,0,0,0,0,0,0,0,0,0,0,0,0,0,0,0,0,0,0,0,0,0,0,0,0,0,0,0,0,0,0,0,0,0,0,0,A,0
20260610,0,0,0,0,0,0,0,0,0,0,0,0,0,0,0,0,0,0,0,0,0,0,0,0,0,0,0,0,0,0,0,0,0,0,0,0,0,0,0,0,0,0,0,0,0,0,0,0,0,0,0,0,0,0,0,0,0,0,0,0,0,0,0,0,0,0,0,0,0,0,0,0,0,0,0,0,0,0,0,0,0,0,0,0,0,0,0,0,0,0,0,0,0,0,0,0,0,0,0,0,0,0,0,0,0,0,0,0,0,0,0,0,0,0,0,0,0,0,0,0,0,0,0,0,0,0,0,0,0,0,0,0,0,0,0,0,0,0,0,0,0,0,0,0,0,0,0,0,0,0,0,0,0,0,0,0,0,0,0,0,0,0,0,0,0,0,0,0,0,0,0,0,0,0,0,0,0,0,0,0,0,0,0,0,0,0,0,0,0,0,0,0,0,0,0,0,0,0,0,0,0,0,0,0,0,0,0,0,0,0,0,0,0,0,0,0,0,0,0,0,0,0,0,0,0,0,0,0,0,0,0,0,0,0,0,0,0,0,0,0,0,0,0,0,0,0,0,0,0,0,0,0,0,0,0,0,0,0,0,0,0,0,0,0,0,0,0,0,0,0,0,0,0,0,0,0,0,0,0,0,0,0,0,0,0,0,0,0,A,0
20260611,0,0,0,0,0,0,0,0,0,0,0,0,0,0,0,0,0,0,0,0,0,0,0,0,0,0,0,0,0,0,0,0,0,0,0,0,0,0,0,0,0,0,0,0,0,0,0,0,0,0,0,0,0,0,0,0,0,0,0,0,0,0,0,0,0,0,0,0,0,0,0,0,0,0,0,0,0,0,0,0,0,0,0,0,0,0,0,0,0,0,0,0,0,0,0,0,0,0,0,0,0,0,0,0,0,0,0,0,0,0,0,0,0,0,0,0,0,0,0,0,0,0,0,0,0,0,0,0,0,0,0,0,0,0,0,0,0,0,0,0,0,0,0,0,0,0,0,0,0,0,0,0,0,0,0,0,0,0,0,0,0,0,0,0,0,0,0,0,0,0,0,0,0,0,0,0,0,0,0,0,0,0,0,0,0,0,0,0,0,0,0,0,0,0,0,0,0,0,0,0,0,0,0,0,0,0,0,0,0,0,0,0,0,0,0,0,0,0,0,0,0,0,0,0,0,0,0,0,0,0,0,0,0,0,0,0,0,0,0,0,0,0,0,0,0,0,0,0,0,0,0,0,0,0,0,0,0,0,0,0,0,0,0,0,0,0,0,0,0,0,0,0,0,0,0,0,0,0,0,0,0,0,0,0,0,0,0,0,A,0
20260612,0,0,0,0,0,0,0,0,0,0,0,0,0,0,0,0,0,0,0,0,0,0,0,0,0,0,0,0,0,0,0,0,0,0,0,0,0,0,0,0,0,0,0,0,0,0,0,0,0,0,0,0,0,0,0,0,0,0,0,0,0,0,0,0,0,0,0,0,0,0,0,0,0,0,0,0,0,0,0,0,0,0,0,0,0,0,0,0,0,0,0,0,0,0,0,0,0,0,0,0,0,0,0,0,0,0,0,0,0,0,0,0,0,0,0,0,0,0,0,0,0,0,0,0,0,0,0,0,0,0,0,0,0,0,0,0,0,0,0,0,0,0,0,0,0,0,0,0,0,0,0,0,0,0,0,0,0,0,0,0,0,0,0,0,0,0,0,0,0,0,0,0,0,0,0,0,0,0,0,0,0,0,0,0,0,0,0,0,0,0,0,0,0,0,0,0,0,0,0,0,0,0,0,0,0,0,0,0,0,0,0,0,0,0,0,0,0,0,0,0,0,0,0,0,0,0,0,0,0,0,0,0,0,0,0,0,0,0,0,0,0,0,0,0,0,0,0,0,0,0,0,0,0,0,0,0,0,0,0,0,0,0,0,0,0,0,0,0,0,0,0,0,0,0,0,0,0,0,0,0,0,0,0,0,0,0,0,0,A,0
20260613,0,0,0,0,0,0,0,0,0,0,0,0,0,0,0,0,0,0,0,0,0,0,0,0,0,0,0,0,0,0,0,0,0,0,0,0,0,0,0,0,0,0,0,0,0,0,0,0,0,0,0,0,0,0,0,0,0,0,0,0,0,0,0,0,0,0,0,0,0,0,0,0,0,0,0,0,0,0,0,0,0,0,0,0,0,0,0,0,0,0,0,0,0,0,0,0,0,0,0,0,0,0,0,0,0,0,0,0,0,0,0,0,0,0,0,0,0,0,0,0,0,0,0,0,0,0,0,0,0,0,0,0,0,0,0,0,0,0,0,0,0,0,0,0,0,0,0,0,0,0,0,0,0,0,0,0,0,0,0,0,0,0,0,0,0,0,0,0,0,0,0,0,0,0,0,0,0,0,0,0,0,0,0,0,0,0,0,0,0,0,0,0,0,0,0,0,0,0,0,0,0,0,0,0,0,0,0,0,0,0,0,0,0,0,0,0,0,0,0,0,0,0,0,0,0,0,0,0,0,0,0,0,0,0,0,0,0,0,0,0,0,0,0,0,0,0,0,0,0,0,0,0,0,0,0,0,0,0,0,0,0,0,0,0,0,0,0,0,0,0,0,0,0,0,0,0,0,0,0,0,0,0,0,0,0,0,0,0,A,0
20260614,0,0,0,0,0,0,0,0,0,0,0,0,0,0,0,0,0,0,0,0,0,0,0,0,0,0,0,0,0,0,0,0,0,0,0,0,0,0,0,0,0,0,0,0,0,0,0,0,0,0,0,0,0,0,0,0,0,0,0,0,0,0,0,0,0,0,0,0,0,0,0,0,0,0,0,0,0,0,0,0,0,0,0,0,0,0,0,0,0,0,0,0,0,0,0,0,0,0,0,0,0,0,0,0,0,0,0,0,0,0,0,0,0,0,0,0,0,0,0,0,0,0,0,0,0,0,0,0,0,0,0,0,0,0,0,0,0,0,0,0,0,0,0,0,0,0,0,0,0,0,0,0,0,0,0,0,0,0,0,0,0,0,0,0,0,0,0,0,0,0,0,0,0,0,0,0,0,0,0,0,0,0,0,0,0,0,0,0,0,0,0,0,0,0,0,0,0,0,0,0,0,0,0,0,0,0,0,0,0,0,0,0,0,0,0,0,0,0,0,0,0,0,0,0,0,0,0,0,0,0,0,0,0,0,0,0,0,0,0,0,0,0,0,0,0,0,0,0,0,0,0,0,0,0,0,0,0,0,0,0,0,0,0,0,0,0,0,0,0,0,0,0,0,0,0,0,0,0,0,0,0,0,0,0,0,0,0,0,A,0
20260615,0,0,0,0,0,0,0,0,0,0,0,0,0,0,0,0,0,0,0,0,0,0,0,0,0,0,0,0,0,0,0,0,0,0,0,0,0,0,0,0,0,0,0,0,0,0,0,0,0,0,0,0,0,0,0,0,0,0,0,0,0,0,0,0,0,0,0,0,0,0,0,0,0,0,0,0,0,0,0,0,0,0,0,0,0,0,0,0,0,0,0,0,0,0,0,0,0,0,0,0,0,0,0,0,0,0,0,0,0,0,0,0,0,0,0,0,0,0,0,0,0,0,0,0,0,0,0,0,0,0,0,0,0,0,0,0,0,0,0,0,0,0,0,0,0,0,0,0,0,0,0,0,0,0,0,0,0,0,0,0,0,0,0,0,0,0,0,0,0,0,0,0,0,0,0,0,0,0,0,0,0,0,0,0,0,0,0,0,0,0,0,0,0,0,0,0,0,0,0,0,0,0,0,0,0,0,0,0,0,0,0,0,0,0,0,0,0,0,0,0,0,0,0,0,0,0,0,0,0,0,0,0,0,0,0,0,0,0,0,0,0,0,0,0,0,0,0,0,0,0,0,0,0,0,0,0,0,0,0,0,0,0,0,0,0,0,0,0,0,0,0,0,0,0,0,0,0,0,0,0,0,0,0,0,0,0,0,0,A,0
20260616,0,0,0,0,0,0,0,0,0,0,0,0,0,0,0,0,0,0,0,0,0,0,0,0,0,0,0,0,0,0,0,0,0,0,0,0,0,0,0,0,0,0,0,0,0,0,0,0,0,0,0,0,0,0,0,0,0,0,0,0,0,0,0,0,0,0,0,0,0,0,0,0,0,0,0,0,0,0,0,0,0,0,0,0,0,0,0,0,0,0,0,0,0,0,0,0,0,0,0,0,0,0,0,0,0,0,0,0,0,0,0,0,0,0,0,0,0,0,0,0,0,0,0,0,0,0,0,0,0,0,0,0,0,0,0,0,0,0,0,0,0,0,0,0,0,0,0,0,0,0,0,0,0,0,0,0,0,0,0,0,0,0,0,0,0,0,0,0,0,0,0,0,0,0,0,0,0,0,0,0,0,0,0,0,0,0,0,0,0,0,0,0,0,0,0,0,0,0,0,0,0,0,0,0,0,0,0,0,0,0,0,0,0,0,0,0,0,0,0,0,0,0,0,0,0,0,0,0,0,0,0,0,0,0,0,0,0,0,0,0,0,0,0,0,0,0,0,0,0,0,0,0,0,0,0,0,0,0,0,0,0,0,0,0,0,0,0,0,0,0,0,0,0,0,0,0,0,0,0,0,0,0,0,0,0,0,0,0,A,0
20260617,0,0,0,0,0,0,0,0,0,0,0,0,0,0,0,0,0,0,0,0,0,0,0,0,0,0,0,0,0,0,0,0,0,0,0,0,0,0,0,0,0,0,0,0,0,0,0,0,0,0,0,0,0,0,0,0,0,0,0,0,0,0,0,0,0,0,0,0,0,0,0,0,0,0,0,0,0,0,0,0,0,0,0,0,0,0,0,0,0,0,0,0,0,0,0,0,0,0,0,0.001,0,0,0,0,0,0,0,0,0,0,0,0,0,0,0,0,0,0,0,0,0,0,0,0,0,0,0,0,0,0,0,0,0,0,0,0,0,0,0,0,0,0,0,0,0,0,0,0,0,0,0,0,0,0,0,0,0,0,0,0,0,0,0,0,0,0,0,0,0,0,0,0,0,0,0,0,0,0,0,0,0,0,0,0,0,0,0,0,0,0,0,0,0,0,0,0,0,0,0,0,0,0,0,0,0,0,0,0,0,0,0,0,0,0,0,0,0,0,0,0,0,0,0,0,0,0,0,0,0,0,0,0,0,0,0,0,0,0,0,0,0,0,0,0,0,0,0,0,0,0,0,0,0,0,0,0,0,0,0,0,0,0,0,0,0,0,0,0,0,0,0,0,0,0,0,0,0,0,0,0,0,0,0,0,0,0,0,0,A,0.001
20260618,0,0,0,0,0,0,0,0,0,0,0,0,0,0,0,0,0,0,0,0,0,0,0,0,0,0,0,0,0,0,0,0,0,0,0,0,0,0,0,0,0,0,0,0,0,0,0,0,0,0,0,0,0,0,0,0,0,0,0,0,0,0,0,0,0,0,0,0,0,0,0,0,0,0,0,0,0,0,0,0,0,0,0,0,0,0,0,0,0,0,0,0,0,0,0,0,0,0,0,0,0,0,0,0,0,0,0,0,0,0,0,0,0,0,0,0,0,0,0,0,0,0,0,0,0,0,0,0,0,0,0,0,0,0,0,0,0,0,0,0,0,0,0,0,0,0,0,0,0,0,0,0,0,0,0,0,0,0,0,0,0,0,0,0,0,0,0,0,0,0,0,0,0,0,0,0,0,0,0,0,0,0,0,0,0,0,0,0,0,0,0,0,0,0,0,0,0,0,0,0,0,0,0,0,0,0,0,0,0,0,0,0,0,0,0,0,0,0,0,0,0,0,0,0,0,0,0,0,0,0,0,0,0,0,0,0,0,0,0,0,0,0,0,0,0,0,0,0,0,0,0,0,0,0,0,0,0,0,0,0,0,0,0,0,0,0,0,0,0,0,0,0,0,0,0,0,0,0,0,0,0,0,0,0,0,0,0,0,A,0
20260619,0,0,0,0,0,0,0,0,0,0,0,0,0,0,0,0,0,0,0,0,0,0,0,0,0,0,0,0,0,0,0,0,0,0,0,0,0,0,0,0,0,0,0,0,0,0,0,0,0,0,0,0,0,0,0,0,0,0,0,0,0,0,0,0,0,0,0,0,0,0,0,0,0,0,0,0,0,0,0,0,0,0,0,0,0,0,0,0,0,0,0,0,0,0,0,0,0,0,0,0,0,0,0,0,0,0,0,0,0,0,0,0,0,0,0,0,0,0,0,0,0,0,0,0,0,0,0,0,0,0,0,0,0,0,0,0,0,0,0,0,0,0,0,0,0,0,0,0,0,0,0,0,0,0,0,0,0,0,0,0,0,0,0,0,0,0,0,0,0,0,0,0,0,0,0,0,0,0,0,0,0,0,0,0,0,0,0,0,0,0,0,0,0,0,0,0,0,0,0,0,0,0,0,0,0,0,0,0,0,0,0,0,0,0,0,0,0,0,0,0,0,0,0,0,0,0,0,0,0,0,0,0,0,0,0,0,0,0,0,0,0,0,0,0,0,0,0,0,0,0,0,0,0,0,0,0,0,0,0,0,0,0,0,0,0,0,0,0,0,0,0,0,0,0,0,0,0,0,0,0,0,0,0,0,0,0,0,0,A,0
20260620,0,0,0,0,0,0,0,0,0,0,0,0,0,0,0,0,0,0,0,0,0,0,0,0,0,0,0,0,0,0,0,0,0,0,0,0,0,0,0,0,0,0,0,0,0,0,0,0,0,0,0,0,0,0,0,0,0,0,0,0,0,0,0,0,0,0,0,0,0,0,0,0,0,0,0,0,0,0,0,0,0,0,0,0,0,0,0,0,0,0,0,0,0,0,0,0,0,0,0,0,0,0,0,0,0,0,0,0,0,0,0,0,0,0,0,0,0,0,0,0,0,0,0,0,0,0,0,0,0,0,0,0,0,0,0,0,0,0,0,0,0,0,0,0,0,0,0,0,0,0,0,0,0,0,0,0,0,0,0,0,0,0,0,0,0,0,0,0,0,0,0,0,0,0,0,0,0,0,0,0,0,0,0,0,0,0,0,0,0,0,0,0,0,0,0,0,0,0,0,0,0,0,0,0,0,0,0,0,0,0,0,0,0,0,0,0,0,0,0,0,0,0,0,0,0,0,0,0,0,0,0,0,0,0,0,0,0,0,0,0,0,0,0,0,0,0,0,0,0,0,0,0,0,0,0,0,0,0,0,0,0,0,0,0,0,0,0,0,0,0,0,0,0,0,0,0,0,0,0,0,0,0,0,0,0,0,0,0,A,0
20260621,0,0,0,0,0,0,0,0,0,0,0,0,0,0,0,0,0,0,0,0,0,0,0,0,0,0,0,0,0,0,0,0,0,0,0,0,0,0,0,0,0,0,0,0,0,0,0,0,0,0,0,0,0,0,0,0,0,0,0,0,0,0,0,0,0,0,0,0,0,0,0,0,0,0,0,0,0,0,0,0,0,0,0,0,0,0,0,0,0,0,0,0,0,0,0,0,0,0,0,0,0,0,0,0,0,0,0,0,0,0,0,0,0,0,0,0,0,0,0,0,0,0,0,0,0,0,0,0,0,0,0,0,0,0,0,0,0,0,0,0,0,0,0,0,0,0,0,0,0,0,0,0,0,0,0,0,0,0,0,0,0,0,0,0,0,0,0,0,0,0,0,0,0,0,0,0,0,0,0,0,0,0,0,0,0,0,0,0,0,0,0,0,0,0,0,0,0,0,0,0,0,0,0,0,0,0,0,0,0,0,0,0,0,0,0,0,0,0,0,0,0,0,0,0,0,0,0,0,0,0,0,0,0,0,0,0,0,0,0,0,0,0,0,0,0,0,0,0,0,0,0,0,0,0,0,0,0,0,0,0,0,0,0,0,0,0,0,0,0,0,0,0,0,0,0,0,0,0,0,0,0,0,0,0,0,0,0,0,A,0
20260622,0,0,0,0,0,0,0,0,0,0,0,0,0,0,0,0,0,0,0,0,0,0,0,0,0,0,0,0,0,0,0,0,0,0,0,0,0,0,0,0,0,0,0,0,0,0,0,0,0,0,0,0,0,0,0,0,0,0,0,0,0,0,0,0,0,0,0,0,0,0,0,0,0,0,0,0,0,0,0,0,0,0,0,0,0,0,0,0,0,0,0,0,0,0,0,0,0,0,0,0,0,0,0,0,0,0,0,0,0,0,0,0,0,0,0,0,0,0,0,0,0,0,0,0,0,0,0,0,0,0,0,0,0,0,0,0,0,0,0,0,0,0,0,0,0,0,0,0,0,0,0,0,0,0,0,0,0,0,0,0,0,0,0,0,0,0,0,0,0,0,0,0,0,0,0,0,0,0,0,0,0,0,0,0,0,0,0,0,0,0,0,0,0,0,0,0,0,0,0,0,0,0,0,0,0,0,0,0,0,0,0,0,0,0,0,0,0,0,0,0,0,0,0,0,0,0,0,0,0,0,0,0,0,0,0,0,0,0,0,0,0,0,0,0,0,0,0,0,0,0,0,0,0,0,0,0,0,0,0,0,0,0,0,0,0,0,0,0,0,0,0,0,0,0,0,0,0,0,0,0,0,0,0,0,0,0,0,0,A,0
20260623,0,0,0,0,0,0,0,0,0,0,0,0,0,0,0,0,0,0,0,0,0,0,0,0,0,0,0,0,0,0,0,0,0,0,0,0,0,0,0,0,0,0,0,0,0,0,0,0,0,0,0,0,0,0,0,0,0,0,0,0,0,0,0,0,0,0,0,0,0,0,0,0,0,0,0,0,0,0,0,0,0,0,0,0,0,0,0,0,0,0,0,0,0,0,0,0,0,0,0,0,0,0,0,0,0,0,0,0,0,0,0,0,0,0,0,0,0,0,0,0,0,0,0,0,0,0,0,0,0,0,0,0,0,0,0,0,0,0,0,0,0,0,0,0,0,0,0,0,0,0,0,0,0,0,0,0,0,0,0,0,0,0,0,0,0,0,0,0,0,0,0,0,0,0,0,0,0,0,0,0,0,0,0,0,0,0,0,0,0,0,0,0,0,0,0,0,0,0,0,0,0,0,0,0,0,0,0,0,0,0,0,0,0,0,0,0,0,0,0,0,0,0,0,0,0,0,0,0,0,0,0,0,0,0,0,0,0,0,0,0,0,0,0,0,0,0,0,0,0,0,0,0,0,0,0,0,0,0,0,0,0,0,0,0,0,0,0,0,0,0,0,0,0,0,0,0,0,0,0,0,0,0,0,0,0,0,0,0,A,0
20260624,0,0,0,0,0,0,0,0,0,0,0,0,0,0,0,0,0,0,0,0,0,0,0,0,0,0,0,0,0,0,0,0,0,0,0,0,0,0,0,0,0,0,0,0,0,0,0,0,0,0,0,0,0,0,0,0,0,0,0,0,0,0,0,0,0,0,0,0,0,0,0,0,0,0,0,0,0,0,0,0,0,0,0,0,0,0,0,0,0,0,0,0,0,0,0,0,0,0,0,0,0,0,0,0,0,0,0,0,0,0,0,0,0,0,0,0,0,0,0,0,0,0,0,0,0,0,0,0,0,0,0,0,0,0,0,0,0,0,0,0,0,0,0,0,0,0,0,0,0,0,0,0,0,0,0,0,0,0,0,0,0,0,0,0,0,0,0,0,0,0,0,0,0,0,0,0,0,0,0,0,0,0,0,0,0,0,0,0,0,0,0,0,0,0,0,0,0,0,0,0,0,0,0,0,0,0,0,0,0,0,0,0,0,0,0,0,0,0,0,0,0,0,0,0,0,0,0,0,0,0,0,0,0,0,0,0,0,0,0,0,0,0,0,0,0,0,0,0,0,0,0,0,0,0,0,0,0,0,0,0,0,0,0,0,0,0,0,0,0,0,0,0,0,0,0,0,0,0,0,0,0,0,0,0,0,0,0,0,A,0
20260625,0,0,0,0,0,0,0,0,0,0,0,0,0,0,0,0,0,0,0,0,0,0,0,0,0,0,0,0,0,0,0,0,0,0,0,0,0,0,0,0,0,0,0,0,0,0,0,0,0,0,0,0,0,0,0,0,0,0,0,0,0,0,0,0,0,0,0,0,0,0,0,0,0,0,0,0,0,0,0,0,0,0,0,0,0,0,0,0,0,0,0,0,0,0,0,0,0,0,0,0,0,0,0,0,0,0,0,0,0,0,0,0,0,0,0,0,0,0,0,0,0,0,0,0,0,0,0,0,0,0,0,0,0,0,0,0,0,0,0,0,0,0,0,0,0,0,0,0,0,0,0,0,0,0,0,0,0,0,0,0,0,0,0,0,0,0,0,0,0,0,0,0,0,0,0,0,0,0,0,0,0,0,0,0,0,0,0,0,0,0,0,0,0,0,0,0,0,0,0,0,0,0,0,0,0,0,0,0,0,0,0,0,0,0,0,0,0,0,0,0,0,0,0,0,0,0,0,0,0,0,0,0,0,0,0,0,0,0,0,0,0,0,0,0,0,0,0,0,0,0,0,0,0,0,0,0,0,0,0,0,0,0,0,0,0,0,0,0,0,0,0,0,0,0,0,0,0,0,0,0,0,0,0,0,0,0,0,0,A,0
20260626,0,0,0,0,0,0,0,0,0,0,0,0,0,0,0,0,0,0,0,0,0,0,0,0,0,0,0,0,0,0,0,0,0,0,0,0,0,0,0,0,0,0,0,0,0,0,0,0,0,0,0,0,0,0,0,0,0,0,0,0,0,0,0,0,0,0,0,0,0,0,0,0,0,0,0,0,0,0,0,0,0,0,0,0,0,0,0,0,0,0,0,0,0,0,0,0,0,0,0,0,0,0,0,0,0,0,0,0,0,0,0,0,0,0,0,0,0,0,0,0,0,0,0,0,0,0,0,0,0,0,0,0,0,0,0,0,0,0,0,0,0,0,0,0,0,0,0,0,0,0,0,0,0,0,0,0,0,0,0,0,0,0,0,0,0,0,0,0,0,0,0,0,0,0,0,0,0,0,0,0,0,0,0,0,0,0,0,0,0,0,0,0,0,0,0,0,0,0,0,0,0,0,0,0,0,0,0,0,0,0,0,0,0,0,0,0,0,0,0,0,0,0,0,0,0,0,0,0,0,0,0,0,0,0,0,0,0,0,0,0,0,0,0,0,0,0,0,0,0,0,0,0,0,0,0,0,0,0,0,0,0,0,0,0,0,0,0,0,0,0,0,0,0,0,0,0,0,0,0,0,0,0,0,0,0,0,0,0,A,0
20260627,0,0,0,0,0,0,0,0,0,0,0,0,0,0,0,0,0,0,0,0,0,0,0,0,0,0,0,0,0,0,0,0,0,0,0,0,0,0,0,0,0,0,0,0,0,0,0,0,0,0,0,0,0,0,0,0,0,0,0,0,0,0,0,0,0,0,0,0,0,0,0,0,0,0,0,0,0,0,0,0,0,0,0,0,0,0,0,0,0,0,0,0,0,0,0,0,0,0,0,0,0,0,0,0,0,0,0,0,0,0,0,0,0,0,0,0,0,0,0,0,0,0,0,0,0,0,0,0,0,0,0,0,0,0,0,0,0,0,0,0,0,0,0,0,0,0,0,0,0,0,0,0,0,0,0,0,0,0,0,0,0,0,0,0,0,0,0,0,0,0,0,0,0,0,0,0,0,0,0,0,0,0,0,0,0,0,0,0,0,0,0,0,0,0,0,0,0,0,0,0,0,0,0,0,0,0,0,0,0,0,0,0,0,0,0,0,0,0,0,0,0,0,0,0,0,0,0,0,0,0,0,0,0,0,0,0,0,0,0,0,0,0,0,0,0,0,0,0,0,0,0,0,0,0,0,0,0,0,0,0,0,0,0,0,0,0,0,0,0,0,0,0,0,0,0,0,0,0,0,0,0,0,0,0,0,0,0,0,A,0
20260628,0,0,0,0,0,0,0,0,0,0,0,0,0,0,0,0,0,0,0,0,0,0,0,0,0,0,0,0,0,0,0,0,0,0,0,0,0,0,0,0,0,0,0,0,0,0,0,0,0,0,0,0,0,0,0,0,0,0,0,0,0,0,0,0,0,0,0,0,0,0,0,0,0,0,0,0,0,0,0,0,0,0,0,0,0,0,0,0,0,0,0,0,0,0,0,0,0,0,0,0,0,0,0,0,0,0,0,0,0,0,0,0,0,0,0,0,0,0,0,0,0,0,0,0,0,0,0,0,0,0,0,0,0,0.001,0,0,0,0,0,0,0,0,0,0,0,0,0,0,0,0,0,0,0,0,0,0,0,0,0,0,0,0,0,0,0,0,0,0,0,0,0,0,0,0,0,0,0,0,0,0,0,0,0,0,0,0,0,0,0,0,0,0,0,0,0,0,0,0,0,0,0,0,0,0,0,0,0,0,0,0,0,0,0,0,0,0,0,0,0,0,0,0,0,0,0,0,0,0,0,0,0,0,0,0,0,0,0,0,0,0,0,0,0,0,0,0,0,0,0,0,0,0,0,0,0,0,0,0,0,0,0,0,0,0,0,0,0,0,0,0,0,0,0,0,0,0,0,0,0,0,0,0,0,0,0,0,0,0,A,0.001
20260629,0,0,0,0,0,0,0,0,0,0,0,0,0,0,0,0,0,0,0,0,0,0,0,0,0,0,0,0,0,0,0,0,0,0,0,0,0,0,0,0,0,0,0,0,0,0,0,0,0,0,0,0,0,0,0,0,0,0,0,0,0,0,0,0,0,0,0,0,0,0,0,0,0,0,0,0,0,0,0,0,0,0,0,0,0,0,0,0,0,0,0,0,0,0,0,0,0,0,0,0,0,0,0,0,0,0,0,0,0,0,0,0,0,0,0,0,0,0,0,0,0,0,0,0,0,0,0,0,0,0,0,0,0,0,0,0,0,0,0,0,0,0,0,0,0,0,0,0,0,0,0,0,0,0,0,0,0,0,0,0,0,0,0,0,0,0,0,0,0,0,0,0,0,0,0,0,0,0,0,0,0,0,0,0,0,0,0,0,0,0,0,0,0,0,0,0,0,0,0,0,0,0,0,0,0,0,0,0,0,0,0,0,0,0,0,0,0,0,0,0,0,0,0,0,0,0,0,0,0,0,0,0,0,0,0,0,0,0,0,0,0,0,0,0,0,0,0,0,0,0,0,0,0,0,0,0,0,0,0,0,0,0,0,0,0,0,0,0,0,0,0,0,0,0,0,0,0,0,0,0,0,0,0,0,0,0,0,0,A,0
20260630,0,0,0,0,0,0,0,0,0,0,0,0,0,0,0,0,0,0,0,0,0,0,0,0,0,0,0,0,0,0,0,0,0,0,0,0,0,0,0,0,0,0,0,0,0,0,0,0,0,0,0,0,0,0,0,0,0,0,0,0,0,0,0,0,0,0,0,0,0,0,0,0,0,0,0,0,0,0,0,0,0,0,0,0,0,0,0,0,0,0,0,0,0,0,0,0,0,0,0,0,0,0,0,0,0,0,0,0,0,0,0,0,0,0,0,0,0,0,0,0,0,0,0,0,0,0,0,0,0,0,0,0,0,0,0,0,0,0,0,0,0,0,0,0,0,0,0,0,0,0,0,0,0,0,0,0,0,0,0,0,0,0,0,0,0,0,0,0,0,0,0,0,0,0,0,0,0,0,0,0,0,0,0,0,0,0,0,0,0,0,0,0,0,0,0,0,0,0,0,0,0,0,0,0,0,0,0,0,0,0,0,0,0,0,0,0,0,0,0,0,0,0,0,0,0,0,0,0,0,0,0,0,0,0,0,0,0,0,0,0,0,0,0,0,0,0,0,0,0,0,0,0,0,0,0,0,0,0,0,0,0,0,0,0,0,0,0,0,0,0,0,0,0,0,0,0,0,0,0,0,0,0,0,0,0,0,0,0,A,0
20260701,0,0,0,0,0,0,0,0,0,0,0,0,0,0,0,0,0,0,0,0,0,0,0,0,0,0,0,0,0,0,0,0,0,0,0,0,0,0,0,0,0,0,0,0,0,0,0,0,0,0,0,0,0,0,0,0,0,0,0,0,0,0,0,0,0,0,0,0,0,0,0,0,0,0,0,0,0,0,0,0,0,0,0,0,0,0,0,0,0,0,0,0,0,0,0,0,0,0,0,0,0,0,0,0,0,0,0,0,0,0,0,0,0,0,0,0,0,0,0,0,0,0,0,0,0,0,0,0,0,0,0,0,0,0,0,0,0,0,0,0,0,0,0,0,0,0,0,0,0,0,0,0,0,0,0,0,0,0,0,0,0,0,0,0,0,0,0,0,0,0,0,0,0,0,0,0,0,0,0,0,0,0,0,0,0,0,0,0,0,0,0,0,0,0,0,0,0,0,0,0,0,0,0,0,0,0,0,0,0,0,0,0,0,0,0,0,0,0,0,0,0,0,0,0,0,0,0,0,0,0,0,0,0,0,0,0,0,0,0,0,0,0,0,0,0,0,0,0,0,0,0,0,0,0,0,0,0,0,0,0,0,0,0,0,0,0,0,0,0,0,0,0,0,0,0,0,0,0,0,0,0,0,0,0,0,0,0,0,A,0
20260702,0,0,0,0,0,0,0,0,0,0,0,0,0,0,0,0,0,0,0,0,0,0,0,0,0,0,0,0,0,0,0,0,0,0,0,0,0,0,0,0,0,0,0,0,0,0,0,0,0,0,0,0,0,0,0,0,0,0,0,0,0,0,0,0,0,0,0,0,0,0,0,0,0,0,0,0,0,0,0,0,0,0,0,0,0,0,0,0,0,0,0,0,0,0,0,0,0,0,0,0,0,0,0,0,0,0,0,0,0,0,0,0,0,0,0,0,0,0,0,0,0,0,0,0,0,0,0,0,0,0,0,0,0,0,0,0,0,0,0,0,0,0,0,0,0,0,0,0,0,0,0,0,0,0,0,0,0,0,0,0,0,0,0,0,0,0,0,0,0,0,0,0,0,0,0,0,0,0,0,0,0,0,0,0,0,0,0,0,0,0,0,0,0,0,0,0,0,0,0,0,0,0,0,0,0,0,0,0,0,0,0,0,0,0,0,0,0,0,0,0,0,0,0,0,0,0,0,0,0,0,0,0,0,0,0,0,0,0,0,0,0,0,0,0,0,0,0,0,0,0,0,0,0,0,0,0,0,0,0,0,0,0,0,0,0,0,0,0,0,0,0,0,0,0,0,0,0,0,0,0,0,0,0,0,0,0,0,0,A,0
20260703,0,0,0,0,0,0,0,0,0,0,0,0,0,0,0,0,0,0,0,0,0,0,0,0,0,0,0,0,0,0,0,0,0,0,0,0,0,0,0,0,0,0,0,0,0,0,0,0,0,0,0,0,0,0,0,0,0,0,0,0,0,0,0,0,0,0,0,0,0,0,0,0,0,0,0,0,0,0,0,0,0,0,0,0,0,0,0,0,0,0,0,0,0,0,0,0,0,0,0,0,0,0,0,0,0,0,0,0,0,0,0,0,0,0,0,0,0,0,0,0,0,0,0,0,0,0,0,0,0,0,0,0,0,0,0,0,0,0,0,0,0,0,0,0,0,0,0,0,0,0,0,0,0,0,0,0,0,0,0,0,0,0,0,0,0,0,0,0,0,0,0,0,0,0,0,0,0,0,0,0,0,0,0,0,0,0,0,0,0,0,0,0,0,0,0,0,0,0,0,0,0,0,0,0,0,0,0,0,0,0,0,0,0,0,0,0,0,0,0,0,0,0,0,0,0,0,0,0,0,0,0,0,0,0,0,0,0,0,0,0,0,0,0,0,0,0,0,0,0,0,0,0,0,0,0,0,0,0,0,0,0,0,0,0,0,0,0,0,0,0,0,0,0,0,0,0,0,0,0,0,0,0,0,0,0,0,0,0,A,0
20260704,0,0,0,0,0,0,0,0,0,0,0,0,0,0,0,0,0,0,0,0,0,0,0,0,0,0,0,0,0,0,0,0,0,0,0,0,0,0,0,0,0,0,0,0,0,0,0,0,0,0,0,0,0,0,0,0,0,0,0,0,0,0,0,0,0,0,0,0,0,0,0,0,0,0,0,0,0,0,0,0,0,0,0,0,0,0,0,0,0,0,0,0,0,0,0,0,0,0,0,0,0,0,0,0,0,0,0,0,0,0,0,0,0,0,0,0,0,0,0,0,0,0,0,0,0,0,0,0,0,0,0,0,0,0,0,0,0,0,0,0,0,0,0,0,0,0,0,0,0,0,0,0,0,0,0,0,0,0,0,0,0,0,0,0,0,0,0,0,0,0,0,0,0,0,0,0,0,0,0,0,0,0,0,0,0,0,0,0,0,0,0,0,0,0,0,0,0,0,0,0,0,0,0,0,0,0,0,0,0,0,0,0,0,0,0,0,0,0,0,0,0,0,0,0,0,0,0,0,0,0,0,0,0,0,0,0,0,0,0,0,0,0,0,0,0,0,0,0,0,0,0,0,0,0,0,0,0,0,0,0,0,0,0,0,0,0,0,0,0,0,0,0,0,0,0,0,0,0,0,0,0,0,0,0,0,0,0,0,A,0
20260705,0,0,0,0,0,0,0,0,0,0,0,0,0,0,0,0,0,0,0,0,0,0,0,0,0,0,0,0,0,0,0,0,0,0,0,0,0,0,0,0,0,0,0,0,0,0,0,0,0,0,0,0,0,0,0,0,0,0,0,0,0,0,0,0,0,0,0,0,0,0,0,0,0,0,0,0,0,0,0,0,0,0,0,0,0,0,0,0,0,0,0,0,0,0,0,0,0,0,0,0,0,0,0,0,0,0,0,0,0,0,0,0,0,0,0,0,0,0,0,0,0,0,0,0,0,0,0,0,0,0,0,0,0,0,0,0,0,0,0,0,0,0,0,0,0,0,0,0,0,0,0,0,0,0,0,0,0,0,0,0,0,0,0,0,0,0,0,0,0,0,0,0,0,0,0,0,0,0,0,0,0,0,0,0,0,0,0,0,0,0,0,0,0,0,0,0,0,0,0,0,0,0,0,0,0,0,0,0,0,0,0,0,0,0,0,0,0,0,0,0,0,0,0,0,0,0,0,0,0,0,0,0,0,0,0,0,0,0,0,0,0,0,0,0,0,0,0,0,0,0,0,0,0,0,0,0,0,0,0,0,0,0,0,0,0,0,0,0,0,0,0,0,0,0,0,0,0,0,0,0,0,0,0,0,0,0,0,0,A,0
20260706,0,0,0,0,0,0,0,0,0,0,0,0,0,0,0,0,0,0,0,0,0,0,0,0,0,0,0,0,0,0,0,0,0,0,0,0,0,0,0,0,0,0,0,0,0,0,0,0,0,0,0,0,0,0,0,0,0,0,0,0,0,0,0,0,0,0,0,0,0,0,0,0,0,0,0,0,0,0,0,0,0,0,0,0,0,0,0,0,0,0,0,0,0,0,0,0,0,0,0,0,0,0,0,0,0,0,0,0,0,0,0,0,0,0,0,0,0,0,0,0,0,0,0,0,0,0,0,0,0,0,0,0,0,0,0,0,0,0,0,0,0,0,0,0,0,0,0,0,0,0,0,0,0,0,0,0,0,0,0,0,0,0,0,0,0,0,0,0,0,0,0,0,0,0,0,0,0,0,0,0,0,0,0,0,0,0,0,0,0,0,0,0,0,0,0,0,0,0,0,0,0,0,0,0,0,0,0,0,0,0,0,0,0,0,0,0,0,0,0,0,0,0,0,0,0,0,0,0,0,0,0,0,0,0,0,0,0,0,0,0,0,0,0,0,0,0,0,0,0,0,0,0,0,0,0,0,0,0,0,0,0,0,0,0,0,0,0,0,0,0,0,0,0,0,0,0,0,0,0,0,0,0,0,0,0,0,0,0,A,0
20260707,0,0,0,0,0,0,0,0,0,0,0,0,0,0,0,0,0,0,0,0,0,0,0,0,0,0,0,0,0,0,0,0,0,0,0,0,0,0,0,0,0,0,0,0,0,0,0,0,0,0,0,0,0,0,0,0,0,0,0,0,0,0,0,0,0,0,0,0,0,0,0,0,0,0,0,0,0,0,0,0,0,0,0,0,0,0,0,0,0,0,0,0,0,0,0,0,0,0,0,0,0,0,0,0,0,0,0,0,0,0,0,0,0,0,0,0,0,0,0,0,0,0,0,0,0,0,0,0,0,0,0,0,0,0,0,0,0,0,0,0,0,0,0,0,0,0,0,0,0,0,0,0,0,0,0,0,0,0,0,0,0,0,0,0,0,0,0,0,0,0,0,0,0,0,0,0,0,0,0,0,0,0,0,0,0,0,0,0,0,0,0,0,0,0,0,0,0,0,0,0,0,0,0,0,0,0,0,0,0,0,0,0,0,0,0,0,0,0,0,0,0,0,0,0,0,0,0,0,0,0,0,0,0,0,0,0,0,0,0,0,0,0,0,0,0,0,0,0,0,0,0,0,0,0,0,0,0,0,0,0,0,0,0,0,0,0,0,0,0,0,0,0,0,0,0,0,0,0,0,0,0,0,0,0,0,0,0,0,A,0
20260708,0,0,0,0,0,0,0,0,0,0,0,0,0,0,0,0,0,0,0,0,0,0,0,0,0,0,0,0,0,0,0,0,0,0,0,0,0,0,0,0,0,0,0,0,0,0,0,0,0,0,0,0,0,0,0,0,0,0,0,0,0,0,0,0,0,0,0,0,0,0,0,0,0,0,0,0,0,0,0,0,0,0,0,0,0,0,0,0,0,0,0,0,0,0,0,0,0,0,0,0,0,0,0,0,0,0,0,0,0,0,0,0,0,0,0,0,0,0,0,0,0,0,0,0,0,0,0,0,0,0,0,0,0,0,0,0,0,0,0,0,0,0,0,0,0,0,0,0,0,0,0,0,0,0,0,0,0,0,0,0,0,0,0,0,0,0,0,0,0,0,0,0,0,0,0,0,0,0,0,0,0,0,0,0,0,0,0,0,0,0,0,0,0,0,0,0,0,0,0,0,0,0,0,0,0,0,0,0,0,0,0,0,0,0,0,0,0,0,0,0,0,0,0,0,0,0,0,0,0,0,0,0,0,0,0,0,0,0,0,0,0,0,0,0,0,0,0,0,0,0,0,0,0,0,0,0,0,0,0,0,0,0,0,0,0,0,0,0,0,0,0,0,0,0,0,0,0,0,0,0,0,0,0,0,0,0,0,0,A,0
20260709,0,0,0,0,0,0,0,0,0,0,0,0,0,0,0,0,0,0,0,0,0,0,0,0,0,0,0,0,0,0,0,0,0,0,0,0,0,0,0,0,0,0,0,0,0,0,0,0,0,0,0,0,0,0,0,0,0,0,0,0,0,0,0,0,0,0,0,0,0,0,0,0,0,0,0,0,0,0,0,0,0,0,0,0,0,0,0,0,0,0,0,0,0,0,0,0,0,0,0,0,0,0,0,0,0,0,0,0,0,0,0,0,0,0,0,0,0,0,0,0,0,0,0,0,0,0,0,0,0,0,0,0,0,0,0,0,0,0,0,0,0,0,0,0,0,0,0,0,0,0,0,0,0,0,0,0,0,0,0,0,0,0,0,0,0,0,0,0,0,0,0,0,0,0,0,0,0,0,0,0,0,0,0,0,0,0,0,0,0,0,0,0,0,0,0,0,0,0,0,0,0,0,0,0,0,0,0,0,0,0,0,0,0,0,0,0,0,0,0,0,0,0,0,0,0,0,0,0,0,0,0,0,0,0,0,0,0,0,0,0,0,0,0,0,0,0,0,0,0,0,0,0,0,0,0,0,0,0,0,0,0,0,0,0,0,0,0,0,0,0,0,0,0,0,0,0,0,0,0,0,0,0,0,0,0,0,0,0,A,0
20260710,0,0,0,0,0,0,0,0,0,0,0,0,0,0,0,0,0,0,0,0,0,0,0,0,0,0,0,0,0,0,0,0,0,0,0,0,0,0,0,0,0,0,0,0,0,0,0,0,0,0,0,0,0,0,0,0,0,0,0,0,0,0,0,0,0,0,0,0,0,0,0,0,0,0,0,0,0,0,0,0,0,0,0,0,0,0,0,0,0,0,0,0,0,0,0,0,0,0,0,0,0,0,0,0,0,0,0,0,0,0,0,0,0,0,0,0,0,0,0,0,0,0,0,0,0,0,0,0,0,0,0,0,0,0,0,0,0,0,0,0,0,0,0,0,0,0,0,0,0,0,0,0,0,0,0,0,0,0,0,0,0,0,0,0,0,0,0,0,0,0,0,0,0,0,0,0,0,0,0,0,0,0,0,0,0,0,0,0,0,0,0,0,0,0,0,0,0,0,0,0,0,0,0,0,0,0,0,0,0,0,0,0,0,0,0,0,0,0,0,0,0,0,0,0,0,0,0,0,0,0,0,0,0,0,0,0,0,0,0,0,0,0,0,0,0,0,0,0,0,0,0,0,0,0,0,0,0,0,0,0,0,0,0,0,0,0,0,0,0,0,0,0,0,0,0,0,0,0,0,0,0,0,0,0,0,0,0,0,A,0
20260711,0,0,0,0,0,0,0,0,0,0,0,0,0,0,0,0,0,0,0,0,0,0,0,0,0,0,0,0,0,0,0,0,0,0,0,0,0,0,0,0,0,0,0,0,0,0,0,0,0,0,0,0,0,0,0,0,0,0,0,0,0,0,0,0,0,0,0,0,0,0,0,0,0,0,0,0,0,0,0,0,0,0,0,0,0,0,0,0,0,0,0,0,0,0,0,0,0,0,0,0,0,0,0,0,0,0,0,0,0,0,0,0,0,0,0,0,0,0,0,0,0,0,0,0,0,0,0,0,0,0,0,0,0,0,0,0,0,0,0,0,0,0,0,0,0,0,0,0,0,0,0,0,0,0,0,0,0,0,0,0,0,0,0,0,0,0,0,0,0,0,0,0,0,0,0,0,0,0,0,0,0,0,0,0,0,0,0,0,0,0,0,0,0,0,0,0,0,0,0,0,0,0,0,0,0,0,0,0,0,0,0,0,0,0,0,0,0,0,0,0,0,0,0,0,0,0,0,0,0,0,0,0,0,0,0,0,0,0,0,0,0,0,0,0,0,0,0,0,0,0,0,0,0,0,0,0,0,0,0,0,0,0,0,0,0,0,0,0,0,0,0,0,0,0,0,0,0,0,0,0,0,0,0,0,0,0,0,0,A,0
20260712,0,0,0,0,0,0,0,0,0,0,0,0,0,0,0,0,0,0,0,0,0,0,0,0,0,0,0,0,0,0,0,0,0,0,0,0,0,0,0,0,0,0,0,0,0,0,0,0,0,0,0,0,0,0,0,0,0,0,0,0,0,0,0,0,0,0,0,0,0,0,0,0,0,0,0,0,0,0,0,0,0,0,0,0,0,0,0,0,0,0,0,0,0,0,0,0,0,0,0,0,0,0,0,0,0,0,0,0,0,0,0,0,0,0,0,0,0,0,0,0,0,0,0,0,0,0,0,0,0,0,0,0,0,0,0,0,0,0,0,0,0,0,0,0,0,0,0,0,0,0,0,0,0,0,0,0,0,0,0,0,0,0,0,0,0,0,0,0,0,0,0,0,0,0,0,0,0,0,0,0,0,0,0,0,0,0,0,0,0,0,0,0,0,0,0,0,0,0,0,0,0,0,0,0,0,0,0,0,0,0,0,0,0,0,0,0,0,0,0,0,0,0,0,0,0,0,0,0,0,0,0,0,0,0,0,0,0,0,0,0,0,0,0,0,0,0,0,0,0,0,0,0,0,0,0,0,0,0,0,0,0,0,0,0,0,0,0,0,0,0,0,0,0,0,0,0,0,0,0,0,0,0,0,0,0,0,0,0,A,0
20260713,0,0,0,0,0,0,0,0,0,0,0,0,0,0,0,0,0,0,0,0,0,0,0,0,0,0,0,0,0,0,0,0,0,0,0,0,0,0,0,0,0,0,0,0,0,0,0,0,0,0,0,0,0,0,0,0,0,0,0,0,0,0,0,0,0,0,0,0,0,0,0,0,0,0,0,0,0,0,0,0,0,0,0,0,0,0,0,0,0,0,0,0,0,0,0,0,0,0,0,0,0,0,0,0,0,0,0,0,0,0,0,0,0,0,0,0,0,0,0,0,0,0,0,0,0,0,0,0,0,0,0,0,0,0,0,0,0,0,0,0,0,0,0,0,0,0,0,0,0,0,0,0,0,0,0,0,0,0,0,0,0,0,0,0,0,0,0,0,0,0,0,0,0,0,0,0,0,0,0,0,0,0,0,0,0,0,0,0,0,0,0,0,0,0,0,0,0,0,0,0,0,0,0,0,0,0,0,0,0,0,0,0,0,0,0,0,0,0,0,0,0,0,0,0,0,0,0,0,0,0,0,0,0,0,0,0,0,0,0,0,0,0,0,0,0,0,0,0,0,0,0,0,0,0,0,0,0,0,0,0,0,0,0,0,0,0,0,0,0,0,0,0,0,0,0,0,0,0,0,0,0,0,0,0,0,0,0,0,A,0
20260714,0,0,0,0,0,0,0,0,0,0,0,0,0,0,0,0,0,0,0,0,0,0,0,0,0,0,0,0,0,0,0,0,0,0,0,0,0,0,0,0,0,0,0,0,0,0,0,0,0,0,0,0,0,0,0,0,0,0,0,0,0,0,0,0,0,0,0,0,0,0,0,0,0,0,0,0,0,0,0,0,0,0,0,0,0,0,0,0,0,0,0,0,0,0,0,0,0,0,0,0,0,0,0,0,0,0,0,0,0,0,0,0,0,0,0,0,0,0,0,0,0,0,0,0,0,0,0,0,0,0,0,0,0,0,0,0,0,0,0,0,0,0,0,0,0,0,0,0,0,0,0,0,0,0,0,0,0,0,0,0,0,0,0,0,0,0,0,0,0,0,0,0,0,0,0,0,0,0,0,0,0,0,0,0,0,0,0,0,0,0,0,0,0,0,0,0,0,0,0,0,0,0,0,0,0,0,0,0,0,0,0,0,0,0,0,0,0,0,0,0,0,0,0,0,0,0,0,0,0,0,0,0,0,0,0.001,0,0,0,0,0,0,0,0,0,0,0,0,0,0,0,0,0,0,0,0,0,0,0,0,0,0,0,0,0,0,0,0,0,0,0,0,0,0,0,0,0,0,0,0,0,0,0,0,0,0,0,0,0,A,0.001
20260715,0,0,0,0,0,0,0,0,0,0,0,0,0,0,0,0,0,0,0,0,0,0,0,0,0,0,0,0,0,0,0,0,0,0,0,0,0,0,0,0,0,0,0,0,0,0,0,0,0,0,0,0,0,0,0,0,0,0,0,0,0,0,0,0,0,0,0,0,0,0,0,0,0,0,0,0,0,0,0,0,0,0,0,0,0,0,0,0,0,0,0,0,0,0,0,0,0,0,0,0,0,0,0,0,0,0,0,0,0,0,0,0,0,0,0.002,0,0,0.001,0,0,0,0,0,0,0,0,0,0,0,0,0,0,0,0,0,0,0,0,0,0,0,0.002,0.001,0,0,0,0,0,0,0,0,0,0,0,0,0,0,0,0,0,0,0,0,0,0,0,0,0,0,0,0,0,0,0,0,0,0,0,0,0,0,0,0,0,0,0,0,0,0,0,0,0,0,0,0,0,0,0,0,0,0,0,0,0,0,0,0,0,0,0,0,0,0,0,0,0,0,0,0,0,0,0,0,0,0,0,0,0,0,0,0,0,0,0,0,0,0,0,0,0,0,0,0,0,0,0,0,0,0,0,0,0,0,0,0,0,0,0,0,0,0,0,0,0,0,0,0,0,0,0,0,0,0,0,0,0,0,0,0,0,0,0,0,0,0,0,0,0,A,0.006
20260716,0,0,0,0,0,0,0,0,0,0,0,0,0,0,0,0,0,0,0,0,0,0,0,0,0,0,0,0,0,0,0,0,0,0,0,0,0,0,0,0,0,0,0,0,0,0,0,0,0,0,0,0,0,0,0,0,0,0,0,0,0,0,0,0,0,0,0,0,0,0,0,0,0,0,0,0,0,0,0,0,0,0,0,0,0,0,0,0,0,0,0,0,0,0,0,0,0,0,0,0,0,0,0,0,0,0,0,0,0,0,0,0,0,0,0,0,0,0,0,0,0,0,0,0,0,0,0,0,0,0,0,0,0,0,0,0,0,0,0,0,0,0,0,0,0,0,0,0,0,0,0,0,0,0,0,0,0,0,0,0,0,0,0,0,0,0,0,0,0,0,0,0,0,0,0,0,0,0,0,0,0,0,0,0,0,0,0,0,0,0,0,0,0,0,0,0,0,0,0,0,0,0,0,0,0,0,0,0,0,0,0,0,0,0,0,0,0,0,0,0,0,0,0,0,0,0,0,0,0,0,0,0,0,0,0,0,0,0,0,0,0,0,0,0,0,0,0,0,0,0,0,0,0,0,0,0,0,0,0,0,0,0,0,0,0,0,0,0,0,0,0,0,0,0,0,0,0,0,0,0,0,0,0,0,0,0,0,0,A,0
Total for Period,,,,,,,,,,,,,,,,,,,,,,,,,,,,,,,,,,,,,,,,,,,,,,,,,,,,,,,,,,,,,,,,,,,,,,,,,,,,,,,,,,,,,,,,,,,,,,,,,,,,,,,,,,,,,,,,,,,,,,,,,,,,,,,,,,,,,,,,,,,,,,,,,,,,,,,,,,,,,,,,,,,,,,,,,,,,,,,,,,,,,,,,,,,,,,,,,,,,,,,,,,,,,,,,,,,,,,,,,,,,,,,,,,,,,,,,,,,,,,,,,,,,,,,,,,,,,,,,,,,,,,,,,,,,,,,,,,,,,,,,,,,,,,,,,,0.013
